make_slug,model_slug,style_name,years
acura,adx,ADX 4DR SUV,2025-2027
acura,cl,2.2 CL 2DR COUPE,1997
acura,cl,2.3 CL 2DR COUPE,1998-1999
acura,cl,3.0 CL 2DR COUPE,1997-1999
acura,cl,3.2 CL 2DR COUPE,2001-2003
acura,cl,3.2 CL 2DR COUPE TYPE S,2001-2003
acura,ilx,ILX 4DR SEDAN,2016-2022
acura,ilx,ILX 4DR SEDAN/HYBRID,2013-2015
acura,integra,INTEGRA 2 DR HATCHBACK,1987
acura,integra,INTEGRA 2DR COUPE GS/GS-R,1998-2001
acura,integra,INTEGRA 2DR COUPE RS,1998
acura,integra,INTEGRA 2DR COUPE RS/AE/LS/GS/GS-R,1997
acura,integra,INTEGRA 2DR COUPE RS/LS/GS-R,1994-1996
acura,integra,INTEGRA 2DR COUPE SE,1999-2001
acura,integra,INTEGRA 2DR COUPE TYPE R,1998-2001
acura,integra,INTEGRA 4 DR HATCHBACK,1987
acura,integra,INTEGRA 4DR SEDAN RS/LS,1994-1996
acura,integra,INTEGRA 5DR SEDAN,2023-2026
acura,integra,INTEGRA RS/LS 2 DR HATCHBACK,1988
acura,integra,INTEGRA RS/LS 4 DR HATCHBACK,1988
acura,integra,INTEGRA RS/LS 4 DR SEDAN,1988
acura,integra,INTEGRA RS/LS 4DR SEDAN,1989
acura,integra,INTEGRA RS/LS/GS 2DR HATCHBACK,1990-1993
acura,integra,INTEGRA RS/LS/GS 4DR SEDAN,1990-1993
acura,integra,INTEGRA RS/LS/LS SPECIAL,1989
acura,integra,INTEGRA TYPE S 5DR SEDAN,2024-2026
acura,legend,LEGEND 4 DR SEDAN,1987
acura,legend,LEGEND BASE/L 4 DR SEDAN,1988-1989
acura,legend,LEGEND BASE/L COUPE,1988-1989
acura,legend,LEGEND BASE/L/LS 2DR COUPE,1990-1994
acura,legend,LEGEND BASE/L/LS 4DR SEDAN,1990-1994
acura,legend,LEGEND L/LS 4DR SEDAN,1995
acura,legend,LEGEND LS 2DR COUPE,1995
acura,mdx,MDX,2001-2006
acura,mdx,MDX 4DR SUV AWD,2016-2026
acura,mdx,MDX 4DR SUV AWD /TECH/ELITE,2008-2012
acura,mdx,MDX 4DR SUV AWD /TECHNOLOGY/ELITE,2007
acura,mdx,MDX 4DR SUV AWD/TECH/ELITE,2013-2015
acura,mdx,MDX TYPE S 4DR SUV AWD,2022-2026
acura,nsx,NSX,"1991-1995,2003-2004,2016-2022"
acura,nsx,NSX 2DR COUPE,2023
acura,nsx,NSX 2DR TARGA RWD,2005
acura,nsx,NSX-T,1996-2001
acura,rdx,RDX 4DR SUV,2019-2021
acura,rdx,RDX 4DR SUV AWD,2016-2018
acura,rdx,RDX 4DR SUV AWD /TECH PACKAGE,2008-2012
acura,rdx,RDX 4DR SUV AWD /TECHNOLOGY,2007
acura,rdx,RDX 4DR SUV AWD/TECH PACKAGE,2013-2015
acura,rdx,RDX A-SPEC 4DR SUV,2022-2026
acura,rdx,RDX BASE/TECH 4DR SUV,2022-2026
acura,rl,3.5 RL 4DR SEDAN,1997-2004
acura,rl,RL 4DR SEDAN AWD,2005-2006
acura,rl,RL 4DR SEDAN AWD /ELITE,2007-2012
acura,rlx,RLX 4DR SEDAN,"2014-2015,2020-2021"
acura,rlx,RLX 4DR SEDAN - SPORT HYBRID,2014-2015
acura,rlx,RLX 4DR SEDAN AWD HYBRID,2016-2018
acura,rsx,RSX 2DR COUPE FWD,2002-2006
acura,rsx,RSX 2DR COUPE FWD /PREMIUM,2005-2006
acura,rsx,RSX 2DR COUPE FWD /TYPE S,2005-2006
acura,rsx,RSX 2DR COUPE FWD PREMIUM,2002-2004
acura,rsx,RSX 2DR COUPE FWD TYPE S,2002-2004
acura,tl,2.5 TL 4DR SEDAN,1996-1998
acura,tl,3.2 TL 4DR SEDAN,1996-2003
acura,tl,3.2 TL 4DR SEDAN TYPE S,2002-2003
acura,tl,TL /NAV PACKAGE/TYPE-S,2008
acura,tl,TL /TYPE-S,2007
acura,tl,TL 4 DR SEDAN FWD/TECH,2012-2014
acura,tl,TL 4 DR SEDAN FWD/TECHNOLOGY,2010-2011
acura,tl,TL 4 DR SEDAN NAV/TYPE-S,2009
acura,tl,TL 4 DR SEDAN SH-AWD/SH-AWD TECH/SH-AWD ELITE,2012-2014
acura,tl,TL 4 DR SEDAN SH-AWD/SH-AWD TECHNOLOGY,2010-2011
acura,tl,TL 4DR SEDAN FWD /DYNAMIC PACK,2004-2006
acura,tl,TL 4DR SEDAN FWD /NAVI PACK,2004-2006
acura,tlx,TLX 4DR SEDAN,2024-2026
acura,tlx,TLX 4DR SEDAN AWD,2021-2023
acura,tlx,TLX 4DR SEDAN FWD,2016-2023
acura,tlx,TLX 4DR SEDAN SH-AWD,2016-2020
acura,tlx,TLX 4DR SEDAN V6 SH-AWD/Tech/Elite,2015
acura,tlx,TLX 4DR SEDAN V6/Tech/Elite,2015
acura,tlx,TLX 4DR SEDAN/Tech,2015
acura,tlx,TLX TYPE S 4DR SEDAN,2024-2026
acura,tsx,TSX 4DR SEDAN FWD,2004-2007
acura,tsx,TSX 4DR SEDAN FWD /NAV PACKAGE/TYPE-S,2008
acura,tsx,TSX 4DR SEDAN FWD TECH PACKAGE/PREMIUM,2009-2014
acura,tsx,TSX 4DR SEDAN FWD V6,2011
acura,tsx,TSX 4DR SEDAN FWD V6 TECH,2012-2014
acura,vigor,VIGOR LS/GS 4DR SEDAN,1992-1994
acura,zdx,ZDX 4DR SUV A-SPEC AWD,2024-2025
acura,zdx,ZDX 4DR SUV A-SPEC RWD,2024-2025
acura,zdx,ZDX 4DR SUV AWD / TECH ELITE,2010-2012
acura,zdx,ZDX 4DR SUV AWD/TECH ELITE,2013
acura,zdx,ZDX 4DR SUV TYPE S AWD,2024-2025
alfa_romeo,164,164 4DR SEDAN LS,1994-1995
alfa_romeo,164,164 SEDAN,1990-1993
alfa_romeo,4c,4C 2DR COUPE,2014-2019
alfa_romeo,4c,4C 2DR SPIDER,2015-2021
alfa_romeo,gtv6,GTV-6-2.5,1982-1984
alfa_romeo,gtv6,GTV62.5,1985-1986
alfa_romeo,milano,MILANO GOLD 4 DR SEDAN,1987
alfa_romeo,milano,MILANO GOLD/PLATINUM/VERDE 4 DR SEDAN,1988
alfa_romeo,milano,MILANO GOLD/VERDE 4 DR SEDAN,1989
alfa_romeo,milano,MILANO PLATINUM 4 DR SEDAN,1987
alfa_romeo,milano,MILANO SILVER 4 DR SEDAN,1987
alfa_romeo,spider,2000 SPIDER,1982-1983
alfa_romeo,spider,GRADUATE/SPIDER VELOCE/QUADRIFOGLIO,1988-1989
alfa_romeo,spider,SPIDER /SPIDER VELOCE,1991-1994
alfa_romeo,spider,SPIDER GRADUATE/VELOCE/QUADIFOGLIO,1990
alfa_romeo,spider,SPIDER VELOCE,"1981,1985-1987"
alfa_romeo,stelvio,STELVIO BASE/Ti,2018-2026
alfa_romeo,stelvio,STELVIO QUADRIFOGLIO,2018-2026
alfa_romeo,tonale,TONALE 4DR SUV,2023-2026
alfa_romeo,tonale,TONALE PHEV 4DR SUV,2026
aston_martin,db11,DB11,2017-2022
aston_martin,db11,DB11 2DR COUPE,2023
aston_martin,db12,DB12 2DR COUPE,2024-2026
aston_martin,db12,DB12 VOLANTE 2DR CONVERTIBLE,2024-2026
aston_martin,db7,DB7,1996
aston_martin,db7,DB7 2DR COUPE,1997-2003
aston_martin,db7,DB7 2DR VOLANTE (CONVERTIBLE),1997-2003
aston_martin,db7,DB7 VANTAGE 2DR COUPE,2000-2002
aston_martin,db7,DB7 VANTAGE 2DR COUPE/GT,2003
aston_martin,db7,DB7 VANTAGE 2DR VOLANTE (CONVERTIBLE),2000-2003
aston_martin,db9,DB9 2DR COUPE RWD,2004-2016
aston_martin,db9,DB9 VOLANTE 2DR CONV RWD,2005-2016
aston_martin,dbs,DBS 2DR COUOPE RWD,2008-2009
aston_martin,dbs,DBS 2DR COUPE,2024
aston_martin,dbs,DBS 2DR COUPE RWD,2010-2012
aston_martin,dbs,DBS SUPPERLEGGERA,2019-2023
aston_martin,dbs,DBS VOLANTE 2DR CONV RWD,2010-2012
aston_martin,dbs,DBS VOLANTE 2DR CONVERTIBLE,2024
aston_martin,dbx,DBX 4DR SUV,2020-2026
aston_martin,lagonda,LAGONDA,1981-1982
aston_martin,rapide,RAPIDE 4DR SEDAN RWD,"2011-2014,2020"
aston_martin,rapide,RAPIDE S 4DR SEDAN RWD,2015-2019
aston_martin,v8,V8 COUPE,1981-1982
aston_martin,v8_vantage,V8 VANTAGE 2DR COUPE RWD,2006-2010
aston_martin,v8_vantage,V8 VANTAGE ROADSTER 2DR CONV RWD,2007-2010
aston_martin,valhalla,VALHALLA,2024-2026
aston_martin,vanquish,VANQUISH 2DR COUPE,2025-2026
aston_martin,vanquish,VANQUISH 2DR COUPE RWD,"2002-2004,2014-2018"
aston_martin,vanquish,VANQUISH 2DR COUPE RWD /S,2005-2007
aston_martin,vanquish,VANQUISH 2DR VOLANTE,2026
aston_martin,vanquish,VANQUISH 2DR VOLANTE RWD,2015-2018
aston_martin,vanquish,VANQUISH VOLANTE 2DR CONV RWD,2014
aston_martin,vantage,NEW VANTAGE,2018-2020
aston_martin,vantage,VANTAGE,2021-2022
aston_martin,vantage,VANTAGE 2DR COUPE,2026
aston_martin,vantage,VANTAGE 2DR COUPE RWD V8/V8 S/V12,2011-2018
aston_martin,vantage,VANTAGE ROADSTER,2026
aston_martin,vantage,VANTAGE ROADSTER 2DR CONV RWD V8/V8 S,2011-2018
aston_martin,vantage,VANTAGE V12,2023
aston_martin,vantage,VANTAGE V12 ROADSTER,2023
aston_martin,vantage,VANTAGE V8,2023-2025
aston_martin,vantage,VANTAGE V8 ROADSTER,2023
aston_martin,virage,VIRAGE 2DR COUPE,1994
aston_martin,virage,VIRAGE 2DR COUPE RWD,2011-2012
aston_martin,virage,VIRAGE VOLANTE 2DR CONV RWD,2011-2012
aston_martin,virage,VIRAGE/VOLANTE,1992-1993
audi,100,100 4DR SEDAN QUATTRO S/CS,1994
audi,100,100 4DR SEDAN QUATTRO S4,1994
audi,100,100 4DR SEDAN S,1994
audi,100,100 4DR WAGON QUATTRO CS,1994
audi,100,100 AVANT WAGON,1991
audi,100,100 AVANT/200TURBO QUATRO AVANT WAGON,1989
audi,100,100 QUATRO SEDAN,1989-1992
audi,100,100 SEDAN FWD,1989-1992
audi,100,100S 4DR SEDAN,1993
audi,100,100S/100CS QUATTRO 4DR SEDAN,1993
audi,200,200 TURBO 4DR SEDAN,1990-1992
audi,200,200 TURBO QUATTRO 4DR SEDAN,1990-1992
audi,200,200 TURBO/200 TURBO QUATRO SEDAN,1989
audi,4000,4000 5+5 CP,1981
audi,4000,4000 COUPE,1982
audi,4000,4000 E,1981-1982
audi,4000,4000 S,1983-1986
audi,4000,4000 S 4 DR SEDAN,1987
audi,4000,4000 S QUATTRO 4 DR SEDAN,1987
audi,5000,5000,1981
audi,5000,5000 4 DR,1982
audi,5000,5000 CD TURBO,1985
audi,5000,5000 CD TURBO 4 DR SEDAN,1987-1988
audi,5000,5000 CD TURBO QUATTRO,1986
audi,5000,5000 CD TURBO QUATTRO 4 DR SEDAN,1987
audi,5000,5000 CD TURBO QUATTRO AVANT,1986
audi,5000,5000 CD TURBO QUATTRO AVANT (WAGON),1987
audi,5000,5000 S & 5000 S TURBO,1983-1984
audi,5000,5000 S 4 DR SEDAN,1987-1988
audi,5000,5000 S AVANT,1985-1986
audi,5000,5000 S AVANT (WAGON),1987
audi,5000,5000 S AVANTI,1984
audi,5000,5000 S QUATTRO /CD TURBO QUATTRO  SEDAN,1988
audi,5000,5000 S TURBO,1985-1986
audi,5000,5000 S TURBO DIESEL,1983-1985
audi,5000,"5000 S/ CD TURBO QUATTRO, AVANT WAGON",1988
audi,5000,5000 TURBO,1981-1982
audi,80,80 4DR SEDAN,1992
audi,90,90,1988-1989
audi,90,90 2DR CABRIOLET,1994
audi,90,90 4DR SEDAN QUATTRO S,1994
audi,90,90 4DR SEDAN S/CS,1994
audi,90,90 COUPE QUATTRO 20V,1990-1991
audi,90,90 QUATTRO,1988-1989
audi,90,90 QUATTRO 20V SEDAN,1990-1992
audi,90,90 SEDAN,1990-1991
audi,90,90S QUATTRO 4DR SEDAN,1993
audi,90,90S/90CS 4DR SEDAN,1993
audi,90,SPORT 90 4DR SEDAN,1995
audi,90,SPORT 90 QUATTRO 4DR SEDAN,1995
audi,a3,A3 4DR HATCH 2.0 T FWD/2.0 TDI,2011
audi,a3,A3 4DR HATCH 2.0 T FWD/2.0T QUATTRO/2.0 TDI,2010
audi,a3,A3 4DR HATCH 2.0 TFSI FWD,2009
audi,a3,A3 4DR HATCH 2.0 TFSI FWD PROGRESSIV/2.0 TDI,2012-2014
audi,a3,A3 4DR HATCH 2.0 TFSI QUATTRO PROGRESSIV,2012-2014
audi,a3,A3 4DR HATCH 2.0T QUATTRO,2011
audi,a3,A3 4DR HATCH 3.2 FSI FWD,2009
audi,a3,A3 4DR HATCH 3.2 S-LINE AWD,2009
audi,a3,A3 4DR HATCH AWD,2006-2008
audi,a3,A3 4DR HATCH FWD,2006-2008
audi,a3,A3 4DR SEDAN,2019
audi,a3,A3 4DR SEDAN QUATTRO,2019-2026
audi,a3,A3 CABRIOLET,2015-2020
audi,a3,A3 SEDAN 1.8 TFSI/2.0TDI,2015-2016
audi,a3,A3 SEDAN 2.0 TFSI,2015-2018
audi,a3,A3 SEDAN 2.0 TFSI QUATTRO,2018
audi,a3,A3 SPORTBACK e-tron,2016-2019
audi,a4,A4 1.8T CABRIOLET,2003
audi,a4,A4 1.8T CABRIOLET FWD,2004
audi,a4,A4 3.0T CABRIOLET,2003
audi,a4,A4 3.0T CABRIOLET FWD,2004
audi,a4,A4 4DR AVANT AWD WAGON 1.8T QUATTRO,2004-2005
audi,a4,A4 4DR AVANT AWD WAGON 2.0 T,2006-2007
audi,a4,A4 4DR AVANT AWD WAGON 2.0T,2008
audi,a4,A4 4DR AVANT AWD WAGON 3.0 QUATTRO,2004-2005
audi,a4,A4 4DR AVANT AWD WAGON 3.2,2006-2007
audi,a4,A4 4DR AVANT AWD WAGON 3.2/S4,2008
audi,a4,A4 4DR AVANT FWD WAGON 1.8T,2004-2005
audi,a4,A4 4DR AVANT WAGON 1.8 AWD,2003
audi,a4,A4 4DR AVANT WAGON 3.0,2002
audi,a4,A4 4DR AVANT WAGON 3.0 AWD,2003
audi,a4,A4 4DR SEDAN,"1996,2017,2019"
audi,a4,A4 4DR SEDAN 1.8T,1997
audi,a4,A4 4DR SEDAN 1.8T FWD,1998-1999
audi,a4,A4 4DR SEDAN 1.8T QUATTRO,1997-1999
audi,a4,A4 4DR SEDAN 2.0,2018
audi,a4,A4 4DR SEDAN 2.0 QUATTRO,2018
audi,a4,A4 4DR SEDAN 2.0 TFSI AWD,2009
audi,a4,A4 4DR SEDAN 2.0 TFSI FWD,2012-2016
audi,a4,A4 4DR SEDAN 2.0 TFSI QUATTRO,2014-2016
audi,a4,A4 4DR SEDAN 2.0 TFSI QUATTRO/PREMIUM/PREMIUM,2012-2013
audi,a4,A4 4DR SEDAN 2.0T FWD,2010-2011
audi,a4,A4 4DR SEDAN 2.0T QUATTRO,2010-2011
audi,a4,A4 4DR SEDAN 2.8,1997
audi,a4,A4 4DR SEDAN 2.8 FWD,1998-1999
audi,a4,A4 4DR SEDAN 2.8 QUATTRO,1997-1999
audi,a4,A4 4DR SEDAN 3.2 FSI AWD,2009
audi,a4,A4 4DR SEDAN AWD 2.0T,2006-2008
audi,a4,A4 4DR SEDAN AWD 3.2,2006-2008
audi,a4,A4 4DR SEDAN FWD 1.8T,2000-2005
audi,a4,A4 4DR SEDAN FWD 2.0T,2006-2008
audi,a4,A4 4DR SEDAN FWD 2.8,2000-2001
audi,a4,A4 4DR SEDAN FWD 3.0,2002-2005
audi,a4,A4 4DR SEDAN QUATTRO,"1996,2019-2025"
audi,a4,A4 4DR SEDAN QUATTRO 1.8T,2000-2001
audi,a4,A4 4DR SEDAN QUATTRO 2.8,2000-2001
audi,a4,A4 AVANT 2.0 TFSI 4DR AWD WAGON,2009-2011
audi,a4,A4 AVANT 4DR WAGON 2.0 TFSI QUATTRO,2012
audi,a4,A4 CABRIOLET 2DR CONV AWD /3.0,2005-2006
audi,a4,A4 CABRIOLET 2DR CONV AWD /3.2,2007
audi,a4,A4 CABRIOLET 2DR CONV AWD 3.2,2008-2009
audi,a4,A4 CABRIOLET 2DR CONV AWD S4,2008-2009
audi,a4,A4 CABRIOLET 2DR CONV FWD 2.0T,2008-2009
audi,a4,A4 CABRIOLET 2DR FWD /1.8T,2005-2006
audi,a4,A4 CABRIOLET 2DR FWD /2.0T,2007
audi,a4_allroad,A4 ALLROAD,2017-2019
audi,a4_allroad,A4 ALLROAD 2.0 TFSI QUATTRO,2014-2016
audi,a4_allroad,A4 ALLROAD 2.0 TFSI QUATTRO/PREMIUM/PREMIUM P,2013
audi,a4_allroad,A4 ALLROAD QUATTRO,2020-2025
audi,a5,A5 2DR CABRIOLET 2.0 TFSI QUATTRO,2014-2016
audi,a5,A5 2DR CABRIOLET 2.0 TFSI QUATTRO PREMIUM/PRE,2012-2013
audi,a5,A5 2DR CABRIOLET 2.0T AWD,2010-2011
audi,a5,A5 2DR CABRIOLET 3.2T AWD,2010
audi,a5,A5 2DR CONVERTIBLE,2018-2025
audi,a5,A5 2DR COUOPE AWD,2008
audi,a5,A5 2DR COUPE,2018-2025
audi,a5,A5 2DR COUPE 2.0 TFSI QUATTRO,2014-2017
audi,a5,A5 2DR COUPE 2.0 TFSI QUATTRO PREMIUM/PREMIUM,2012-2013
audi,a5,A5 2DR COUPE 2.0T AWD,2010-2011
audi,a5,A5 2DR COUPE 3.2 AWD,2010
audi,a5,A5 2DR COUPE AWD,2009
audi,a5,A5 4DR SEDAN,2025-2026
audi,a5,A5 SPORTBACK,2018-2025
audi,a6,A6 3.0 TFSI 4DR SEDAN AWD,2010-2011
audi,a6,A6 3.2 4DR SEDAN AWD,2005-2009
audi,a6,A6 3.2 4DR SEDAN FWD,2010
audi,a6,A6 4.2 4DR SEDAN AWD,2005-2011
audi,a6,A6 4DR AVANT AWD WAGON 3.0,2010-2011
audi,a6,A6 4DR AVANT AWD WAGON 3.2,2006-2009
audi,a6,A6 4DR AVANT WAGON QUATTRO 2.8,2000-2001
audi,a6,A6 4DR AVANT WAGON QUATTRO 3.0,2002
audi,a6,A6 4DR SEDAN,"1995-1996,2019-2027"
audi,a6,A6 4DR SEDAN 2.0 TFSI QUATTRO,2014-2018
audi,a6,A6 4DR SEDAN 2.0 TFSI QUATTRO PREMIUM/PREMIUM,2013
audi,a6,A6 4DR SEDAN 2.8 FWD,1998-1999
audi,a6,A6 4DR SEDAN 2.8 QUATTRO,1998-1999
audi,a6,A6 4DR SEDAN 3.0 TFSI QUATTRO,2014-2018
audi,a6,A6 4DR SEDAN 3.0 TFSI QUATTRO PREMIUM/PREMIUM,2012-2013
audi,a6,A6 4DR SEDAN AWD QUATTRO 2.7T,2004
audi,a6,A6 4DR SEDAN AWD QUATTRO 3.0,2004
audi,a6,A6 4DR SEDAN AWD QUATTRO 4.2,2004
audi,a6,A6 4DR SEDAN FWD 2.8,2000-2001
audi,a6,A6 4DR SEDAN FWD QUATTRO 3.0,2004
audi,a6,A6 4DR SEDAN QUATTRO,1995-1997
audi,a6,A6 4DR SEDAN QUATTRO 2.7T,2000-2003
audi,a6,A6 4DR SEDAN QUATTRO 2.8,2000-2001
audi,a6,A6 4DR SEDAN QUATTRO 3.0,2002-2003
audi,a6,A6 4DR SEDAN QUATTRO 4.2,2000-2003
audi,a6,A6 4DR SEDAN TDI QUATTRO,2014-2016
audi,a6,A6 4DR WAGON,1995-1996
audi,a6,A6 4DR WAGON 2.8 QUATTRO,1999
audi,a6,A6 4DR WAGON QUATTRO,1995-1997
audi,a6,A6 BASE 4DR SEDAN  3.0,2002-2004
audi,a6,A6 E-TRON 4DR SEDAN,2025-2026
audi,a6,A6 S6 4DR SEDAN AWD,2008-2009
audi,a6_allroad,A6 ALLROAD 4DR WAGON,2020-2026
audi,a7,A7 4DR HATCHBACK 3.0 TFSI QUATTRO PREMIUM/PRE,2012-2013
audi,a7,A7 4DR HATCHBACK 3.0 TFSI QUATTRO/TDI QUATTRO,2014-2015
audi,a7,A7 4DR SPORTBACK 3.0 TFSI QUATTRO/TDI QUATTRO,2016-2018
audi,a7,A7 SPORTBACK 4DR SEDAN,2019-2025
audi,a8,A8 4DR SEDAN,"2011,2019"
audi,a8,A8 4DR SEDAN 3.0 TFSI QUATTRO,2013-2018
audi,a8,A8 4DR SEDAN 3.7 FWD,1998
audi,a8,A8 4DR SEDAN 4.0 TFSI QUATTRO,2013
audi,a8,A8 4DR SEDAN 4.0 TFSI QUATTRO/3.0 TDI QUATTRO,2014-2018
audi,a8,A8 4DR SEDAN 4.2 FSI QUATTRO/PREMIUM,2012
audi,a8,A8 4DR SEDAN 4.2 QUATTRO,1997-1999
audi,a8,A8 4DR SEDAN AWD,2005-2010
audi,a8,A8 4DR SEDAN QUATTRO 4.2,2000-2003
audi,a8,A8 S8 4DR SEDAN AWD,2008-2009
audi,a8_l,A8 L 4DR SEDAN,2011
audi,a8_l,A8 L 4DR SEDAN AWD,2004-2010
audi,a8_l,A8 L W12 4DR SEDAN AWD,2005-2009
audi,a8_l,A8L 4DR SEDAN,2019-2026
audi,a8_l,A8L 4DR SEDAN LWB 3.0 TFSI QUATTRO,2013-2015
audi,a8_l,A8L 4DR SEDAN LWB 4.2 FSI QUATTRO/PREMIUM,2012-2013
audi,a8_l,A8L 4DR SEDAN LWB 4.2 TFSI QUATTRO/3.0 TDI QU,2014
audi,a8_l,A8L 4DR SEDAN LWB 4.2 TFSI QUATTRO/3.0 TDI QUATTRO,2015-2018
audi,a8_l,A8L 4DR SEDAN LWB W12 6.3 FSI QUATTRO,2012-2018
audi,a8_l,A8L 4DR SEDAN QUATTRO 4.2,2001-2003
audi,allroad,ALLROAD 4DR WAGON QUATTRO 2.7T,2001-2005
audi,cabriolet,SPORT 90 2DR CABRIOLET,1995
audi,coupe,COUPE GT,1985-1986
audi,coupe,COUPE GT 2 DR COUPE,1987
audi,coupe,QUATTRO COUPE,1986
audi,coupe,TT RS 2DR COUPE,2020-2024
audi,coupe,TT RS 2DR COUPE 2.5 TFSI QUATTRO,2012-2013
audi,coupe,TTS 2DR COUPE,"2010-2011,2016-2024"
audi,coupe,TTS 2DR COUPE 2.0 TFSI QUATTRO,2012-2015
audi,e_tron,E-TRON 4DR SUV,2019-2023
audi,e_tron,E-TRON S 4DR SUV,2022-2023
audi,e_tron_gt,E-TRON GT 4DR SEDAN,2022-2026
audi,e_tron_sportback,E-TRON SPORTBACK 4DR SUV,2020-2023
audi,q3,Q3 4DR SUV,2019-2027
audi,q3,Q3 5DR SUV 2.0 TFSI FWD,2015-2018
audi,q3,Q3 5DR SUV 2.0 TFSI QUATTRO,2015-2018
audi,q4,Q4 E-TRON 4DR SUV,2022-2026
audi,q4,Q4 E-TRON SPORTBACK 4DR SUV,2022-2026
audi,q5,Q5 4DR SUV,2018-2026
audi,q5,Q5 4DR SUV (ALL NEW),2025
audi,q5,Q5 5DR SUV 2.0 TFSI QUATTRO,2014-2017
audi,q5,Q5 5DR SUV 2.0 TFSI QUATTRO PREMIUM/PREMIUM P,2012-2013
audi,q5,Q5 5DR SUV 3.0 TFSI QUATTRO,"2014-2015,2017"
audi,q5,Q5 5DR SUV 3.0 TFSI QUATTRO PREMIUM/PREMIUM P,2013
audi,q5,Q5 5DR SUV 3.2 FSI QUATTRO/PREMIUM,2012
audi,q5,Q5 5DR SUV AWD 3.2 FSI QUATTRO,2009
audi,q5,Q5 5DR SUV AWD 3.2/3.2 PREMIUM,2010-2011
audi,q5,Q5 5DR SUV HYBRID QUATTRO,2013
audi,q5,Q5 5DR SUV HYBRID QUATTRO/TDI QUATTRO,2014-2016
audi,q5,Q5 SPORTBACK 4DR SUV,2021-2026
audi,q5,Q5 SPORTBACK 4DR SUV (ALL NEW),2025
audi,q5,Q5 TFSI e 4DR SUV,2020-2021
audi,q5,Q5 TFSIe 4DR SUV,2022-2025
audi,q6,Q6 E-TRON 4DR SUV,2025-2026
audi,q6,Q6 SPORTBACK E-TRON 4DR SUV,2026
audi,q7,Q7 4DR SUV 2.0 TFSI QUATTRO,2018-2019
audi,q7,Q7 4DR SUV 3.0 TFSI PREMIUM/PREMIUM PLUS,2012-2013
audi,q7,Q7 4DR SUV 3.0 TFSI PROGRESSIV/TECHNIK,2014-2015
audi,q7,Q7 4DR SUV 3.0 TFSI QUATTRO,2016-2019
audi,q7,Q7 4DR SUV 3.0 TFSI QUATTRO SPORT,2012-2015
audi,q7,Q7 4DR SUV AWD 3.0,2011
audi,q7,Q7 4DR SUV AWD 3.0 DIESEL PREMIUM,2010-2011
audi,q7,Q7 4DR SUV AWD 3.0 SPORT,2011
audi,q7,Q7 4DR SUV AWD 3.6/3.6 PREMIUM,2010
audi,q7,Q7 4DR SUV AWD 3.6L,2007-2009
audi,q7,Q7 4DR SUV AWD 4.2,2010
audi,q7,Q7 4DR SUV AWD 4.2 PREMIUM,2010
audi,q7,Q7 4DR SUV AWD 4.2L,2007-2009
audi,q7,Q7 4DR SUV TDI 3.0 QUATTRO PREMIUM/PREMIUM PL,2012-2015
audi,q7,Q7 4DR SUV TFSI QUATTRO,2020-2026
audi,q8,Q8 4DR SUV,2019-2026
audi,q8,Q8 E-TRON 4DR SUV,2024-2025
audi,q8,Q8 SPORTBACK E-TRON 4DR SUV,2024-2025
audi,r8,R8 2DR 4.2 COUPE AWD,2010-2011
audi,r8,R8 2DR 4.2 FSI CONV,2012-2013
audi,r8,R8 2DR 4.2 FSI COUPE AWD,2012-2013
audi,r8,R8 2DR 5.2 COUPE AWD,2010-2011
audi,r8,R8 2DR 5.2 FSI CONV,2012-2013
audi,r8,R8 2DR 5.2 FSI COUPE AWD/GT,2012-2013
audi,r8,R8 2DR CONV,2011
audi,r8,R8 2DR COUPE,2017-2025
audi,r8,R8 2DR COUPE AWD,2007-2009
audi,r8,R8 2DR GT CONV,2012-2013
audi,r8,R8 2DR GT COUPE AWD,2012-2013
audi,r8,R8 2DR SPYDER,2017-2025
audi,r8,R8 2DR V10 COUPE FSI QUATTRO,2014-2016
audi,r8,R8 2DR V10 PLUS COUPE FSI QUATTRO,2014-2016
audi,r8,R8 2DR V10 SPYDER FSI QUATTRO CONV,2014-2016
audi,r8,R8 2DR V8 COUPE FSI QUATTRO,2014-2016
audi,r8,R8 2DR V8 SPYDER FSI QUATTRO CONV,2014-2016
audi,rs_3,RS 3 4DR SEDAN,2025-2026
audi,rs_3,RS3 SEDAN,2020-2021
audi,rs_3,RS3 SEDAN TFSI QUATTRO,2017-2019
audi,rs_4,RS 4 4DR SEDAN AWD,2007
audi,rs_5,RS 5 2DR COUPE,2025
audi,rs_5,RS 5 SPORTBACK,2025
audi,rs_5,RS5 2DR CABRIOLET 4.2 TFSI S tronic,2014-2015
audi,rs_5,RS5 2DR COUPE,2018-2024
audi,rs_5,RS5 2DR COUPE 4.2 FSI QUATTRO,2014-2015
audi,rs_5,RS5 SPORTBACK,2019-2024
audi,rs_6_avant,RS 6 AVANT,2020-2026
audi,rs_7,RS 7 4DR SPORTBACK,2025-2026
audi,rs_7,RS7 4DR HATCHBACK 4.0 TFSI QUATTRO,2014-2015
audi,rs_7,RS7 4DR SPORTBACK,2020-2024
audi,rs_7,RS7 4DR SPORTBACK 4.0 TFSI QUATTRO,2016-2019
audi,rs_e_tron_gt,RS E-TRON GT 4DR SEDAN,2022-2026
audi,rs_q8,RS Q8 4DR SUV,2020-2026
audi,s3,S3 SEDAN TFSI QUATTRO,2015-2026
audi,s4,S4 4DR SEDAN,"1993,2018-2025"
audi,s4,S4 4DR SEDAN 3.0 TFSI QUATTRO/PREMIUM,2014-2016
audi,s4,S4 4DR SEDAN 3.0 TFSI QUTTRO/PREMIUM,2012-2013
audi,s4,S4 4DR SEDAN AWD,2006-2011
audi,s4,S4 4DR SEDAN QUATTRO 2.7T,2000-2002
audi,s4,S4 AVANT 4DR WAGON AWD,2004-2009
audi,s4,S4 CABRIOLET 4DR CONV AWD,2005-2009
audi,s4,S4 SEDAN 4DR SEDAN AWD,2004-2005
audi,s5,S5 2DR CABRIOLET 3.0 TFSI QUATTRO/PREMIUM,2012-2017
audi,s5,S5 2DR CABRIOLET AWD,2010-2011
audi,s5,S5 2DR CONVERTIBLE,2018-2025
audi,s5,S5 2DR COUPE,2018-2025
audi,s5,S5 2DR COUPE 3.0 TFSI QUATTRO/QUATTRO PREMIUM,2013-2017
audi,s5,S5 2DR COUPE 4.2 FSI QUATTRO/QUATTRO PREMIUM,2012
audi,s5,S5 2DR COUPE AWD,2008-2011
audi,s5,S5 4DR SEDAN,2025-2026
audi,s5,S5 SPORTBACK,2018-2025
audi,s6,S6 4DR SEDAN,"2012,2020-2025"
audi,s6,S6 4DR SEDAN 4.0 TFSI QUATTRO,2013-2019
audi,s6,S6 4DR SEDAN AWD,2007-2011
audi,s6,S6 4DR SEDAN QUATTRO,1995-1997
audi,s6,S6 AVANT,2003
audi,s6,S6 E-TRON 4DR SEDAN,2025-2026
audi,s7,S7 4DR HATCHBACK,2012
audi,s7,S7 4DR HATCHBACK 4.0 TFSI QUATTRO,2013-2015
audi,s7,S7 4DR SPORTBACK,2020-2025
audi,s7,S7 4DR SPORTBACK 4.0 TFSI QUATTRO,2016-2019
audi,s8,S8 4DR SEDAN,2020-2026
audi,s8,S8 4DR SEDAN 4.0 TFSI QUATTRO,2013-2015
audi,s8,S8 4DR SEDAN AWD,2007-2009
audi,s8,S8 4DR SEDAN QUATTRO 4.2,2001-2003
audi,s8,S8 PLUS 4DR SEDAN 4.0 TFSI QUATTRO,2016-2019
audi,sq5,SQ5 4DR SUV,2018-2026
audi,sq5,SQ5 4DR SUV (ALL NEW),2025
audi,sq5,SQ5 5DR SUV 3.0 TFSI QUATTRO,2014-2017
audi,sq5,SQ5 SPORTBACK 4DR SUV,2021-2026
audi,sq5,SQ5 SPORTBACK 4DR SUV (ALL NEW),2025
audi,sq6,SQ6 E-TRON 4DR SUV,2025-2026
audi,sq6,SQ6 SPORTBACK E-TRON 4DR SUV,2026
audi,sq7,SQ7 4DR SUV,2020-2026
audi,sq8,SQ8 4DR SUV,2020-2026
audi,sq8,SQ8 E-TRON 4DR SUV,2024-2025
audi,sq8,SQ8 SPORTBACK E-TRON 4DR SUV,2024-2025
audi,tt,QUATTRO,1983-1985
audi,tt,TT 1.8T 2DR COUPE AWD,2006
audi,tt,TT 1.8T 2DR COUPE FWD,2005
audi,tt,TT 2DR CONVERTIBLE AWD QUATTRO/3.2 QUATTRO,2004
audi,tt,TT 2DR CONVERTIBLE FWD,2001-2004
audi,tt,TT 2DR CONVERTIBLE QUATTRO,2001-2003
audi,tt,TT 2DR COUPE,2016-2024
audi,tt,TT 2DR COUPE 2.0 TFSI,2009-2010
audi,tt,TT 2DR COUPE 2.0 TFSI QUATTRO/S-LINE,2011-2015
audi,tt,TT 2DR COUPE 2.0T,2008
audi,tt,TT 2DR COUPE 3.2,2008
audi,tt,TT 2DR COUPE 3.2 /TTS,2009
audi,tt,TT 2DR COUPE AWD QUATTRO/3.2 QUATTRO,2004
audi,tt,TT 2DR COUPE FWD,2004
audi,tt,TT 2DR COUPE QUATTRO,2001-2003
audi,tt,TT 2DR HATCHBACK,1999
audi,tt,TT 2DR QUATTRO CONVERTIBLE,2000
audi,tt,TT 2DR QUATTRO HATCHBACK,2000
audi,tt,TT 3.2 2DR COUPE AWD,2005-2006
audi,tt,TT ROADSTER 1.8T 2DR CONVERTIBLE AWD,2006
audi,tt,TT ROADSTER 1.8T 2DR CONVERTIBLE FWD,2005
audi,tt,TT ROADSTER 2DR CONVERTIBLE,2016-2024
audi,tt,TT ROADSTER 2DR CONVERTIBLE 2.0 TFSI,2009-2010
audi,tt,TT ROADSTER 2DR CONVERTIBLE 2.0 TFSI QUATTRO,2013-2014
audi,tt,TT ROADSTER 2DR CONVERTIBLE 2.0 TFSI QUATTRO/,2011-2012
audi,tt,TT ROADSTER 2DR CONVERTIBLE 2.0 TFSI QUATTRO/S-LINE,2015
audi,tt,TT ROADSTER 2DR CONVERTIBLE 2.0T,2008
audi,tt,TT ROADSTER 2DR CONVERTIBLE 3.2,2008
audi,tt,TT ROADSTER 2DR CONVERTIBLE 3.2 /TTS,2009
audi,tt,TT ROADSTER 3.2  2DR CONVERTIBLE AWD,2005-2006
audi,tts,TTS ROADSTER 2DR CONVERTIBLE,2010-2011
audi,tts,TTS ROADSTER 2DR CONVERTIBLE 2.0 TFSI QUATTRO,2012-2015
audi,v8,V8 4DR SEDAN,1990
audi,v8,V8 4DR SEDAN QUATTRO,1994
audi,v8,V8 QUATTRO 4DR SEDAN,1991-1993
bentley,arnage,ARNAGE 4DR SEDAN,1999
bentley,arnage,ARNAGE 4DR SEDAN  4.5 V8,2002
bentley,arnage,ARNAGE 4DR SEDAN GREEN LABEL 4.5 V8,2000-2001
bentley,arnage,ARNAGE 4DR SEDAN RED LABEL 6.75 V8,2000-2001
bentley,arnage,ARNAGE FINAL SERIES R 4DR SEDAN,2009-2010
bentley,arnage,ARNAGE FINAL SERIES RL 4DR SEDAN,2009-2010
bentley,arnage,ARNAGE FINAL SERIES T 4DR SEDAN,2009-2010
bentley,arnage,ARNAGE R 4DR SEDAN,2003-2008
bentley,arnage,ARNAGE RL 4DR SEDAN,2003-2008
bentley,arnage,ARNAGE T 4DR SEDAN,2003-2008
bentley,azure,AZURE 2DR CONVERTIBLE,1999-2002
bentley,azure,AZURE 2DR CONVERTIBLE RWD,2006-2010
bentley,azure,AZURE Mulliner,2003
bentley,azure,AZURE T 2DR CONVERTIBLE RWD,2011
bentley,azure,BENTLEY AZURE 2DR CONVERTIBLE,1997-1998
bentley,bentayga,BENTAYGA,2016-2019
bentley,bentayga,BENTAYGA 4DR SUV,2020
bentley,bentayga,BENTAYGA DIESEL 4DR SUV,2020
bentley,bentayga,BENTAYGA HYBRID 4DR SUV,2020-2026
bentley,bentayga,BENTAYGA SPEED 4DR SUV,2021-2026
bentley,bentayga,BENTAYGA V8 4DR SUV,2020-2026
bentley,bentayga,BENTAYGA V8 EWB 4DR SUV,2024-2026
bentley,brooklands,BENTLEY BROOKLANDS 4DR SEDAN,1997
bentley,brooklands,BENTLEY BROOKLANDS 4DR SEDAN LWB,1997
bentley,brooklands,BENTLEY BROOKLANDS R 4DR SEDAN,1998
bentley,brooklands,BROOKLANDS 2 DR COUPE RWD,2008-2011
bentley,brooklands,BROOKLANDS 4DR SEDAN,1993-1995
bentley,continental,BENTLEY CONTINENTAL R 2DR COUPE,1995-1997
bentley,continental,BENTLEY CONTINENTAL R 2DR COUPE LWB,1998
bentley,continental,BENTLEY CONTINENTAL T 2DR COUPE,1998
bentley,continental,CONTINENTAL 2DR CONV AWD GTC/GTC V-8,2012-2013
bentley,continental,CONTINENTAL 2DR CONV AWD GTC/GTC V-8/GTC SPEE,2014
bentley,continental,CONTINENTAL 2DR CONV AWD GTC/GTC V-8/GTC SPEED/GTC V-8S,2015-2019
bentley,continental,CONTINENTAL 2DR COUPE AWD GT/GT V-8,2012-2013
bentley,continental,CONTINENTAL 2DR COUPE AWD GT/GT V-8/GT SPEED/,2014
bentley,continental,CONTINENTAL 2DR COUPE AWD GT/GT V-8/GT SPEED/GT V-8S,2015-2017
bentley,continental,CONTINENTAL 2DR COUPE R LWB,1999-2002
bentley,continental,CONTINENTAL 2DR COUPE R Mulliner,2003
bentley,continental,CONTINENTAL 2DR COUPE SC,1999-2002
bentley,continental,CONTINENTAL 2DR COUPE T,1999-2002
bentley,continental,CONTINENTAL 2DR GT COUPE AWD,2003-2007
bentley,continental,CONTINENTAL AZURE 2DR CONVERTIBLE,1996
bentley,continental,CONTINENTAL FLYING SPUR 4DR SEDAN AWD,2006-2019
bentley,continental,CONTINENTAL GT,2021-2026
bentley,continental,CONTINENTAL GT 2DR COUPE AWD,2011
bentley,continental,CONTINENTAL GT CONVERTIBLE,2021-2026
bentley,continental,CONTINENTAL GT V8,2021-2026
bentley,continental,CONTINENTAL GT V8 CONVERTIBLE,2021-2026
bentley,continental,CONTINENTAL GT/SPEED 2DR COUPE AWD,2008-2010
bentley,continental,CONTINENTAL GTC 2DR COUPE AWD,2007-2009
bentley,continental,CONTINENTAL GTC/SPEED 2DR CONV AWD,2010-2011
bentley,continental,CONTINENTAL SUPERSPORTS 2DR CONV AWD,2011-2013
bentley,continental,CONTINENTAL SUPERSPORTS 2DR COUPE AWD,2011-2013
bentley,continental,CORNICHE IV/CONTINENTAL CONVERTIBLE,1992-1993
bentley,continental,CORNICHE/BENTLEY CONTINENTAL CONVERTIBLE,1990
bentley,continental,CORNICHE/CONTINENTAL CONVERTIBLE,1991
bentley,continental,NEW CONTINENTAL,2018-2019
bentley,continental,NEW CONTINENTAL GT,2020
bentley,continental,NEW CONTINENTAL GT CONVERTIBLE,2020
bentley,continental,NEW CONTINENTAL GT V8,2020
bentley,continental,NEW CONTINENTAL GT V8 CONVERTIBLE,2020
bentley,flying_spur,FLYING SPUR 4DR SEDAN AWD,2021-2026
bentley,flying_spur,FLYING SPUR V8 4DR SEDAN AWD,2021-2026
bentley,flying_spur,NEW FLYING SPUR 4DR SEDAN AWD,2020
bentley,mulsanne,BENTLEY MULSANNE S/TURBO R 4DR SEDAN,1992-1993
bentley,mulsanne,BENTLEY MULSANNE/TURBO R 4DR SEDAN,1990-1991
bentley,mulsanne,MULSANNE,1984
bentley,mulsanne,MULSANNE 4DR SEDAN LWB,2018-2021
bentley,mulsanne,MULSANNE 4DR SEDAN RWD,2011-2017
bentley,mulsanne,MULSANNE 4DR SEDAN SWB,2018-2021
bentley,mulsanne,MULSANNE TURBO,1984
bentley,turbo,BENTLEY TURBO R 4DR SEDAN,1997
bentley,turbo,BENTLEY TURBO RL 4DR SEDAN,1997-1998
bentley,turbo,TURBO R 4DR SEDAN,1996
bmw,128i,1 SERIES 128i 2DR COUPE RWD,2008-2013
bmw,128i,1 SERIES CABRIOLET 128i 2DR CONV RWD,2008-2013
bmw,135i,1 SERIES 135i 2DR COUPE RWD,2008-2013
bmw,135i,1 SERIES CABRIOLET 135i 2DR CONV RWD,2008-2013
bmw,228i,2 SERIES 228i 2DR CABRIOLET RWD,2015-2016
bmw,228i,2 SERIES 228i 2DR COUPE RWD,2014-2017
bmw,228i,2 SERIES 228i xDRIVE 2DR CABRIOLET,2017
bmw,228i,2 SERIES 228i xDRIVE 2DR COUPE,2017
bmw,228i,2 SERIES 228i xDRIVE GRAN COUPE,2020-2027
bmw,230i,2 SERIES 230i 2DR COUPE RWD,2018-2021
bmw,230i,2 SERIES 230i xDRIVE 2DR CABRIOLET,2018-2021
bmw,230i,2 SERIES 230i xDRIVE 2DR COUPE,"2018-2021,2026"
bmw,318i,318 i,1983-1984
bmw,318i,318 i 2 DR,1985
bmw,318i,318 i 4 DR,1985
bmw,318i,318i 4DR SEDAN,1994-1998
bmw,318i,318i/320i/325i 2DR COUPE,1993
bmw,318i,318i/320i/325i 4DR SEDAN,1993
bmw,318i,318i/325i 2DR COUPE,1992
bmw,318i,318i/325i 4DR SEDAN,1990-1992
bmw,318i,318i/325i CABRIOLET,1992-1995
bmw,318ic,318i CABRIOLET,1996-1999
bmw,318is,318is 2DR COUPE,1994-1999
bmw,318is,318is/325i 2DR SEDAN,1990-1991
bmw,318ti,318ti 2DR HATCHBACK,1995-1999
bmw,320i,3 SERIES 320i 4DR SEDAN RWD,2012-2016
bmw,320i,3 SERIES 320i xDRIVE 4DR SEDAN AWD,2014-2017
bmw,320i,320 i,1982-1983
bmw,320i,320i 4DR SEDAN,2001-2003
bmw,320i,320i 4DR SEDAN RWD,2004-2005
bmw,320i,320i SD,1981
bmw,320i,320i/325i 4DR SEDAN,1994-1995
bmw,323i,3 SERIES 323i/328i 4DR SEDAN RWD,2008-2011
bmw,323i,323i 4DR SEDAN,1999-2000
bmw,323i,323i/325i 4DR SEDAN RWD,2006
bmw,323i,323i/328i 4DR SEDAN RWD,2007
bmw,323ic,323i CABRIOLET,1998-1999
bmw,323is,323is 2DR COUPE,1998-1999
bmw,325ci,325Ci 2DR CABRIOLET,2001-2003
bmw,325ci,325Ci 2DR CABRIOLET RWD,2004-2006
bmw,325ci,325Ci 2DR COUPE,2001-2003
bmw,325ci,325Ci 2DR COUPE RWD,2004-2006
bmw,325i,325 I 2 DR SEDAN,1987
bmw,325i,325 I 4 DR SEDAN,1987-1989
bmw,325i,325i 2 DR COUPE,1989
bmw,325i,325i 4DR SEDAN,2001-2003
bmw,325i,325i 4DR SEDAN RWD,2004-2005
bmw,325i,325iT 4DR WAGON RWD,2002-2005
bmw,325ic,325 I CABRIOLET,1988-1989
bmw,325ic,325 I CONVERTIBLE,1987
bmw,325ic,325i CABRIOLET,1990-1991
bmw,325is,325 IS 2 DR SEDAN,1988
bmw,325ix,325IX 4WD 4DR,1988-1989
bmw,325ix,325iX 4WD 4DR SEDAN,1990-1991
bmw,325xi,325xi 4DR SEDAN AWD,2003-2006
bmw,325xi,325xi TOURING 4DR WAGON AWD,2006
bmw,325xi,325xiT 4DR WAGON AWD,2002-2005
bmw,328ci,328Ci 2DR COUPE,2000
bmw,328d,3 SERIES 328d xDRIVE 4DR SEDAN,2018
bmw,328d,3 SERIES 328d xDRIVE 4DR SEDAN AWD,2014-2017
bmw,328d,3 SERIES TOURING 328d xDRIVE 4DR WAGON,2015-2018
bmw,328i,3 SERIES 328i 4DR SEDAN RWD,2012-2016
bmw,328i,3 SERIES 328i XDRIVE 4DR SEDAN AWD,2010-2011
bmw,328i,3 SERIES 328i xDRIVE 4DR SEDAN AWD,2013-2017
bmw,328i,3 SERIES 328i xDRIVE Gran Turismo,2015-2016
bmw,328i,3 SERIES 328i xDrive Gran Turismo,2014
bmw,328i,3 SERIES CABRIOLET 328i RWD,2008-2013
bmw,328i,3 SERIES COUPE 328i RWD,2008-2013
bmw,328i,3 SERIES COUPE 328i XDRIVE AWD,2010-2012
bmw,328i,3 SERIES COUPE 328i xDRIVE AWD,2013
bmw,328i,3 SERIES TOURING 328i XDRIVE 4DR WAGON AWD,2010-2012
bmw,328i,3 SERIES TOURING 328i xDRIVE 4DR WAGON,2013-2016
bmw,328i,328i 2DR COUPE RWD,2007
bmw,328i,328i 4DR SEDAN,1996-2000
bmw,328ic,328i CABRIOLET,1996-1999
bmw,328ic,328i CABRIOLET 2DR CONVERTIBLE RWD,2007
bmw,328is,328is 2DR COUPE,1996-1999
bmw,328xi,3 SERIES TOURING 328xi 4DR WAGON AWD,2008-2009
bmw,328xi,328xi 2DR COUPE AWD,2007
bmw,328xi,328xi 4DR SEDAN AWD,2007
bmw,328xi,328xi TOURING 4DR WAGON AWD,2007
bmw,330ci,330Ci 2DR CABRIOLET,2001-2003
bmw,330ci,330Ci 2DR CABRIOLET RWD,2004-2006
bmw,330ci,330Ci 2DR COUPE,2001-2003
bmw,330ci,330Ci 2DR COUPE RWD,2004-2006
bmw,330e,3 SERIES 330e iPERFORMANCE SEDAN,2017-2018
bmw,330e,3-SERIES 330e 4DR SEDAN,2019-2025
bmw,330i,3 SERIES 330i xDRIVE 4DR SEDAN,2018
bmw,330i,3 SERIES 330i xDRIVE Gran Turismo,2017-2019
bmw,330i,3 SERIES TOURING 330i xDRIVE 4DR WAGON,2017-2019
bmw,330i,3-SERIES 330i xDRIVE 4DR SEDAN,2019-2026
bmw,330i,330i 4DR SEDAN,2001
bmw,330i,330i 4DR SEDAN RWD,2002-2006
bmw,330xi,330xi 4DR SEDAN AWD,2001-2006
bmw,335d,3 SERIES 335D 4DR SEDAN RWD,2010-2011
bmw,335i,3 SERIES 335i 4DR SEDAN RWD,2008-2015
bmw,335i,3 SERIES 335i XDRIVE 4DR SEDAN AWD,2010-2011
bmw,335i,3 SERIES 335i xDRIVE 4DR SEDAN AWD,2013-2015
bmw,335i,3 SERIES 335i xDRIVE Gran Turismo,2015-2016
bmw,335i,3 SERIES 335i xDrive Gran Turismo,2014
bmw,335i,3 SERIES CABRIOLET 335i RWD,2008-2010
bmw,335i,3 SERIES COUPE 335i RWD,2008-2010
bmw,335i,3 SERIES COUPE 335i XDRIVE AWD,2010-2012
bmw,335i,3 SERIES COUPE 335i xDRIVE AWD,2013
bmw,335i,335i 2DR COUPE RWD,2007
bmw,335i,335i 4DR SEDAN RWD,2007
bmw,335i,335i CABRIOLET 2DR CONVERTIBLE RWD,2007
bmw,335is,3 SERIES CABRIOLET 335i/335is RWD,2011-2013
bmw,335is,3 SERIES COUPE 335i/335is RWD,2011-2013
bmw,340i,3 SERIES 340i 4DR SEDAN RWD,2016-2018
bmw,340i,3 SERIES 340i xDRIVE 4DR SEDAN,2018
bmw,340i,3 SERIES 340i xDRIVE 4DR SEDAN AWD,2016-2017
bmw,340i,3 SERIES 340i xDRIVE Gran Turismo,2017-2019
bmw,428i,4 SERIES  428i 2DR CABRIOLET RWD,2015-2016
bmw,428i,4 SERIES  428i 2DR COUPE RWD,2014-2016
bmw,428i,4 SERIES  428i xDRIVE 2DR CABRIOLET AWD,2015-2017
bmw,428i,4 SERIES  428i xDRIVE 2DR COUPE AWD,2015-2017
bmw,428i,4 SERIES  428i xDrive 2DR COUPE AWD,2014
bmw,428i,4 SERIES GRAN COUPE 428i 4DR SEDAN RWD,2014-2016
bmw,428i,4 SERIES GRAN COUPE 428i xDRIVE 4DR SEDAN AWD,2015-2017
bmw,428i,4 SERIES GRAN COUPE 428i xDrive 4DR SEDAN AWD,2014
bmw,430i,4 SERIES  430i xDRIVE 2DR CABRIOLET,2018-2020
bmw,430i,4 SERIES  430i xDRIVE 2DR COUPE,2018-2020
bmw,430i,4 SERIES 430i 2DR CABRIOLET,2021-2026
bmw,430i,4 SERIES 430i xDRIVE 2DR COUPE,2021-2026
bmw,430i,4 SERIES GRAN COUPE 430i xDRIVE 4DR SEDAN,2018-2025
bmw,435i,4 SERIES  435i 2DR CABRIOLET RWD,2015-2016
bmw,435i,4 SERIES  435i 2DR COUPE RWD,2014-2017
bmw,435i,4 SERIES  435i xDRIVE 2DR CABRIOLET AWD,2015-2017
bmw,435i,4 SERIES  435i xDRIVE 2DR COUPE AWD,2015-2017
bmw,435i,4 SERIES  435i xDrive 2DR COUPE AWD,2014
bmw,435i,4 SERIES GRAN COUPE 435i 4DR SEDAN RWD,2014-2016
bmw,435i,4 SERIES GRAN COUPE 435i xDRIVE 4DR SEDAN AWD,2015-2017
bmw,440i,4 SERIES  440i 2DR COUPE RWD,2018-2020
bmw,440i,4 SERIES  440i xDRIVE 2DR CABRIOLET,2018-2020
bmw,440i,4 SERIES  440i xDRIVE 2DR COUPE,2018-2020
bmw,440i,4 SERIES GRAN COUPE 440i xDRIVE 4DR SEDAN,2018-2021
bmw,525i,525i,1989
bmw,525i,525i 4DR SEDAN,"1990-1995,2001-2003"
bmw,525i,525i 4DR SEDAN RWD,2006-2007
bmw,525i,525i TOURING (WAGON),1992-1993
bmw,525i,525i TOURING 4DR WAGON,2003
bmw,525i,525iT 4DR WAGON,2001-2002
bmw,525i,525ix 4DR SEDAN AWD,2006
bmw,525xi,525xi 4DR SEDAN AWD,2007
bmw,528e,528 E 4 DR SEDAN,1987-1988
bmw,528e,528 e,"1982,1984-1986"
bmw,528i,5 SERIES 528i 4 DR SEDAN RWD,2011-2014
bmw,528i,5 SERIES 528i 4DR SEDAN RWD,"2008-2010,2015"
bmw,528i,5 SERIES 528i XDRIVE 4DR SEDAN AWD,2010
bmw,528i,5 SERIES 528i xDRIVE 4 DR SEDAN AWD,2014
bmw,528i,5 SERIES 528i xDRIVE 4 DR SEDAN RWD,2013
bmw,528i,5 SERIES 528i xDRIVE 4DR SEDAN AWD,2015-2016
bmw,528i,528i 4DR SEDAN,1996-2000
bmw,528i,528i SD,1981
bmw,528i,528iT 4DR WAGON,1999-2000
bmw,530e,5 SERIES 530e 4DR SEDAN,2017-2018
bmw,530e,5 SERIES 530e xDRIVE 4DR SEDAN,2019-2024
bmw,530i,5 SERIES 530i 4DR SEDAN,2017
bmw,530i,5 SERIES 530i xDRIVE 4DR SEDAN,2017-2024
bmw,530i,5-SERIES 530i xDRIVE 4DR SEDAN,2024-2026
bmw,530i,530i 4DR SEDAN,"1994-1995,2001-2003"
bmw,530i,530i 4DR SEDAN RWD,2004-2007
bmw,530i,530i 4DR WAGON TOURING,1994-1995
bmw,530xi,530xi 4DR SEDAN AWD,2006-2007
bmw,530xi,530xi 4DR TOURING/WAGON,2006-2007
bmw,533i,533 i,1983-1984
bmw,535d,5 SERIES 535d xDRIVE 4DR SEDAN AWD,2015-2016
bmw,535d,5 SERIES 535d xDrive 4 DR SEDAN AWD,2014
bmw,535i,5 SERIES 535i 4 DR SEDAN RWD,2011-2012
bmw,535i,5 SERIES 535i 4DR SEDAN RWD,2008-2009
bmw,535i,5 SERIES 535i XDRIVE 4DR SEDAN AWD,2010
bmw,535i,5 SERIES 535i xDRIVE 4DR SEDAN AWD,2015-2016
bmw,535i,5 SERIES 535i xDRIVE Gran Turismo 5DR SEDAN A,2015
bmw,535i,5 SERIES 535i xDrive 4 DR SEDAN AWD,2011-2014
bmw,535i,5 SERIES 535i xDrive Gran Turismo 5DR SEDAN A,2012-2014
bmw,535i,5 SERIES TOURING 535i XDRIVE 4DR WAGON AWD,2010
bmw,535i,535 I,1989
bmw,535i,535 I 4 DR SEDAN,1987
bmw,535i,535 I/IS 4 DR SEDAN,1988
bmw,535i,535 i,1985-1986
bmw,535i,535i 4DR SEDAN,1990-1993
bmw,535xi,5 SERIES TOURING 535xi 4DR WAGON AWD,2008-2009
bmw,540d,5 SERIES 540d xDRIVE 4DR SEDAN,2018
bmw,540i,5 SERIES 540i 4DR SEDAN,2017
bmw,540i,5 SERIES 540i xDRIVE 4DR SEDAN,2017-2024
bmw,540i,540i 4DR SEDAN,1994-2003
bmw,540i,540i TOURING 4DR WAGON,2003
bmw,540i,540iT 4DR WAGON,2000-2002
bmw,540ia,540iAT4DR WAGON,1999
bmw,545i,545i 4DR SEDAN RWD,2004-2005
bmw,550e,5-SERIES 550e xDRIVE 4DR SEDAN,2024-2026
bmw,550i,5 SERIES 550i 4 DR SEDAN RWD,2011-2014
bmw,550i,5 SERIES 550i 4DR SEDAN RWD,"2008-2010,2015"
bmw,550i,5 SERIES 550i Gran Turismo 4DR SEDAN RWD,2010
bmw,550i,5 SERIES 550i xDRIVE 4DR SEDAN AWD,2015-2016
bmw,550i,5 SERIES 550i xDRIVE Gran Turismo 5DR SEDAN A,2015
bmw,550i,5 SERIES 550i xDrive 4 DR SEDAN AWD,2011-2014
bmw,550i,5 SERIES 550i xDrive Gran Turismo 5DR SEDAN A,2012-2014
bmw,550i,550i 4DR SEDAN RWD,2006-2007
bmw,633_csi,633 csi,1982-1984
bmw,633_csi,633 csi CP,1981
bmw,635csi,635 CSI,1986
bmw,635csi,635 CSI 2 DR COUPE,1987-1988
bmw,635csi,635 csi,1985
bmw,640i,6 SERIES GRAN COUPE 640i xDRIVE 4DR SEDAN,2015-2018
bmw,640i,6 SERIES GRAN TURISMO 640i xDRIVE 4DR SEDAN,2019
bmw,645ci,645Ci 2DR CABRIOLET RWD,2004-2005
bmw,645ci,645Ci 2DR COUPE RWD,2004-2005
bmw,650i,6 SERIES  650i xDRIVE 2DR COUPE AWD,2015-2017
bmw,650i,6 SERIES  650i xDrive 2DR COUPE AWD,2012-2014
bmw,650i,6 SERIES 650i 2DR COUPE RWD,2008-2012
bmw,650i,6 SERIES 650i xDRIVE 2DR CABRIOLET,2018
bmw,650i,6 SERIES 650i xDRIVE 2DR COUPE,2018
bmw,650i,6 SERIES CABRIOLET 650i 2DR CONV RWD,2012
bmw,650i,6 SERIES CABRIOLET 650i 2DR RWD,2008-2011
bmw,650i,6 SERIES CABRIOLET 650i xDRIVE 2DR CONV AWD,2015-2017
bmw,650i,6 SERIES CABRIOLET 650i xDrive 2DR CONV AWD,2012-2014
bmw,650i,6 SERIES GRAN COUPE 650i xDRIVE 4DR SEDAN,2015-2018
bmw,650i,6 SERIES GRAN COUPE 650i xDrive 4DR SEDAN,2013-2014
bmw,650i,6 SERIES GRAN TURISMO 650i xDRIVE 4DR SEDAN,2018
bmw,650i,650i 2DR CABRIOLET RWD,2006-2007
bmw,650i,650i 2DR COUPE RWD,2006-2007
bmw,733i,733 i,1982-1984
bmw,733i,733i SD,1981
bmw,735i,735 I,1986
bmw,735i,735 I 4 DR SEDAN,1987-1988
bmw,735i,735 i,1985
bmw,735i,735i 4DR SEDAN,1990-1992
bmw,735il,735IL 4DR SEDAN,1989
bmw,735il,735iL 4DR SEDAN,1990-1992
bmw,740i,7 SERIES 740i 4DR SEDAN,2023-2025
bmw,740i,740i 4DR SEDAN,"1994-1995,1997-2001"
bmw,740i,740iA 4DR SEDAN,1993
bmw,740i,740iAL 4DR SEDAN,1993
bmw,740il,740iL 4DR SEDAN,1994-2001
bmw,740li,7 SERIES 740Li xDRIVE 4DR SEDAN AWD,2013-2015
bmw,745i,745i 4DR SEDAN RWD,2002-2005
bmw,745le,7 SERIES 745Le xDRIVE 4DR SEDAN LWB,2020-2022
bmw,745li,745Li 4DR SEDAN RWD,2002-2005
bmw,750e,7 SERIES 750e xDRIVE 4DR SEDAN,2026
bmw,750i,7 SERIES 750i 4DR SEDAN RWD,"2008-2010,2012"
bmw,750i,7 SERIES 750i XDRIVE 4DR SEDAN AWD,2010-2014
bmw,750i,7 SERIES 750i xDRIVE 4DR SEDAN AWD,2015
bmw,750i,7 SERIES 750i xDRIVE 4DR SEDAN SWB,2016-2022
bmw,750i,750i 4DR SEDAN RWD,2006-2007
bmw,750il,750IL,1988-1989
bmw,750il,750iL 4DR SEDAN,1990-2001
bmw,750li,7 SERIES 750Li 4DR SEDAN RWD,"2008-2010,2012"
bmw,750li,7 SERIES 750Li XDRIVE 4DR SEDAN AWD,2010-2014
bmw,750li,7 SERIES 750Li xDRIVE 4DR SEDAN AWD,2015
bmw,750li,7 SERIES 750Li xDRIVE 4DR SEDAN LWB,2016-2022
bmw,750li,750Li 4DR SEDAN RWD,2006-2007
bmw,760i,7 SERIES 760i xDRIVE 4DR SEDAN,2023-2026
bmw,760li,7 SERIES 760Li 4DR SEDAN RWD,"2008,2011-2015"
bmw,760li,760Li 4DR SEDAN RWD,2004-2007
bmw,840ci,840 Ci 2DR COUPE,1997
bmw,840ci,840Ci/850Ci 2DR COUPE,1994-1996
bmw,850ci,850 Ci 2DR COUPE,1997
bmw,850ci,850ci 2DR COUPE,1993
bmw,850i,850i 2DR COUPE,1990-1992
bmw,activehybrid_3,3 SERIES ACTIVEHYBRID 3 4DR SEDAN RWD,2013-2015
bmw,activehybrid_5,5 SERIES ACTIVEHYBRID 5 4 DR SEDAN RWD,2013-2014
bmw,activehybrid_5,5 SERIES ACTIVEHYBRID 5 4DR SEDAN RWD,2015
bmw,alpina,6 SERIES GRAN COUPE ALPINA B6,2017
bmw,alpina,7 SERIES ALPINA B7,2020-2022
bmw,alpina,7 SERIES ALPINA B7 SEDAN RWD,2008
bmw,i3,i SERIES i3,2014-2021
bmw,i3,i SERIES i3 RANGE EXTENDER,2014-2021
bmw,i4,4 SERIES i4 GRAN COUPE 4DR SEDAN,2022-2025
bmw,i4,4 SERIES i4 eDRIVE40 GRAN COUPE 4DR SEDAN,2026
bmw,i4,4 SERIES i4 xDRIVE40 GRAN COUPE 4DR SEDAN,2026
bmw,i5,5-SERIES i5 xDRIVE40 4DR SEDAN,2024-2026
bmw,i7,i7 4DR SEDAN,2023-2025
bmw,i7,i7 M70 xDRIVE 4DR SEDAN,2026
bmw,i7,i7 xDRIVE60 4DR SEDAN,2026
bmw,i8,i SERIES i8,2014-2021
bmw,i8,i SERIES i8 ROADSTER,2018-2021
bmw,ix,iX M60 SERIES,2022-2025
bmw,ix,iX M70 xDRIVE SERIES,2026
bmw,ix,iX SERIES,2022-2025
bmw,ix,iX xDRIVE45 SERIES,2026
bmw,ix,iX xDRIVE60 SERIES,2026
bmw,ix,iX3 SERIES,2026-2027
bmw,m2,M 2DR COUPE 3.2L,1999
bmw,m2,M2 2DR COUPE,2018-2026
bmw,m2,M2 2DR COUPE RWD,2017
bmw,m2,M2 CS 2DR COUPE,2026
bmw,m235i,2 SERIES M235i 2DR CABRIOLET  RWD,2015-2017
bmw,m235i,2 SERIES M235i 2DR COUPE RWD,2014-2017
bmw,m235i,2 SERIES M235i xDRIVE 2DR CABRIOLET,2017
bmw,m235i,2 SERIES M235i xDRIVE 2DR COUPE AWD,2015-2017
bmw,m235i,2 SERIES M235i xDRIVE GRAN COUPE,2020-2027
bmw,m240i,2 SERIES M240i 2DR CABRIOLET  RWD,2018-2021
bmw,m240i,2 SERIES M240i 2DR COUPE RWD,2018-2021
bmw,m240i,2 SERIES M240i xDRIVE 2DR CABRIOLET,2018-2021
bmw,m240i,2 SERIES M240i xDRIVE 2DR COUPE,2018-2026
bmw,m3,M3,1988-1989
bmw,m3,M3 2DR CABRIOLET,2001-2006
bmw,m3,M3 2DR CONV RWD,2010-2013
bmw,m3,M3 2DR COUPE,"1994,1997-1999,2001-2006"
bmw,m3,M3 2DR COUPE RWD,2008-2013
bmw,m3,M3 2DR SEDAN,1990-1991
bmw,m3,M3 4DR SEDAN,"1997-1998,2018-2019,2021-2026"
bmw,m3,M3 4DR SEDAN RWD,"2008-2011,2015-2017"
bmw,m340i,3-SERIES M340i xDRIVE 4DR SEDAN,2019-2026
bmw,m4,M4 2DR CABRIOLET,2018-2020
bmw,m4,M4 2DR CABRIOLET RWD,2015-2017
bmw,m4,M4 2DR COUPE,2018-2026
bmw,m4,M4 2DR COUPE RWD,2015-2017
bmw,m440i,4 SERIES GRAN COUPE M440i xDRIVE 4DR SEDAN,2022-2025
bmw,m440i,4 SERIES M440i 2DR CABRIOLET,2021-2026
bmw,m440i,4 SERIES M440i xDRIVE 2DR COUPE,2021-2026
bmw,m5,4 SERIES i4 M50 4DR SEDAN,2022-2025
bmw,m5,5-SERIES M5 4DR SEDAN,2025-2026
bmw,m5,5-SERIES M5 TOURING 4DR WAGON,2025-2026
bmw,m5,M5,1988
bmw,m5,M5 4 DR SEDAN RWD,2012-2014
bmw,m5,M5 4DR SEDAN,"1990-1993,1999-2003,2018-2026"
bmw,m5,M5 4DR SEDAN RWD,"2005-2010,2015-2016"
bmw,m5,M540i 4DR SEDAN,1995
bmw,m550i,5 SERIES M550i xDRIVE 4DR SEDAN,2017-2024
bmw,m6,4 SERIES i4 M60 GRAN COUPE 4DR SEDAN,2026
bmw,m6,5-SERIES i5 M60 xDRIVE 4DR SEDAN,2024-2026
bmw,m6,635 M6 2 DR COUPE,1987
bmw,m6,M6 2 DR COUPE,1988-1989
bmw,m6,M6 2DR CABRIOLET,2018-2019
bmw,m6,M6 2DR COUPE,2018-2019
bmw,m6,M6 2DR COUPE RWD,"2006-2007,2013-2017"
bmw,m6,M6 CABRIOLET 2DR CONV RWD,2013-2017
bmw,m6,M6 CABRIOLET 2DR CONVERTIBLE RWD,2007-2010
bmw,m6,M6 COUPE 2DR RWD,2008-2010
bmw,m6,M6 GRAN COUPE 4DR SEDAN,2013-2019
bmw,m760li,7 SERIES M760Li xDRIVE 4DR SEDAN LWB,2018-2022
bmw,m8,M8 2DR CONVERTIBLE,2020-2026
bmw,m8,M8 2DR COUPE,2020-2026
bmw,m8,M8 GRAN COUPE,2020-2026
bmw,x1,X1 4DR SUV,2023-2025
bmw,x1,X1 M35i xDRIVE 4DR SUV,2026
bmw,x1,X1 xDRIVE28i 4DR SUV,"2013-2022,2026"
bmw,x1,X1 xDRIVE35i 4DR SUV,2013-2015
bmw,x1,X1 xDrive28i 4DR SUV,2012
bmw,x2,X2 M35i 4DR SUV,2020-2023
bmw,x2,X2 M35i xDRIVE 4DR SUV,2024-2026
bmw,x2,X2 sDRIVE28i 4DR SUV FWD,2018-2019
bmw,x2,X2 xDRIVE28i 4DR SUV,2024-2026
bmw,x2,X2 xDRIVE28i 4DR SUV AWD,2018-2023
bmw,x3,X3 30 xDRIVE 4DR SUV,2026
bmw,x3,X3 4DR SUV AWD /2.5i,2004-2006
bmw,x3,X3 4DR SUV AWD /3.0i,2004-2006
bmw,x3,X3 4DR SUV AWD 28i/30i,2010
bmw,x3,X3 4DR SUV AWD 3.0i/3.0si,2007-2009
bmw,x3,X3 M40i 4DR SUV,2018-2024
bmw,x3,X3 M50 xDRIVE 4DR SUV,2025-2026
bmw,x3,X3 xDRIVE28d 4DR SUV,2015-2016
bmw,x3,X3 xDRIVE28i 4 DR SUV,2013-2014
bmw,x3,X3 xDRIVE28i 4DR SUV,2015-2017
bmw,x3,X3 xDRIVE30e PHEV 4DR SUV,2020-2024
bmw,x3,X3 xDRIVE30i 4DR SUV,2018-2024
bmw,x3,X3 xDRIVE35i 4 DR SUV,2013-2014
bmw,x3,X3 xDRIVE35i 4DR SUV,2015-2017
bmw,x3,X3 xDrive28i 4 DR SUV,2011-2012
bmw,x3,X3 xDrive35i 4 DR SUV,2011-2012
bmw,x3,X3M 4DR SUV,2020-2024
bmw,x4,X4 M40i 4DR SUV,2017-2025
bmw,x4,X4 xDRIVE28i 4DR SUV,2015-2018
bmw,x4,X4 xDRIVE30i 4DR SUV,2019-2025
bmw,x4,X4 xDRIVE35i 4DR SUV,2015-2018
bmw,x4,X4M 4DR SUV,2020-2025
bmw,x5,X5 3.0i 4DR SUV AWD,2004-2006
bmw,x5,X5 3.0i SUV,2001-2003
bmw,x5,X5 3.0si 4DR SUV AWD,2007-2010
bmw,x5,X5 4.4i 4DR SUV AWD,2004-2006
bmw,x5,X5 4.4i SUV,2001
bmw,x5,X5 4.4i/ X5 4.6is SUV,2002-2003
bmw,x5,X5 4.8i 4DR SUV AWD,2007-2009
bmw,x5,X5 4.8i/3.5D 4DR SUV AWD,2010
bmw,x5,X5 M50i 4DR SUV,2020-2025
bmw,x5,X5 M60i 4DR SUV,2026
bmw,x5,X5 SUV,2000
bmw,x5,X5 xDRIVE35d 4DR SUV,2013-2018
bmw,x5,X5 xDRIVE35d THIRD ROW SEATING 4DR SUV,2017-2018
bmw,x5,X5 xDRIVE35i 4DR SUV,2013-2018
bmw,x5,X5 xDRIVE35i THIRD ROW SEATING 4DR SUV,2017-2018
bmw,x5,X5 xDRIVE40e 4DR SUV,2017-2018
bmw,x5,X5 xDRIVE40i 4DR SUV,"2019,2026"
bmw,x5,X5 xDRIVE40i 5 SEAT 4DR SUV,2020-2025
bmw,x5,X5 xDRIVE40i 7 SEAT 4DR SUV,2020-2025
bmw,x5,X5 xDRIVE45e 4DR SUV,2021-2025
bmw,x5,X5 xDRIVE50e 4DR SUV,2026
bmw,x5,X5 xDRIVE50i 4DR SUV,2013-2019
bmw,x5,X5 xDRIVE50i THIRD ROW SEATING 4DR SUV,2017-2018
bmw,x5,X5 xDrive35d 4DR SUV AWD,2011-2012
bmw,x5,X5 xDrive35i 4DR SUV AWD,2011-2012
bmw,x5,X5 xDrive50i 4DR SUV AWD,2011-2012
bmw,x5,X5M 4DR SUV,2017-2026
bmw,x5,X5M 4DR SUV AWD,2010-2013
bmw,x6,X6 4DR SUV,2008
bmw,x6,X6 4DR SUV xDRIVE 350i,2009
bmw,x6,X6 4DR SUV xDRIVE 35i,2010
bmw,x6,X6 4DR SUV xDRIVE 50i,2010
bmw,x6,X6 ActiveHybrid 4DR SUV,2011-2012
bmw,x6,X6 M50i 4DR SUV,2020-2025
bmw,x6,X6 M60i 4DR SUV,2026
bmw,x6,X6 xDRIVE 35i 4DR SUV,2011-2019
bmw,x6,X6 xDRIVE 50i 4DR SUV,2011-2019
bmw,x6,X6 xDRIVE40i 4DR SUV,2020-2026
bmw,x6,X6M 4DR SUV,2020-2026
bmw,x6,X6M 4DR SUV AWD,2010-2019
bmw,x7,X7 M50i 4DR SUV,2020-2022
bmw,x7,X7 M60i 4DR SUV,2023-2026
bmw,x7,X7 xDRIVE40i 4DR SUV,2019-2026
bmw,x7,X7 xDRIVE50i 4DR SUV,2019
bmw,xm,XM 4DR SUV,2023-2026
bmw,z3,Z3 1.9 ROADSTER,1997-1998
bmw,z3,Z3 2.3 ROADSTER,1999
bmw,z3,Z3 2.8 ROADSTER,1997-1999
bmw,z3,Z3 2DR ROADSTER,1996
bmw,z3,Z3 ROADSTER 2.3,2000
bmw,z3,Z3 ROADSTER 2.5,2001-2002
bmw,z3,Z3 ROADSTER 2.8,2000
bmw,z3,Z3 ROADSTER 3.0,2001-2002
bmw,z4,Z4 2.5i 2DR CONV RWD,2003-2007
bmw,z4,Z4 2DR CONVERTIBLE,2019
bmw,z4,Z4 3.0i / 3.0si 2DR CONV RWD,2007-2008
bmw,z4,Z4 3.0i 2DR CONV RWD,2003-2006
bmw,z4,Z4 M 2DR CONV RWD,2008
bmw,z4,Z4 M40i 2DR CONVERTIBLE,2020-2026
bmw,z4,Z4 sDRIVE 2DR CONV RWD 23i/30i,2009
bmw,z4,Z4 sDRIVE 2DR CONV RWD 30i,2010
bmw,z4,Z4 sDRIVE 2DR CONV RWD 35i,2009-2010
bmw,z4,Z4 sDRIVE28i 2DR CONV RWD,2014-2017
bmw,z4,Z4 sDRIVE30i 2DR CONV RWD,2011-2013
bmw,z4,Z4 sDRIVE30i 2DR CONVERTIBLE,2020-2026
bmw,z4,Z4 sDRIVE35i/35is 2DR CONV RWD,2011-2017
bmw,z8,Z8 ROADSTER 5.0,2001-2005
buick,allure,ALLURE CX/CXL/CXS 4DR SEDAN FWD,2005-2009
buick,allure,ALLURE SUPER 4DR SEDAN FWD,2008-2009
buick,cascada,CASCADA,2016-2017
buick,century,CENTURY & T-TYPE CP,1983-1984
buick,century,CENTURY & T-TYPE SD,1983-1984
buick,century,CENTURY 2 DR CP,1981
buick,century,CENTURY 4 DR SD,1981-1982
buick,century,CENTURY 4DR SEDAN CUSTOM/LIMITED,1997-2003
buick,century,CENTURY 4DR SEDAN CUSTOM/SPECIAL,1994-1996
buick,century,CENTURY 4DR SEDAN FWD,2004-2005
buick,century,CENTURY 4DR WAGON SPECIAL,1994-1996
buick,century,CENTURY CUST. & ESTATE WAG.,1984
buick,century,CENTURY CUST. 2 DR CP,1982
buick,century,CENTURY CUSTOM 2 DR COUPE,1987-1989
buick,century,CENTURY CUSTOM 4 DR SEDAN,1987
buick,century,CENTURY CUSTOM COUPE,1985-1986
buick,century,CENTURY CUSTOM ESTATE WAGON,1990-1991
buick,century,CENTURY CUSTOM SEDAN,1985-1986
buick,century,CENTURY CUSTOM WAGON,1985-1987
buick,century,CENTURY CUSTOM/LIMITED 4DR SEDAN,1988-1993
buick,century,CENTURY CUSTOM/LIMITED WAGON,1992-1993
buick,century,CENTURY ESTATE WAGON,1985-1989
buick,century,CENTURY LIMITED 2 DR COUPE,1987
buick,century,CENTURY LIMITED 4 DR SEDAN,1987
buick,century,CENTURY LIMITED COUPE,1985-1986
buick,century,CENTURY LIMITED SEDAN,1985-1986
buick,century,CENTURY LTD. 2 DR CP,1981-1982
buick,century,CENTURY LTD. 4 DR SD,1981-1982
buick,century,CENTURY T-TYPE COUPE,1985
buick,century,CENTURY T-TYPE SEDAN,1985-1986
buick,century,CENTURY WAGON,1981
buick,electra,ELECTRA 4 DR SEDAN,1987
buick,electra,ELECTRA COUPE (BASE),1985-1986
buick,electra,ELECTRA EST. WAGON,1983-1984
buick,electra,ELECTRA EST. WAGON 4 DR,1982
buick,electra,ELECTRA ESTATE WAGON,1985-1989
buick,electra,ELECTRA LTD. & PARKAVE CP,1983-1984
buick,electra,ELECTRA LTD. & PARKAVE SD,1983-1984
buick,electra,ELECTRA LTD. 2 DR CP,1981-1982
buick,electra,ELECTRA LTD. 4 DR SD,1981-1982
buick,electra,ELECTRA PARK AVENUE 2 DR COUPE,1987
buick,electra,ELECTRA PARK AVENUE 4 DR SEDAN,1987-1988
buick,electra,ELECTRA PARK AVENUE BASE/ULTRA 4DR SEDAN,1990
buick,electra,ELECTRA PARK AVENUE COUPE,1985-1986
buick,electra,ELECTRA PARK AVENUE SEDAN,1985-1986
buick,electra,ELECTRA PARK AVENUE ULTRA SEDAN,1989
buick,electra,ELECTRA PARKAVE 2 DR CP,1981-1982
buick,electra,ELECTRA PARKAVE 4 DR,1981
buick,electra,ELECTRA PARKAVE 4 DR SD,1982
buick,electra,ELECTRA SEDAN (BASE),1985-1986
buick,electra,ELECTRA T-TYPE 4 DR SEDAN,1987
buick,electra,ELECTRA T-TYPE COUPE,1985-1986
buick,electra,ELECTRA T-TYPE SEDAN,1985-1986
buick,electra,ELECTRA WAGON,1981
buick,enclave,ENCLAVE 4DR SUV,2025-2026
buick,enclave,ENCLAVE 4DR SUV AWD,2015-2024
buick,enclave,ENCLAVE 4DR SUV AWD BASE/LEATHER/PREMIUM,2013-2014
buick,enclave,ENCLAVE 4DR SUV AWD CX/CXL,2010-2012
buick,enclave,ENCLAVE 4DR SUV FWD,2015-2024
buick,enclave,ENCLAVE 4DR SUV FWD BASE/LEATHER/PREMIUM,2013-2014
buick,enclave,ENCLAVE 4DR SUV FWD CX/CXL,2007-2012
buick,encore,ENCORE 4DR SUV AWD,2013-2024
buick,encore,ENCORE 4DR SUV FWD,2013-2024
buick,encore_gx,ENCORE GX 4DR SUV AWD,2020-2026
buick,encore_gx,ENCORE GX 4DR SUV FWD,2020-2026
buick,envision,ENVISION 2.0L 4DR SUV AWD,2020
buick,envision,ENVISION 2.5L 4DR SUV AWD,2020
buick,envision,ENVISION 4DR SUV,2016
buick,envision,ENVISION 4DR SUV AWD,2017-2019
buick,envision,ENVISION AVENIR SUV AWD,2025-2026
buick,envision,ENVISION SUV AWD,2021-2026
buick,envision,ENVISION SUV FWD,2021-2026
buick,envista,ENVISTA 4DR SUV,2024-2026
buick,envista,ENVISTA AVENIR 4DR SUV,2025-2026
buick,lacrosse,LACROSSE 4DR SEDAN AWD,"2012,2017-2020"
buick,lacrosse,LACROSSE 4DR SEDAN CX FWD,2011
buick,lacrosse,LACROSSE 4DR SEDAN CX/CXL/CXS FWD,2010
buick,lacrosse,LACROSSE 4DR SEDAN CXL AWD,2010-2011
buick,lacrosse,LACROSSE 4DR SEDAN CXL/CXS FWD,2011
buick,lacrosse,LACROSSE 4DR SEDAN FWD,"2012,2017-2020"
buick,lacrosse,LACROSSE 4DR SEDAN I4 FWD,2015-2016
buick,lacrosse,LACROSSE 4DR SEDAN V-6 AWD,2013-2016
buick,lacrosse,LACROSSE 4DR SEDAN V-6 FWD,2013-2016
buick,lacrosse,LACROSSE 4DR SEDAN eAssist,2012-2014
buick,lesabre,LE SABRE 2 DR CP,1981-1982
buick,lesabre,LE SABRE 4 DR SD,1981-1982
buick,lesabre,LE SABRE CUST. & LTD. CP,1983-1984
buick,lesabre,LE SABRE CUST. LTD. SD,1983-1984
buick,lesabre,LE SABRE EST. WAGON,1982
buick,lesabre,LE SABRE LTD. 2 DR CP,1981-1982
buick,lesabre,LE SABRE LTD. 4 DR SD,1981-1982
buick,lesabre,LE SABRE WAGON,1981
buick,lesabre,LESABRE 4DR SEDAN CUSTOM/LIMITED,"1994-1995,1997-2005"
buick,lesabre,LESABRE CUSTOM 2 DR COUPE,1987
buick,lesabre,LESABRE CUSTOM 4 DR SEDAN,1987
buick,lesabre,LESABRE CUSTOM COUPE,1985-1986
buick,lesabre,LESABRE CUSTOM SEDAN,1985-1986
buick,lesabre,LESABRE CUSTOM/LIMITED 4 DR SEDAN,1988-1989
buick,lesabre,LESABRE CUSTOM/LIMITED 4DR SEDAN,1990-1993
buick,lesabre,LESABRE ESTATE WAGON,1985-1987
buick,lesabre,LESABRE LIMITED 2 DR COUPE,1987
buick,lesabre,LESABRE LIMITED 4 DR SEDAN,1987
buick,lesabre,LESABRE LIMITED COUPE,1985-1986
buick,lesabre,LESABRE LIMITED SEDAN,1985-1986
buick,lesabre,LESABRE LIMITED/T-TYPE COUPE,1988-1989
buick,lesabre,LESABRE T-TYPE 2 DR COUPE,1987
buick,lucerne,LUCERNE 4DR SEDAN FWD CX/CXL,2011
buick,lucerne,LUCERNE 4DR SEDAN FWD SUPER,2011
buick,lucerne,LUCERNE CX 4DR SEDAN FWD,2006-2010
buick,lucerne,LUCERNE CXL/CXS 4DR SEDAN FWD,2006-2007
buick,lucerne,LUCERNE CXL/CXS/SUPER 4DR SEDAN FWD,2008-2009
buick,lucerne,LUCERNE CXL/SUPER 4DR SEDAN FWD,2010
buick,park_avenue,PARK AVENUE 4DR SEDAN BASE,1997-2005
buick,park_avenue,PARK AVENUE 4DR SEDAN BASE/ULTRA,1994-1996
buick,park_avenue,PARK AVENUE 4DR SEDAN ULTRA,1997-2005
buick,park_avenue,PARK AVENUE BASE/ULTRA 4DR SEDAN,1991-1993
buick,rainier,RAINIER  4DR SUV AWD,2006-2007
buick,rainier,RAINIER CXL 4DR SUV AWD,2004-2005
buick,reatta,REATTA 2 DR COUPE,1989
buick,reatta,REATTA 2DR COUPE,1990-1991
buick,reatta,REATTA CONVERTIBLE,1990-1991
buick,regal,REGAL & LTD. SD,1983-1984
buick,regal,REGAL & T-TYPE CP,1983-1984
buick,regal,REGAL 2 DR COUPE,1987
buick,regal,REGAL 2 DR CP,1981-1982
buick,regal,REGAL 2DR COUPE CUSTOM/LTD/GRAN SPORT,1994-1996
buick,regal,REGAL 4 DR SD,1981-1982
buick,regal,REGAL 4DR SEDAN AWD,2017
buick,regal,REGAL 4DR SEDAN BASE/eAssist,2012-2013
buick,regal,REGAL 4DR SEDAN CUSTOM/LTD/GRAN SPORT,1994-1996
buick,regal,REGAL 4DR SEDAN CXL/CXL TURBO,2011
buick,regal,REGAL 4DR SEDAN FWD,2017
buick,regal,REGAL 4DR SEDAN LS/GS,1997-2004
buick,regal,REGAL 4DR SEDAN TURBO/GS,2012-2016
buick,regal,REGAL 4DR SEDAN eAssist,2014-2016
buick,regal,REGAL COUPE (BASE),1985-1986
buick,regal,REGAL CUSTOM/LIMITED 2 DR COUPE,1988-1989
buick,regal,REGAL CUSTOM/LIMITED 2DR COUPE,1990
buick,regal,REGAL CUSTOM/LIMITED 4DR SEDAN,1990
buick,regal,REGAL CUSTOM/LTD/GRAN SPORT COUPE 2DR,1991-1993
buick,regal,REGAL CUSTOM/LTD/GRAN SPORT COUPE 4DR,1991
buick,regal,REGAL CUSTOM/LTD/GRAN SPORT SEDAN 4DR,1992-1993
buick,regal,REGAL EST. 4 DR SD,1982
buick,regal,REGAL EST. 4 DR WAGON,1981
buick,regal,REGAL GRAND NATIONAL 2 DR COUPE,1987
buick,regal,REGAL LIMITED 2 DR COUPE,1987
buick,regal,REGAL LIMITED COUPE,1985-1986
buick,regal,REGAL LTD. 2 DR CP,1981-1982
buick,regal,REGAL LTD. 4 DR SD,1981-1982
buick,regal,REGAL SPORTBACK,2018-2020
buick,regal,REGAL SPT 2 DR CP,1981
buick,regal,REGAL SPT. 2 DR CP,1982
buick,regal,REGAL T-TYPE COUPE,1985-1986
buick,regal_tourx,REGAL TOUR X WAGON,2018-2020
buick,rendezvous,RENDEZVOUS 4DR SUV CX AWD/CXL AWD,2002
buick,rendezvous,RENDEZVOUS 4DR SUV FWD CX,2002
buick,rendezvous,RENDEZVOUS CX/CX Plus/CXL/CXL Plus 4DR SUV FW,2003
buick,rendezvous,RENDEZVOUS CX/CX Plus/CXL/CXL Plus/Ultra 4DR,2004-2007
buick,riviera,RIVIERA,1981-1982
buick,riviera,RIVIERA & T-TYPE CP,1983-1984
buick,riviera,RIVIERA 2 DR COUPE,1987-1989
buick,riviera,RIVIERA 2DR COUPE,"1990-1993,1995-1998"
buick,riviera,RIVIERA CONV.,1983-1984
buick,riviera,RIVIERA CONVERTIBLE,1985
buick,riviera,RIVIERA COUPE (BASE),1985-1986
buick,riviera,RIVIERA T-TYPE 2 DR COUPE,1987
buick,riviera,RIVIERA T-TYPE COUPE,1985-1986
buick,roadmaster,ROADMASTER 4DR SEDAN BASE/LIMITED,1994-1996
buick,roadmaster,ROADMASTER BASE/LIMITED 4DR SEDAN,1991-1993
buick,roadmaster,ROADMASTER EASTATE WAGON,1991-1993
buick,roadmaster,ROADMASTER ESTATE WAGON,1994-1996
buick,skyhawk,SKYHAWK & T-TYPE CP,1983-1984
buick,skyhawk,SKYHAWK 2 DR COUPE,1985
buick,skyhawk,SKYHAWK 2 DR CP,1981-1982
buick,skyhawk,SKYHAWK 2 DR CP LTD.,1982
buick,skyhawk,SKYHAWK 2 DR LIMITED,1985
buick,skyhawk,SKYHAWK 2 DR T-TYPE,1985
buick,skyhawk,SKYHAWK 4 DR CUSTOM,1985
buick,skyhawk,SKYHAWK 4 DR SD,1981-1982
buick,skyhawk,SKYHAWK 4 DR SD LTD.,1982
buick,skyhawk,SKYHAWK COUPE CUSTOM,1986
buick,skyhawk,SKYHAWK COUPE LIMITED,1986
buick,skyhawk,SKYHAWK COUPE T-TYPE,1986
buick,skyhawk,SKYHAWK CUST. & LTD. SD,1983-1984
buick,skyhawk,SKYHAWK CUST. LTD. WAG,1983
buick,skyhawk,SKYHAWK CUST. LTD. WAG.,1984
buick,skyhawk,SKYHAWK CUSTOM  2 DR COUPE,1988
buick,skyhawk,SKYHAWK CUSTOM  4 DR SEDAN,1988
buick,skyhawk,SKYHAWK CUSTOM 2 DR COUPE,1987
buick,skyhawk,SKYHAWK CUSTOM 4 DR SEDAN,1987
buick,skyhawk,SKYHAWK CUSTOM SEDAN,1986
buick,skyhawk,SKYHAWK CUSTOM WAGON,1985-1988
buick,skyhawk,SKYHAWK HATCHBACK COUPE SPORT,1986
buick,skyhawk,SKYHAWK HATCHBACK COUPE T-TYPE,1986
buick,skyhawk,SKYHAWK LIMITED 2 DR COUPE,1987
buick,skyhawk,SKYHAWK LIMITED 4 DR SEDAN,1987
buick,skyhawk,SKYHAWK LIMITED SEDAN,1985-1986
buick,skyhawk,SKYHAWK LIMITED WAGON,1985-1987
buick,skyhawk,SKYHAWK SPORT COUPE 2 DR HATCHBACK,1987
buick,skylark,SKYLARK & T-TYPE CP,1983-1984
buick,skylark,SKYLARK /GRAN SPORT 2DR COUPE,1992-1993
buick,skylark,SKYLARK /GRAN SPORT 4DR SEDAN,1992-1993
buick,skylark,SKYLARK 2 DR CP,1981-1982
buick,skylark,SKYLARK 2DR COUPE CUSTOM/GRAN SPORT,1994
buick,skylark,SKYLARK 2DR COUPE CUSTOM/LTD/GRAN SPORT,1995-1997
buick,skylark,SKYLARK 4 DR SD,1981-1982
buick,skylark,SKYLARK 4DR SEDAN CUSTOM/LTD/GRAN SPORT,1994-1998
buick,skylark,SKYLARK CUST. & LTD. SD,1983-1984
buick,skylark,SKYLARK CUSTOM,1985
buick,skylark,SKYLARK CUSTOM 4 DR SEDAN,1987
buick,skylark,SKYLARK CUSTOM/ LIMITED 4DR SEDAN,1988-1989
buick,skylark,SKYLARK CUSTOM/ LIMITED COUPE,1988-1989
buick,skylark,SKYLARK CUSTOM/GRAN SPORT 2DR COUPE,1990-1991
buick,skylark,SKYLARK CUSTOM/LIMITED 4DR SEDAN,1990
buick,skylark,SKYLARK CUSTOM/LUXURY EDITION 4DR SEDAN,1991
buick,skylark,SKYLARK LIMITED 4 DR SEDAN,1987
buick,skylark,SKYLARK LIMITED SEDAN,1985
buick,skylark,SKYLARK LTD. 2 DR CP,1981-1982
buick,skylark,SKYLARK LTD. 4 DR SD,1981-1982
buick,skylark,SKYLARK SPT 2 DR CP,1981
buick,skylark,SKYLARK SPT. 2 DR CP,1982
buick,skylark,SKYLARK SPT. 4 DR SD,1982
buick,somerset,SOMERSET (BASE),1986
buick,somerset,SOMERSET CUSTOM 2 DR COUPE,1987
buick,somerset,SOMERSET LIMITED  COUPE,1986
buick,somerset,SOMERSET LIMITED 2 DR COUPE,1987
buick,somerset,SOMERSET REGAL (BASE),1985
buick,somerset,SOMERSET REGAL LIMITED COUPE,1985
buick,somerset,SOMERSET T-TYPE COUPE,1986
buick,terraza,TERRAZA CX/CXL 4DR VAN FWD,2005-2007
buick,verano,VERANO 4DR SEDAN,2012
buick,verano,VERANO 4DR SEDAN BASE/TURBO,2013-2017
cadillac,allante,ALLANTE CONVERTIBLE,1990
cadillac,allante,ALLANTE CONVERTIBLE COUPE,1988-1989
cadillac,allante,ALLANTE CONVERTIBLE/COUPE,1987
cadillac,allante,ALLANTE CONVERTIBLE/HARDTOP,1991-1993
cadillac,ats,ATS 2DR COUPE 2.0L AWD,2015-2019
cadillac,ats,ATS 2DR COUPE 2.0L RWD,2015-2019
cadillac,ats,ATS 2DR COUPE 3.6L AWD,2015-2019
cadillac,ats,ATS 2DR COUPE 3.6L RWD,2015-2019
cadillac,ats,ATS 4DR SEDAN BASE RWD,2013-2016
cadillac,ats,ATS 4DR SEDAN TURBO/3.6L V6 AWD,2013-2019
cadillac,ats,ATS 4DR SEDAN TURBO/3.6L V6 RWD,2013-2019
cadillac,ats,ATS-V 2DR COUPE RWD,2016-2019
cadillac,ats,ATS-V 4DR SEDAN RWD,2016-2019
cadillac,brougham,BROUGHAM 4 DR SEDAN,1987-1989
cadillac,brougham,BROUGHAM 4DR SEDAN,"1990,1992"
cadillac,brougham,BROUGHAM COUPE,1985
cadillac,brougham,BROUGHAM SEDAN,1985-1986
cadillac,brougham,BROUGHAM/BROUGHAM d'ELEGANCE 4DR SEDAN,1991
cadillac,catera,CATERA 4DR SEDAN,1997-2001
cadillac,celestiq,CELESTIQ 4DR SEDAN,2025-2026
cadillac,cimarron,CIMARRON,1983-1986
cadillac,cimarron,CIMARRON 4 DR SD,1981-1982
cadillac,ct4,CT4 2.0L 4DR SEDAN AWD,2020-2026
cadillac,ct4,CT4 2.0L 4DR SEDAN RWD,2020-2026
cadillac,ct4,CT4 2.7L / V-SERIES 4DR SEDAN AWD,2020-2026
cadillac,ct4,CT4 2.7L / V-SERIES 4DR SEDAN RWD,2020-2026
cadillac,ct4,CT4-V BLACKWING 4DR SEDAN RWD,2022-2026
cadillac,ct5,CT5 4DR SEDAN AWD,2020-2026
cadillac,ct5,CT5 4DR SEDAN RWD,2020-2026
cadillac,ct5,CT5 V-SERIES 4DR SEDAN AWD,2020-2026
cadillac,ct5,CT5 V-SERIES 4DR SEDAN RWD,2020-2026
cadillac,ct5,CT5-V BLACKWING 4DR SEDAN RWD,2022-2026
cadillac,ct6,CT6 2.0L 4DR SEDAN,2016-2018
cadillac,ct6,CT6 3.0L TWIN TURBO AWD 4DR SEDAN,2016-2018
cadillac,ct6,CT6 3.0L TWIN TURBO AWD PLATINUM 4DR SEDAN,2016-2018
cadillac,ct6,CT6 3.6L AWD 4DR SEDAN,2016-2018
cadillac,ct6,CT6 3.6L AWD PLATINUM 4DR SEDAN,2016-2018
cadillac,ct6,CT6 LUXURY AWD 4DR SEDAN,2019-2020
cadillac,ct6,CT6 PLATINUM AWD 4DR SEDAN,2019-2020
cadillac,ct6,CT6 PREMIUM LUXURY AWD 4DR SEDAN,2019-2020
cadillac,ct6,CT6 SPORT AWD 4DR SEDAN,2019
cadillac,ct6,CT6 V-SERIES AWD 4DR SEDAN,2020
cadillac,cts,CTS 2 DR COUPE AWD 3.6 4,2011-2013
cadillac,cts,CTS 2 DR COUPE RWD 3.6,2011-2013
cadillac,cts,CTS 2 DR COUPE SPORT/PERFORMANCE AWD,2014
cadillac,cts,CTS 2 DR COUPE SPORT/PERFORMANCE RWD,2014
cadillac,cts,CTS 2.0L AWD SEDAN,2014
cadillac,cts,CTS 2.0L RWD SEDAN,2014
cadillac,cts,CTS 3.6L AWDSEDAN,2014
cadillac,cts,CTS 3.6L RWD SEDAN,2014
cadillac,cts,CTS 4DR SEDAN 2.0L AWD,2015-2020
cadillac,cts,CTS 4DR SEDAN 2.0L RWD,2015-2020
cadillac,cts,CTS 4DR SEDAN 3.6L AWD,2015-2020
cadillac,cts,CTS 4DR SEDAN 3.6L RWD,2015-2020
cadillac,cts,CTS 4DR SEDAN AWD,2010
cadillac,cts,CTS 4DR SEDAN AWD 3.0 4/3.6 4,2011-2013
cadillac,cts,CTS 4DR SEDAN RWD,2010
cadillac,cts,CTS 4DR SEDAN RWD /Deluxe/Sport,2004-2007
cadillac,cts,CTS 4DR SEDAN RWD 3.0/3.6,2011-2013
cadillac,cts,CTS 4DR SPORTWAGON AWD 3.0 4/3.6 4,2011-2014
cadillac,cts,CTS 4DR SPORTWAGON RWD 3.0/3.6,2011-2014
cadillac,cts,CTS 4DR SPORTWAGON RWD/AWD,2010
cadillac,cts,CTS Deluxe/Sport,2003
cadillac,cts,CTS V-SPORT 4DR SEDAN RWD,2019-2020
cadillac,cts,CTS VSPORT 4DR SEDAN RWD,2015-2018
cadillac,cts,CTS VVT/DI 4DR SEDAN RWD,2008-2009
cadillac,cts,CTS Vsport RWD SEDAN,2014
cadillac,cts,CTS-V 2 DR COUPE RWD,2011-2014
cadillac,cts,CTS-V 4DR SEDAN RWD,"2004-2007,2010-2013,2016-2020"
cadillac,cts,CTS-V 4DR SPORTWAGON RWD,2011-2014
cadillac,deville,COUPE DE VILLE 2 DR,1987-1989
cadillac,deville,COUPE DE VILLE 2DR COUPE,1993
cadillac,deville,DE VILLE 2 DR CP,1981-1982
cadillac,deville,DE VILLE 4 DR SD,1981-1982
cadillac,deville,DE VILLE 4 DR SEDAN,1994-1996
cadillac,deville,DE VILLE 4 DR SEDAN CONCOURS,1994-1996
cadillac,deville,DE VILLE 4DR SEDAN BASE/D'ELEGANCE,1999
cadillac,deville,DE VILLE 4DR SEDAN BASE/DHS/DTS,2000-2005
cadillac,deville,DE VILLE 4DR SEDAN CONCOURS,1997-1999
cadillac,deville,DE VILLE 4DR SEDAN D'ELEGANCE,1997-1998
cadillac,deville,DE VILLE CP,1983-1984
cadillac,deville,DE VILLE SD,1983-1984
cadillac,deville,SEDAN DE VILLE/TOURING 4DR SEDAN,1993
cadillac,dts,DTS 4DR SEDAN FWD,2006-2011
cadillac,eldorado,ELDORADO,1983-1984
cadillac,eldorado,ELDORADO 2 DR COUPE,1987-1989
cadillac,eldorado,ELDORADO 2 DR CP,1982
cadillac,eldorado,ELDORADO 2DR COUPE SPORT/TOURING,2001-2002
cadillac,eldorado,ELDORADO BASE/BIARRITZ 2DR,1990
cadillac,eldorado,ELDORADO BIARITZ CONV.,1983-1984
cadillac,eldorado,ELDORADO CONVERTIBLE,1985
cadillac,eldorado,ELDORADO COUPE,1985-1986
cadillac,eldorado,ELDORADO COUPE 2DR,1992-1993
cadillac,eldorado,ELDORADO COUPE 2DR BASE/TOURING,1994-1999
cadillac,eldorado,ELDORADO COUPE 2DR SPORT/TOURING,2000
cadillac,eldorado,ELDORADO COUPE/BIARRITZ/TOURING 2DR,1991
cadillac,elr,ELR COUPE,2014-2016
cadillac,escalade,ESCALADE,2015-2020
cadillac,escalade,ESCALADE 4DR SUV,1999-2002
cadillac,escalade,ESCALADE 4DR SUV AWD,2003-2014
cadillac,escalade,ESCALADE EXT P/U EXT CAB S/BOX AWD,2002-2013
cadillac,escalade,ESCALADE HYBRID 4DR SUV 2WD,2008-2009
cadillac,escalade,ESCALADE HYBRID 4DR SUV 4WD,2008-2013
cadillac,escalade,ESCALADE LUXURY 4DR SUV,2021-2026
cadillac,escalade,ESCALADE SPORT / PREMIUM LUXURY 4DR SUV,2021-2026
cadillac,escalade,ESCALADE SPORT PLATINUM / PREMIUM LUXURY PLATFORM 4DR SUV,2021-2026
cadillac,escalade_esv,ESCALADE ESV,2015-2020
cadillac,escalade_esv,ESCALADE ESV 4DR SUV AWD,2003-2014
cadillac,escalade_esv,ESCALADE ESV LUXURY 4DR SUV,2021-2026
cadillac,escalade_esv,ESCALADE ESV SPORT / PREMIUM LUXURY 4DR SUV,2021-2026
cadillac,escalade_esv,ESCALADE ESV SPORT PLATINUM / PREMIUM LUXURY PLATFORM 4DR SUV,2021-2026
cadillac,escalade_iq,ESCALADE IQ 4DR SUV,2025-2026
cadillac,escalade_iql,ESCALADE IQL 4DR SUV,2026-2027
cadillac,fleetwood,COUPE DE VILLE/FLEETWOOD 2DR COUPE,1990-1992
cadillac,fleetwood,FLEETWOOD 2 DR CP,1981-1982
cadillac,fleetwood,FLEETWOOD 4 DR SD,1981-1982
cadillac,fleetwood,FLEETWOOD 4 DR SEDAN DE VILLE,1987
cadillac,fleetwood,FLEETWOOD BROUGH. CP,1983-1984
cadillac,fleetwood,FLEETWOOD BROUGH. SD,1983-1984
cadillac,fleetwood,FLEETWOOD COUPE,"1985-1986,1989"
cadillac,fleetwood,FLEETWOOD LIMOSINE,1985-1987
cadillac,fleetwood,FLEETWOOD SEDAN,"1985-1986,1989"
cadillac,fleetwood,FLEETWOOD SIXTY SPECIAL 4DR SEDAN,1990-1992
cadillac,fleetwood,FLEETWOOD SIXTY SPECIAL SEDAN,1988-1989
cadillac,fleetwood,FLEETWOOD/BROUGHAM,1993-1996
cadillac,fleetwood,SEDAN DE VILLE/ FLEETWOOD D'ELEGANCE 4DR,1988
cadillac,fleetwood,SEDAN DE VILLE/FLEETWOOD 4DR SEDAN,1990-1992
cadillac,fleetwood,SEDAN DE VILLE/FLEETWOOD D'ELEGANCE 4DR,1989
cadillac,lyriq,LYRIQ 4DR SUV,2023-2026
cadillac,optiq,OPTIQ 4DR SUV,2025-2026
cadillac,seville,SEVILLE,1983-1986
cadillac,seville,SEVILLE 4 DR SD,1981-1982
cadillac,seville,SEVILLE 4 DR SEDAN,1987-1988
cadillac,seville,SEVILLE 4 DR SEDAN/STS SEDAN,1989
cadillac,seville,SEVILLE 4DR SEDAN SLS,1994-2004
cadillac,seville,SEVILLE 4DR SEDAN STS,1994-2004
cadillac,seville,SEVILLE BASE/STS 4DR SEDAN,1990-1993
cadillac,srx,SRX 4DR CUV AWD,"2010-2013,2015-2016"
cadillac,srx,SRX 4DR CUV BASE/LUXURY FWD,2014
cadillac,srx,SRX 4DR CUV FWD,"2010-2013,2015-2016"
cadillac,srx,SRX 4DR CUV LUXURY/PERFORMANCE/PREMIUM AWD,2014
cadillac,srx,SRX 4DR SUV RWD V6,2004-2009
cadillac,srx,SRX 4DR SUV RWD V8,2004-2009
cadillac,sts,STS 4DR SEDAN AWD 3.6 4,2011
cadillac,sts,STS 4DR SEDAN RWD 3.6,2011
cadillac,sts,STS V6/V8 4DR SEDAN RWD,2005-2009
cadillac,sts,STS V6/V8 4DR SEDAN RWD/V6 AWD,2010
cadillac,sts,STS V8 4DR SEDAN AWD,2010
cadillac,sts,STS-V 4DR SEDAN RWD,2006-2009
cadillac,vistiq,VISTIQ 4DR SUV,2025-2026
cadillac,xlr,XLR ROADSTER 2DR CONV RWD,2004-2009
cadillac,xlr,XLR-V ROADSTER 2DR CONV RWD,2006-2009
cadillac,xt4,XT4 4DR SUV AWD,2019-2026
cadillac,xt4,XT4 4DR SUV FWD,2019-2026
cadillac,xt5,XT5 4DR SUV AWD,2017-2026
cadillac,xt5,XT5 4DR SUV FWD,2017-2026
cadillac,xt6,XT6 4DR SUV,2020-2026
cadillac,xts,XTS 4DR SEDAN AWD,2015-2020
cadillac,xts,XTS 4DR SEDAN BASE/LUXURY/PREMIUM/PLATINUM AW,2013
cadillac,xts,XTS 4DR SEDAN FWD,2015-2020
cadillac,xts,XTS 4DR SEDAN LUXURY/PREMIUM/PLATINUM AWD,2014
cadillac,xts,XTS 4DR SEDAN LUXURY/PREMIUM/PLATINUM FWD,2013
cadillac,xts,XTS 4DR SEDAN STANDARD/LUXURY/PREMIUM/PLATINU,2014
chevrolet,astro_van,ASTRO VAN AWD,"1994,2000-2006"
chevrolet,astro_van,ASTRO VAN AWD EXTENDED BODY,1994-1999
chevrolet,astro_van,ASTRO VAN RWD,"1994,2000-2006"
chevrolet,astro_van,ASTRO VAN RWD EXTENDED BODY,1994-1999
chevrolet,avalanche,AVALANCHE 1500 P/U CREWCAB S/BOX 2WD,2002-2013
chevrolet,avalanche,AVALANCHE 1500 P/U CREWCAB S/BOX 4WD,2002-2013
chevrolet,avalanche,AVALANCHE 2500 P/UCREWCAB S/BOX 2WD,"2002-2006,2009-2010"
chevrolet,avalanche,AVALANCHE 2500 P/UCREWCAB S/BOX 4WD,"2002-2006,2009-2010"
chevrolet,aveo,AVEO 4DR HATCH FWD /LS,2004-2006
chevrolet,aveo,AVEO 4DR SEDAN FWD /LS,2004-2006
chevrolet,aveo,AVEO 4DR SEDAN FWD /LS/LT,2007-2011
chevrolet,aveo,AVEO5 4DR HATCH FWD /LS,2007-2009
chevrolet,aveo,AVEO5 4DR HATCH FWD /LS/LT,2010-2011
chevrolet,beretta,BERETTA 2 DR COUPE,1987-1989
chevrolet,beretta,BERETTA 2DR COUPE BASE/Z26,1994-1996
chevrolet,beretta,BERETTA BASE/GT/GTZ 2 DR COUPE,1990
chevrolet,beretta,BERETTA CONVERTIBLE,1990
chevrolet,beretta,BERETTA COUPE/GT/GTZ 2 DR COUPE,1991-1993
chevrolet,beretta,BERETTA GT COUPE,1988-1989
chevrolet,blazer,BLAZER  2DR SUV 4WD,2003
chevrolet,blazer,BLAZER 2.0L FWD 4DR SUV,2019-2026
chevrolet,blazer,BLAZER 2DR SUV 4WD /LS,2004-2005
chevrolet,blazer,BLAZER 2DR SUV 4X2 BASE/LS,1995-2000
chevrolet,blazer,BLAZER 2DR SUV 4X4 BASE/LS,1995-2000
chevrolet,blazer,BLAZER 2DR SUV 4X4 LS,2001-2002
chevrolet,blazer,BLAZER 2DR SUV 4X4 ZR2,2000-2002
chevrolet,blazer,BLAZER 3.6L AWD 4DR SUV,2019-2026
chevrolet,blazer,BLAZER 3.6L FWD 4DR SUV,2019-2026
chevrolet,blazer,BLAZER 4DR SUV 4X2 BASE/LS/LT,1995-2000
chevrolet,blazer,BLAZER 4DR SUV 4X4 BASE/LS/LT,1995-2000
chevrolet,blazer,BLAZER 4DR SUV 4X4 LS/LT,2001-2002
chevrolet,blazer,BLAZER C10,1981
chevrolet,blazer,BLAZER EV 4DR SUV,2024-2026
chevrolet,blazer,BLAZER K10,1981
chevrolet,blazer,BLAZER K1500 2DR SUV 4X4,1994
chevrolet,blazer,BLAZER LS 2DR SUV 4WD,2003
chevrolet,blazer,BLAZER LS 4DR SUV 4WD,2003-2004
chevrolet,blazer,BLAZER S-10 2DR SUV 4X2,1994
chevrolet,blazer,BLAZER S-10 2DR SUV 4X4,1994
chevrolet,blazer,BLAZER S-10 4DR SUV 4X2,1994
chevrolet,blazer,BLAZER S-10 4DR SUV 4X4,1994
chevrolet,blazer,BLAZER SS EV 4DR SUV,2025-2026
chevrolet,blazer,C10 BLAZER,1982
chevrolet,blazer,K-BLAZER 4DR 2 X 4,1987
chevrolet,blazer,K-BLAZER 4DR 4 X 2,1985-1986
chevrolet,blazer,K-BLAZER 4DR 4 X 4,1985-1987
chevrolet,blazer,K10 BLAZER,1982
chevrolet,blazer,K1500 BLAZER 4X4,1992-1993
chevrolet,blazer,T-10 BLAZER 2DR 4X4,1989
chevrolet,blazer,V-BLAZER 4 X 4,1991
chevrolet,blazer,V-BLAZER 4DR 2X4,1988
chevrolet,blazer,V-BLAZER 4DR 4 X 2,1990
chevrolet,blazer,V-BLAZER 4DR 4 X 4,1990
chevrolet,blazer,V-BLAZER 4DR 4X2,1989
chevrolet,blazer,V-BLAZER 4DR 4X4,1988-1989
chevrolet,bolt,BOLT,2026-2027
chevrolet,bolt,BOLT 4DR HATCHBACK,2017-2021
chevrolet,bolt_euv,BOLT EUV 4DR HATCHBACK,2022-2024
chevrolet,bolt_ev,BOLT EV 4DR HATCHBACK,2022-2024
chevrolet,brightdrop,BRIGHTDROP 400 AWD EXTENDED RANGE,2025-2026
chevrolet,brightdrop,BRIGHTDROP 400 AWD STANDARD RANGE,2025-2026
chevrolet,brightdrop,BRIGHTDROP 400 FWD EXTENDED RANGE,2025-2026
chevrolet,brightdrop,BRIGHTDROP 400 FWD STANDARD RANGE,2025-2026
chevrolet,brightdrop,BRIGHTDROP 600 AWD EXTENDED RANGE,2025-2026
chevrolet,brightdrop,BRIGHTDROP 600 AWD STANDARD RANGE,2025-2026
chevrolet,brightdrop,BRIGHTDROP 600 FWD EXTENDED RANGE,2025-2026
chevrolet,brightdrop,BRIGHTDROP 600 FWD STANDARD RANGE,2025-2026
chevrolet,c6,G30/C6P SPORTVAN,1988-1990
chevrolet,camaro,CAMARO,1981-1982
chevrolet,camaro,CAMARO 2 DR HATCHBACK,1987
chevrolet,camaro,CAMARO 2.0L 2DR CONVERTIBLE,2016-2024
chevrolet,camaro,CAMARO 2.0L 2DR COUPE,2016-2024
chevrolet,camaro,CAMARO 2DR CONVERTIBLE,1994-2000
chevrolet,camaro,CAMARO 2DR CONVERTIBLE Z28,1994-2002
chevrolet,camaro,CAMARO 2DR COUPE,1993
chevrolet,camaro,CAMARO 2DR COUPE RWD LS/LT,2010-2015
chevrolet,camaro,CAMARO 2DR COUPE RWD SS,2010-2015
chevrolet,camaro,CAMARO 2DR COUPE RWD Z28,2015
chevrolet,camaro,CAMARO 2DR COUPE RWD ZL1,"2013,2015"
chevrolet,camaro,CAMARO 2DR COUPE RWD ZL1/Z28,2014
chevrolet,camaro,CAMARO 2DR HATCHBACK,1994-2002
chevrolet,camaro,CAMARO 2DR HATCHBACK Z28,"1994-1996,1998-2002"
chevrolet,camaro,CAMARO 3.6L 2DR CONVERTIBLE,2016-2024
chevrolet,camaro,CAMARO 3.6L 2DR COUPE,2016-2024
chevrolet,camaro,CAMARO 6.2L 2DR CONVERTIBLE,2016-2024
chevrolet,camaro,CAMARO 6.2L 2DR COUPE,2016-2024
chevrolet,camaro,CAMARO BERLINETTA,1985-1986
chevrolet,camaro,CAMARO CONVERTIBLE,1988
chevrolet,camaro,CAMARO CONVERTIBLE RWD LS/LT,2011-2015
chevrolet,camaro,CAMARO CONVERTIBLE RWD SS,2011-2015
chevrolet,camaro,CAMARO CONVERTIBLE RWD ZL1,2013-2015
chevrolet,camaro,CAMARO IROC,1985-1986
chevrolet,camaro,CAMARO IROC 2 DR HATCHBACK,1987-1989
chevrolet,camaro,CAMARO IROC CONVERTIBLE,1988-1990
chevrolet,camaro,CAMARO IROC COUPE,1990
chevrolet,camaro,CAMARO RS 2DR COUPE,1990
chevrolet,camaro,CAMARO RS/Z28  2DR COUPE,1991-1992
chevrolet,camaro,CAMARO RS/Z28 CONVERTIBLE,1991-1992
chevrolet,camaro,CAMARO SPORT COUPE,1985-1986
chevrolet,camaro,CAMARO SPORT COUPE 2 DR HATCHBACK,1987-1989
chevrolet,camaro,CAMARO SPORT CP & BERLINETTA,1983-1984
chevrolet,camaro,CAMARO Z-28,1985-1986
chevrolet,camaro,CAMARO Z-28 2 DR HATCHBACK,1987
chevrolet,camaro,CAMARO Z28,1983-1984
chevrolet,camaro,CAMARO Z28 2DR COUPE,1993
chevrolet,caprice,CAPRICE 4 DR SD,1981-1982
chevrolet,caprice,CAPRICE 4 DR SEDAN,1987
chevrolet,caprice,CAPRICE BASE (4-DR),1986
chevrolet,caprice,CAPRICE BASE/CLASSIC 4DR SEDAN,1990-1993
chevrolet,caprice,CAPRICE CLASSIC 2 DR,"1981-1982,1985-1986"
chevrolet,caprice,CAPRICE CLASSIC 2 DR COUPE,1987
chevrolet,caprice,CAPRICE CLASSIC 4 DR,1985
chevrolet,caprice,CAPRICE CLASSIC 4 DR SEDAN,1987
chevrolet,caprice,CAPRICE CLASSIC 4DR SEDAN BASE/LS,1994-1996
chevrolet,caprice,CAPRICE CLASSIC 4DR WAGON,1994-1996
chevrolet,caprice,CAPRICE CLASSIC BROUGHAM (4-DR),1986
chevrolet,caprice,CAPRICE CLASSIC BROUGHAM 4 DR SEDAN,1987
chevrolet,caprice,CAPRICE CLASSIC SD,1983-1984
chevrolet,caprice,CAPRICE CLASSIC WAGON,1985-1993
chevrolet,caprice,CAPRICE EST. 4 DR WAGON,1982
chevrolet,caprice,CAPRICE ESTATE WAGON,1981
chevrolet,caprice,CAPRICE STAT. WAGON,1983-1984
chevrolet,caprice,CAPRICE STD/CLASSIC/CLASSIC BROUGHAM,1989
chevrolet,caprice,CAPRICE STD/CLASSIC/CLASSIC BROUGHAM 4DR,1988
chevrolet,caprice,CAPRICE WAGON,1987
chevrolet,cavalier,CAVALIER & CS  WAGON,1984
chevrolet,cavalier,CAVALIER & CS WAGON,1983
chevrolet,cavalier,CAVALIER 2 DR,1982
chevrolet,cavalier,CAVALIER 2 DR COUPE,1987
chevrolet,cavalier,CAVALIER 2 DR HATCHBACK COUPE,1985-1986
chevrolet,cavalier,CAVALIER 2 DR HB,1982
chevrolet,cavalier,CAVALIER 2DR CONVERTIBLE,1995-1996
chevrolet,cavalier,CAVALIER 2DR CONVERTIBLE LS,1997
chevrolet,cavalier,CAVALIER 2DR CONVERTIBLE RS,1994
chevrolet,cavalier,CAVALIER 2DR CONVERTIBLE Z24,1998-2000
chevrolet,cavalier,CAVALIER 2DR COUPE BASE/Z24,1995-2001
chevrolet,cavalier,CAVALIER 2DR COUPE VL/RS,1994
chevrolet,cavalier,CAVALIER 2DR COUPE VL/VLX,2002-2005
chevrolet,cavalier,CAVALIER 2DR COUPE Z24,2002-2005
chevrolet,cavalier,CAVALIER 4 DR SD,1982
chevrolet,cavalier,CAVALIER 4 DR SEDAN,1987
chevrolet,cavalier,CAVALIER 4 DR SEDAN (BASE),1985-1986
chevrolet,cavalier,CAVALIER 4 DR WAGON,1982
chevrolet,cavalier,CAVALIER 4DR SEDAN,1990
chevrolet,cavalier,CAVALIER 4DR SEDAN BASE/LS,1995-2000
chevrolet,cavalier,CAVALIER 4DR SEDAN VL/RS,1994
chevrolet,cavalier,CAVALIER 4DR SEDAN VL/VLX,2002-2005
chevrolet,cavalier,CAVALIER 4DR SEDAN VL/VLX/LS,2001
chevrolet,cavalier,CAVALIER 4DR SEDAN Z24,2002-2005
chevrolet,cavalier,CAVALIER 4DR WAGON,1994
chevrolet,cavalier,CAVALIER BASE/RS 2 DR COUPE,1988-1989
chevrolet,cavalier,CAVALIER BASE/RS 4 DR SEDAN,1988-1989
chevrolet,cavalier,CAVALIER BASE/Z24 2DR COUPE,1990
chevrolet,cavalier,CAVALIER CONV. & BLE,1983-1984
chevrolet,cavalier,CAVALIER CONVERTIBLE,1985-1987
chevrolet,cavalier,CAVALIER CS 2 DR HATCHBACK,1987
chevrolet,cavalier,CAVALIER CS 4 DR SEDAN,1987
chevrolet,cavalier,CAVALIER CS SEDAN 4 DR,1985-1986
chevrolet,cavalier,CAVALIER CS WAGON,1985-1987
chevrolet,cavalier,CAVALIER RS 2 DR COUPE,1987
chevrolet,cavalier,CAVALIER RS 2 DR HATCHBACK,1987
chevrolet,cavalier,CAVALIER RS 4 DR SEDAN,1987
chevrolet,cavalier,CAVALIER RS WAGON,1987
chevrolet,cavalier,CAVALIER RS/Z24 CONVERTIBLE,1992-1993
chevrolet,cavalier,CAVALIER SD & CS 4 DR SD,1983-1984
chevrolet,cavalier,CAVALIER TYPE 10 2 DR COUPE,1985-1986
chevrolet,cavalier,CAVALIER TYPE 10 2 DR HB & TBI HB,1983-1984
chevrolet,cavalier,CAVALIER TYPE 10 CP,1983-1984
chevrolet,cavalier,CAVALIER VL/RS 4DR SEDAN,1991-1993
chevrolet,cavalier,CAVALIER VL/RS WAGON,1991-1993
chevrolet,cavalier,CAVALIER VL/RS/Z24 2DR COUPE,1991-1993
chevrolet,cavalier,CAVALIER WAGON,1987-1990
chevrolet,cavalier,CAVALIER WAGON (BASE),1985-1986
chevrolet,cavalier,CAVALIER Z-24 2 DR COUPE,1987-1989
chevrolet,cavalier,CAVALIER Z-24 2 DR HATCHBACK,1987
chevrolet,cavalier,CAVALIER Z-24 CONVERITABLE,1989
chevrolet,cavalier,CAVALIER Z-24 CONVERTIBLE,1988
chevrolet,celebrity,CELEBRITY 2 DR COUPE,1987
chevrolet,celebrity,CELEBRITY 2 DR CP,1982-1984
chevrolet,celebrity,CELEBRITY 4 DR SD,1982-1984
chevrolet,celebrity,CELEBRITY 4 DR SEDAN,1987
chevrolet,celebrity,CELEBRITY BASE/EUROSPORT 2 DR COUPE,1988
chevrolet,celebrity,CELEBRITY BASE/EUROSPORT 4 DR SEDAN,1988
chevrolet,celebrity,CELEBRITY BASE/EUROSPORT WAGON,1988-1990
chevrolet,celebrity,CELEBRITY COUPE,1985-1986
chevrolet,celebrity,CELEBRITY EUROSPORT 2 DR COUPE,1987
chevrolet,celebrity,CELEBRITY EUROSPORT 4 DR SEDAN,1987
chevrolet,celebrity,CELEBRITY EUROSPORT WAGON,1987
chevrolet,celebrity,CELEBRITY SEDAN,1985-1986
chevrolet,celebrity,CELEBRITY STAT. WAGON,1983
chevrolet,celebrity,CELEBRITY WAGON,1985-1987
chevrolet,chevette,CHEVETTE 2 DR HATCHBACK,1985-1987
chevrolet,chevette,CHEVETTE 2 DR HB,1981-1984
chevrolet,chevette,CHEVETTE 2 DR SCOOTER,1985-1986
chevrolet,chevette,CHEVETTE 4 DR HATCHBACK,1985-1987
chevrolet,chevette,CHEVETTE 4 DR HB,1982-1984
chevrolet,chevette,CHEVETTE 4 DR SD,1981
chevrolet,chevette,CHEVETTE SCOOTER 2 DR HB,1981-1984
chevrolet,chevette,CHEVETTE SCOOTER 4 DR HB,"1981,1983-1984"
chevrolet,citation,CITATION 11 PJ 2 DR HATCHBACK,1985
chevrolet,citation,CITATION 11 PJ 4 DR HATCHBACK,1985
chevrolet,citation,CITATION 11X-11 HATCHBACK COUPE,1985
chevrolet,citation,CITATION 2 DR HB,1981-1982
chevrolet,citation,CITATION 4 DR HB,1981-1982
chevrolet,citation,CITATION CP,1982
chevrolet,citation,CITATION II 2 DR CP,1983-1984
chevrolet,citation,CITATION II PJ & II 2 DR HB,1983-1984
chevrolet,citation,CITATION II PJ & II 4 DR HB,1983-1984
chevrolet,citation,CITATION II X-II CP 2 DR HB,1983-1984
chevrolet,citation,CITATION X:II 2 DR,1981-1982
chevrolet,city_express,CITY EXPRESS VAN,2015-2022
chevrolet,cobalt,COBALT LS / LT 4DR SEDAN FWD,2006-2007
chevrolet,cobalt,COBALT LS 4DR SEDAN FWD,2005
chevrolet,cobalt,COBALT LS/LT 2DR COUPE FWD,2006-2009
chevrolet,cobalt,COBALT LS/LT 4DR SEDAN FWD,2008-2009
chevrolet,cobalt,COBALT LS/LT/XFE 2DR COUPE FWD,2010
chevrolet,cobalt,COBALT LS/LT/XFE 4DR SEDAN FWD,2010
chevrolet,cobalt,COBALT LS/SS Supercharged 2DR COUPE FWD,2005
chevrolet,cobalt,COBALT LT 4DR SEDAN FWD,2005
chevrolet,cobalt,COBALT LTZ / SS 4DR SEDAN FWD,2006-2007
chevrolet,cobalt,COBALT SPORT 2DR COUPE FWD,2008-2009
chevrolet,cobalt,COBALT SPORT 4DR SEDAN FWD,2008-2009
chevrolet,cobalt,COBALT SS 2DR COUPE FWD,2006-2007
chevrolet,cobalt,COBALT SS 2DR COUPE FWD TURBOCHARGED,2008-2010
chevrolet,cobalt,COBALT SS 4DR SEDAN FWD TURBOCHARGED,2008-2009
chevrolet,cobalt,COBALT SS Supercharged 2DR COUPE FWD,2006-2007
chevrolet,colorado,COLORADO CREW CAB L/BOX 2WD,2015-2022
chevrolet,colorado,COLORADO CREW CAB L/BOX 4X4,2015-2022
chevrolet,colorado,COLORADO CREW CAB S/BOX 2WD,"2004-2012,2015-2022"
chevrolet,colorado,COLORADO CREW CAB S/BOX 4X4,"2004-2012,2015-2022"
chevrolet,colorado,COLORADO CREWCAB 2WD,2023-2026
chevrolet,colorado,COLORADO CREWCAB 4WD,2023-2026
chevrolet,colorado,COLORADO CREWCAB 4WD TRAIL BOSS,2023-2026
chevrolet,colorado,COLORADO CREWCAB 4WD ZR2,2023-2026
chevrolet,colorado,COLORADO EXT CAB S/BOX 2WD,"2004,2008-2012"
chevrolet,colorado,COLORADO EXT CAB S/BOX 2WD /LS,2005-2007
chevrolet,colorado,COLORADO EXT CAB S/BOX 4X4,"2004,2008-2012"
chevrolet,colorado,COLORADO EXT CAB S/BOX 4X4 /LS,2005-2007
chevrolet,colorado,COLORADO EXTENDED CAB L/BOX 2WD,2015-2022
chevrolet,colorado,COLORADO EXTENDED CAB L/BOX 4X4,2015-2022
chevrolet,colorado,COLORADO REG CAB S/BOX 2WD,"2004,2008-2012"
chevrolet,colorado,COLORADO REG CAB S/BOX 2WD /LS,2005-2007
chevrolet,colorado,COLORADO REG CAB S/BOX 4X4,"2004,2008-2012"
chevrolet,colorado,COLORADO REG CAB S/BOX 4X4 /LS,2005-2007
chevrolet,corsica,CORSICA 4 DR SEDAN,1988
chevrolet,corsica,CORSICA 4DR SEDAN,1994-1996
chevrolet,corsica,CORSICA BASE/LTZ SEDAN,1989
chevrolet,corsica,CORSICA HATCHBACK,1989
chevrolet,corsica,CORSICA LT 4DR HATCHBACK,1990-1991
chevrolet,corsica,CORSICA LT 4DR SEDAN,1991-1993
chevrolet,corsica,CORSICA LT/LTZ 4DR SEDAN,1990
chevrolet,corvette,CORVETTE,1981-1985
chevrolet,corvette,CORVETTE 2 DR COUPE,1988-1989
chevrolet,corvette,CORVETTE 2 DR HATCHBACK,1987
chevrolet,corvette,CORVETTE 2DR CONVERTIBLE,"1994-1996,1998-2002"
chevrolet,corvette,CORVETTE 2DR CONVERTIBLE RWD,2003-2013
chevrolet,corvette,CORVETTE 2DR COUPE,1990-2002
chevrolet,corvette,CORVETTE 2DR COUPE ZR1,1994-1995
chevrolet,corvette,CORVETTE 2DR HARDTOP,1999-2004
chevrolet,corvette,CORVETTE 427 CONVERTIBLE CONV 2DR RWD,2013
chevrolet,corvette,CORVETTE CONVERTIBLE,1988-1993
chevrolet,corvette,CORVETTE CONVERTIBLE STINGRAY/Z51,2014-2019
chevrolet,corvette,CORVETTE CONVERTIBLE Z06,2015-2019
chevrolet,corvette,CORVETTE COUPE,1986
chevrolet,corvette,CORVETTE COUPE / Z06  2DR RWD,2003-2004
chevrolet,corvette,CORVETTE COUPE 2DR RWD,2005-2013
chevrolet,corvette,CORVETTE COUPE STINGRAY/Z51,2014-2019
chevrolet,corvette,CORVETTE COUPE Z06,2015-2019
chevrolet,corvette,CORVETTE E-RAY CONVERTIBLE,2024-2026
chevrolet,corvette,CORVETTE E-RAY COUPE,2024-2026
chevrolet,corvette,CORVETTE GRANDSPORT CONV 2DR RWD,2010-2013
chevrolet,corvette,CORVETTE GRANDSPORT COUPE 2DR RWD,2011-2013
chevrolet,corvette,CORVETTE ROADSTER,1986
chevrolet,corvette,CORVETTE ROADSTER (CONVERTIBLE),1987
chevrolet,corvette,CORVETTE STINGRAY CONVERTIBLE,2020-2026
chevrolet,corvette,CORVETTE STINGRAY COUPE,2020-2026
chevrolet,corvette,CORVETTE Z06 / GRANDSPORT COUPE 2DR RWD,2010
chevrolet,corvette,CORVETTE Z06 CONVERTIBLE,2023-2026
chevrolet,corvette,CORVETTE Z06 COUPE,2023-2026
chevrolet,corvette,CORVETTE Z06 COUPE 2DR RWD,"2006-2009,2011-2013"
chevrolet,corvette,CORVETTE ZR1 2DR COUPE,1990-1993
chevrolet,corvette,CORVETTE ZR1 CONVERTIBLE,2026
chevrolet,corvette,CORVETTE ZR1 COUPE,2025-2026
chevrolet,corvette,CORVETTE ZR1 COUPE 2DR RWD,2010-2013
chevrolet,corvette,CORVETTE ZR1X CONVERTIBLE,2026
chevrolet,corvette,CORVETTE ZR1X COUPE,2026
chevrolet,cruze,CRUZE 4DR SEDAN,2017-2019
chevrolet,cruze,CRUZE 4DR SEDAN DIESEL,2014-2015
chevrolet,cruze,CRUZE 4DR SEDAN LS/LT/LTZ/ECO,2011-2015
chevrolet,cruze,CRUZE 4DR SEDAN NEW GENERATION,2016
chevrolet,cruze,CRUZE 5DR HATCH,2017-2019
chevrolet,cruze_limited,CRUZE LIMITED 4DR SEDAN LS/LT/LTZ/ECO,2016
chevrolet,epica,EPICA  4DR SEDAN LS / LT,2004-2005
chevrolet,epica,EPICA  4DR SEDAN LTZ,2006
chevrolet,equinox,EQUINOX 4DR SUV 1.5L AWD,2019-2024
chevrolet,equinox,EQUINOX 4DR SUV 1.5L FWD,2020-2024
chevrolet,equinox,EQUINOX 4DR SUV 2.0L AWD,2020
chevrolet,equinox,EQUINOX 4DR SUV 2.0L FWD,2020
chevrolet,equinox,EQUINOX 4DR SUV 2.4L AWD LS/LT/LTZ,2013-2017
chevrolet,equinox,EQUINOX 4DR SUV 2.4L FWD LS/LT/LTZ,2013-2017
chevrolet,equinox,EQUINOX 4DR SUV 3.6L AWD LS/LT/LTZ,2013-2017
chevrolet,equinox,EQUINOX 4DR SUV 3.6L FWD LS/LT/LTZ,2013-2017
chevrolet,equinox,EQUINOX 4DR SUV AWD,"2018,2025-2026"
chevrolet,equinox,EQUINOX 4DR SUV AWD /LS/LT,2005-2007
chevrolet,equinox,EQUINOX 4DR SUV AWD LS/LT/LTZ,2011-2012
chevrolet,equinox,EQUINOX 4DR SUV AWD LS/LT/SPORT,2008-2009
chevrolet,equinox,EQUINOX 4DR SUV DIESEL FWD,2019
chevrolet,equinox,EQUINOX 4DR SUV DIESEL/2.0L AWD,2019
chevrolet,equinox,EQUINOX 4DR SUV FWD,"2018-2019,2025-2026"
chevrolet,equinox,EQUINOX 4DR SUV FWD /LS/LT,2006-2007
chevrolet,equinox,EQUINOX 4DR SUV FWD LS/LT,2008-2009
chevrolet,equinox,EQUINOX 4DR SUV FWD LS/LT/LTZ,2011-2012
chevrolet,equinox,EQUINOX 4DR SUV FWD SPORT,2008-2009
chevrolet,equinox,EQUINOX 4DR SUV LS/LT/LTZ,2010
chevrolet,equinox,EQUINOX EV 4DR SUV,2024-2026
chevrolet,express,1500 EXPRESS CARGO VAN SWB,2011-2014
chevrolet,express,1500 EXPRESS CARGO VAN SWB AWD,2011-2014
chevrolet,express,1500 EXPRESS PASSENGER VAN SWB,2011-2014
chevrolet,express,1500 EXPRESS PASSENGER VAN SWB AWD,2011-2014
chevrolet,express,2500 EXPRESS CARGO VAN LWB,2011-2026
chevrolet,express,2500 EXPRESS CARGO VAN SWB,2011-2026
chevrolet,express,2500 EXPRESS PASSENGER VAN LWB,2011-2012
chevrolet,express,2500 EXPRESS PASSENGER VAN SWB,2011-2026
chevrolet,express,3500 EXPRESS CARGO VAN LWB,2011-2026
chevrolet,express,3500 EXPRESS CARGO VAN SWB,2011-2026
chevrolet,express,3500 EXPRESS PASSENGER VAN LWB,2011-2026
chevrolet,express,3500 EXPRESS PASSENGER VAN SWB,2011-2026
chevrolet,express,G1500 EXPRESS CARGO,2001-2010
chevrolet,express,G1500 EXPRESS PASSENGER,1997-2010
chevrolet,express,G2500 EXPRESS CARGO,2001-2010
chevrolet,express,G2500 EXPRESS CARGO EXTENDED,2001-2010
chevrolet,express,G2500 EXPRESS PASSENGER,1997-2010
chevrolet,express,G2500 EXPRESS PASSENGER EXTENDED,1997-2010
chevrolet,express,G3500 EXPRESS CARGO,2001-2010
chevrolet,express,G3500 EXPRESS CARGO EXTENDED,2001-2010
chevrolet,express,G3500 EXPRESS PASSENGER,1997-2010
chevrolet,express,G3500 EXPRESS PASSENGER EXTENDED,1997-2010
chevrolet,express,H1500 EXPRESS CARGO AWD,2003-2010
chevrolet,express,H1500 EXPRESS PASSENGER VAN AWD,2003-2010
chevrolet,express,H2500 EXPRESS CARGO AWD,"2003-2007,2009-2010"
chevrolet,hhr,HHR LS/LT 4DR WAGON,2006-2011
chevrolet,hhr,HHR SS 4DR WAGON,2008-2010
chevrolet,impala,IMPALA,1983-1984
chevrolet,impala,IMPALA 4 DR,"1981-1982,1985"
chevrolet,impala,IMPALA 4 DR  WAGON,1982
chevrolet,impala,IMPALA 4DR SEDAN 2.5L LS/LT/LTZ/2.4ECO,2014-2020
chevrolet,impala,IMPALA 4DR SEDAN 3.6L LT/LTZ,2014-2020
chevrolet,impala,IMPALA 4DR SEDAN BASE/LS,2000-2003
chevrolet,impala,IMPALA 4DR SEDAN FWD /SS,2004-2005
chevrolet,impala,IMPALA 4DR SEDAN FWD BASE/LS,2004-2005
chevrolet,impala,IMPALA 4DR SEDAN FWD LS/LT,2006-2011
chevrolet,impala,IMPALA 4DR SEDAN FWD LS/LT/LTZ,2012-2013
chevrolet,impala,IMPALA 4DR SEDAN FWD LTZ,2010-2011
chevrolet,impala,IMPALA 4DR SEDAN FWD LTZ/SS,2006-2009
chevrolet,impala,IMPALA SS 4DR SEDAN,1995-1996
chevrolet,impala,IMPALA WAGON,1981
chevrolet,impala_limited,IMPALA LIMITED 4DR SEDAN FWD,2014-2016
chevrolet,lumina,LUMINA 2DR COUPE EURO,1994
chevrolet,lumina,LUMINA 2DR COUPE Z34,1994
chevrolet,lumina,LUMINA 3DR VAN BASE/LS,1994-1996
chevrolet,lumina,LUMINA 3DR VAN CARGO,1994-1996
chevrolet,lumina,LUMINA 4DR SEDAN BASE/EURO/EURO 3.4,1994
chevrolet,lumina,LUMINA 4DR SEDAN BASE/LS,1995-1996
chevrolet,lumina,LUMINA 4DR SEDAN BASE/LS/LTZ,1997-1999
chevrolet,lumina,LUMINA BASE/EURO 2DR COUPE,1990
chevrolet,lumina,LUMINA BASE/EURO 4DR SEDAN,1990
chevrolet,lumina,LUMINA BASE/EUROSPORT 4 DR SEDAN,1989
chevrolet,lumina,LUMINA COUPE/EURO 2DR COUPE,1991
chevrolet,lumina,LUMINA COUPE/EURO/3.4 EURO 2DR COUPE,1992-1993
chevrolet,lumina,LUMINA SEDAN/EURO 4DR SEDAN,1991-1993
chevrolet,lumina,LUMINA Z34 COUPE,1991-1993
chevrolet,lumina_apv,LUMINA APV BASE/CL WAGON,1991-1993
chevrolet,lumina_apv,LUMINA APV BASE/LE WAGON,1990
chevrolet,malibu,MALIBU 2 DR,1981
chevrolet,malibu,MALIBU 4 DR,1981
chevrolet,malibu,MALIBU 4DR SEDAN BASE/LS,1997-2003
chevrolet,malibu,MALIBU 4DR SEDAN FWD BASE,2004-2005
chevrolet,malibu,MALIBU 4DR SEDAN FWD I-4 LS/LT/LTZ,2011
chevrolet,malibu,MALIBU 4DR SEDAN FWD LS,2006
chevrolet,malibu,MALIBU 4DR SEDAN FWD LS/LT,"2004-2005,2007"
chevrolet,malibu,MALIBU 4DR SEDAN FWD LS/LT/LT PLATINUM/LTZ,2012
chevrolet,malibu,MALIBU 4DR SEDAN FWD LT/LTZ,2006
chevrolet,malibu,MALIBU 4DR SEDAN FWD LTZ/SS,2007
chevrolet,malibu,MALIBU 4DR SEDAN FWD SS,2006
chevrolet,malibu,MALIBU 4DR SEDAN FWD V6 LT/LTZ,2011
chevrolet,malibu,MALIBU 4DR SEDAN LS,2013
chevrolet,malibu,MALIBU 4DR SEDAN LS/LT/LTZ,2014-2015
chevrolet,malibu,MALIBU 4DR SEDAN LT TURBO/LTZ TURBO/ECO,2013
chevrolet,malibu,MALIBU 4DR SEDAN LT/LTZ,2013
chevrolet,malibu,MALIBU 4DR SEDAN TURBO LT/LTZ,2015
chevrolet,malibu,MALIBU HYBRID 4DR SEDAN FWD,2008-2009
chevrolet,malibu,MALIBU L/LS/LT 4DR SEDAN,2016-2020
chevrolet,malibu,MALIBU LS/1LT/2LT/LTZ 4DR SEDAN FWD,2008-2009
chevrolet,malibu,MALIBU LS/LT 4DR SEDAN FWD,2010
chevrolet,malibu,MALIBU LS/RS/LT 4DR SEDAN,2021-2025
chevrolet,malibu,MALIBU LTZ 4DR SEDAN FWD,2010
chevrolet,malibu,MALIBU MAXX 4DR WAGON FWD LS/LT,2004-2005
chevrolet,malibu,MALIBU MAXX 4DR WAGON FWD LT/LTZ,2006-2007
chevrolet,malibu,MALIBU MAXX 4DR WAGON FWD SS,2006-2007
chevrolet,malibu,MALIBU PREMIER 4DR SEDAN,2020-2025
chevrolet,malibu,MALIBU PREMIER/HYBRID 4DR SEDAN,2016-2019
chevrolet,malibu,MALIBU WAGON,1981
chevrolet,malibu_classic,MALIBU CLASSIC 4 DR,1982
chevrolet,malibu_classic,MALIBU CLASSIC 4 DR WAGON,1982
chevrolet,malibu_limited,MALIBU LIMITED 4DR SEDAN LS/LT/LTZ,2016
chevrolet,metro,GEO METRO 2DR HATCHBACK,"1992,1994-1997"
chevrolet,metro,GEO METRO 2DR HATCHBACK GSi,1994
chevrolet,metro,GEO METRO 2DR HATCHBACK LSi,1995-1996
chevrolet,metro,GEO METRO 4DR HATCHBACK,1992-1994
chevrolet,metro,GEO METRO 4DR SEDAN,1992-1997
chevrolet,metro,GEO METRO 4DR SEDAN LSi,1995-1996
chevrolet,metro,GEO METRO CONVERTIBLE,1992-1993
chevrolet,metro,METRO 2DR HATCHBACK,1998-2000
chevrolet,metro,METRO 4DR SEDAN,1998-2000
chevrolet,monte_carlo,MONTE CARLO,1981-1982
chevrolet,monte_carlo,MONTE CARLO 2DR COUPE FWD /LS,2004-2005
chevrolet,monte_carlo,MONTE CARLO 2DR COUPE FWD /SS,2004-2005
chevrolet,monte_carlo,MONTE CARLO 2DR COUPE FWD /SS SUPERCHARGED,2004-2005
chevrolet,monte_carlo,MONTE CARLO 2DR COUPE FWD LS/LT,2006-2007
chevrolet,monte_carlo,MONTE CARLO 2DR COUPE FWD LTZ/SS,2006
chevrolet,monte_carlo,MONTE CARLO 2DR COUPE FWD SS,2007
chevrolet,monte_carlo,MONTE CARLO 2DR COUPE LS,1995-1999
chevrolet,monte_carlo,MONTE CARLO 2DR COUPE LS/SS,2000-2003
chevrolet,monte_carlo,MONTE CARLO 2DR COUPE Z34,1995-1999
chevrolet,monte_carlo,MONTE CARLO LS 2 DR COUPE,1987-1988
chevrolet,monte_carlo,MONTE CARLO SPORT COUPE,1985-1986
chevrolet,monte_carlo,MONTE CARLO SPT. CP,1983-1984
chevrolet,monte_carlo,MONTE CARLO SS,1983-1986
chevrolet,monte_carlo,MONTE CARLO SS 2 DR COUPE,1987-1988
chevrolet,nova,NOVA 4 DR HATCHBACK,1987-1988
chevrolet,nova,NOVA 4 DR SEDAN,1987-1988
chevrolet,nova,NOVA HATCHBACK,1986
chevrolet,nova,NOVA SEDAN,1986
chevrolet,optra,OPTRA / LS 4DR SEDAN FWD,2004-2005
chevrolet,optra,OPTRA 5/LS 4DR HATCH FWD,2005
chevrolet,optra,OPTRA 5LS/LT 4DR HATCH FWD,2006
chevrolet,optra,OPTRA WAGON LS/LT 4DR WAGON FWD,2006-2007
chevrolet,optra,OPTRA WAGON/LS 4DR WAGON FWD,2005
chevrolet,optra,OPTRA5 LS/LT 4DR HATCH FWD,2007
chevrolet,orlando,ORLANDO 4DR MINIVAN LS/LT/LTZ,2012-2015
chevrolet,s_10_blazer,S-10 BLAZER 2DR 2X2,1988
chevrolet,s_10_blazer,S-10 BLAZER 2DR 4 X 2,"1985-1987,1990"
chevrolet,s_10_blazer,S-10 BLAZER 2DR 4 X 4,"1985-1987,1990"
chevrolet,s_10_blazer,S-10 BLAZER 2DR 4X2,"1989,1991-1993"
chevrolet,s_10_blazer,S-10 BLAZER 2DR 4X4,"1988,1991-1993"
chevrolet,s_10_blazer,S-10 BLAZER 4DR 4X2,1991-1993
chevrolet,s_10_blazer,S-10 BLAZER 4DR 4X4,1991-1993
chevrolet,silverado,NEXT GEN SILVERADO 1500 CREW CAB S/BOX 2WD,2007
chevrolet,silverado,NEXT GEN SILVERADO 1500 CREW CAB S/BOX 4X4,2007
chevrolet,silverado,NEXT GEN SILVERADO 1500 EXT CAB L/BOX 2WD,2007
chevrolet,silverado,NEXT GEN SILVERADO 1500 EXT CAB L/BOX 4X4,2007
chevrolet,silverado,NEXT GEN SILVERADO 1500 EXT CAB M/BOX 2WD,2007
chevrolet,silverado,NEXT GEN SILVERADO 1500 EXT CAB M/BOX 4X4,2007
chevrolet,silverado,NEXT GEN SILVERADO 1500 EXT CAB S/BOX 2WD,2007
chevrolet,silverado,NEXT GEN SILVERADO 1500 EXT CAB S/BOX 4X4,2007
chevrolet,silverado,NEXT GEN SILVERADO 1500 REG CAB L/BOX 2WD,2007
chevrolet,silverado,NEXT GEN SILVERADO 1500 REG CAB L/BOX 4X4,2007
chevrolet,silverado,NEXT GEN SILVERADO 1500 REG CAB M/BOX 2WD,2007
chevrolet,silverado,NEXT GEN SILVERADO 1500 REG CAB M/BOX 4X4,2007
chevrolet,silverado,NEXT GEN SILVERADO 2500HD CREW CAB L/BOX 2WD,2007
chevrolet,silverado,NEXT GEN SILVERADO 2500HD CREW CAB L/BOX 4X4,2007
chevrolet,silverado,NEXT GEN SILVERADO 2500HD CREW CAB M/BOX 2WD,2007
chevrolet,silverado,NEXT GEN SILVERADO 2500HD CREW CAB M/BOX 4X4,2007
chevrolet,silverado,NEXT GEN SILVERADO 2500HD EXT CAB L/BOX 2WD,2007
chevrolet,silverado,NEXT GEN SILVERADO 2500HD EXT CAB L/BOX 4X4,2007
chevrolet,silverado,NEXT GEN SILVERADO 2500HD EXT CAB M/BOX 2WD,2007
chevrolet,silverado,NEXT GEN SILVERADO 2500HD EXT CAB M/BOX 4X4,2007
chevrolet,silverado,NEXT GEN SILVERADO 2500HD REG CAB L/BOX 2WD,2007
chevrolet,silverado,NEXT GEN SILVERADO 2500HD REG CAB L/BOX 4X4,2007
chevrolet,silverado,NEXT GEN SILVERADO 3500 CREW CAB L/BOX 2WD DR,2007
chevrolet,silverado,NEXT GEN SILVERADO 3500 CREW CAB L/BOX 2WD SR,2007
chevrolet,silverado,NEXT GEN SILVERADO 3500 CREW CAB L/BOX 4X4 DR,2007
chevrolet,silverado,NEXT GEN SILVERADO 3500 CREW CAB L/BOX 4X4 SR,2007
chevrolet,silverado,NEXT GEN SILVERADO 3500 EXT CAB L/BOX 2WD DRW,2007
chevrolet,silverado,NEXT GEN SILVERADO 3500 EXT CAB L/BOX 2WD SRW,2007
chevrolet,silverado,NEXT GEN SILVERADO 3500 EXT CAB L/BOX 4X4 DRW,2007
chevrolet,silverado,NEXT GEN SILVERADO 3500 EXT CAB L/BOX 4X4 SRW,2007
chevrolet,silverado,NEXT GEN SILVERADO 3500 REG CAB L/BOX 4X4 DRW,2007
chevrolet,silverado,NEXT GEN SILVERADO 3500 REG CAB L/BOX 4X4 SRW,2007
chevrolet,silverado,SILVERADO 1500 CREW CAB M/BOX 2WD,2014-2026
chevrolet,silverado,SILVERADO 1500 CREW CAB M/BOX 4WD,2019-2026
chevrolet,silverado,SILVERADO 1500 CREW CAB M/BOX 4X4,2014-2018
chevrolet,silverado,SILVERADO 1500 CREW CAB S/BOX,2004-2006
chevrolet,silverado,SILVERADO 1500 CREW CAB S/BOX 2WD,2008-2026
chevrolet,silverado,SILVERADO 1500 CREW CAB S/BOX 4WD,2019-2026
chevrolet,silverado,SILVERADO 1500 CREW CAB S/BOX 4X4,"2004-2006,2008-2018"
chevrolet,silverado,SILVERADO 1500 DOUBLE CAB M/BOX 2WD,2014-2026
chevrolet,silverado,SILVERADO 1500 DOUBLE CAB M/BOX 4WD,2019-2026
chevrolet,silverado,SILVERADO 1500 DOUBLE CAB M/BOX 4X4,2014-2018
chevrolet,silverado,SILVERADO 1500 EXT CAB L/BOX,2003-2006
chevrolet,silverado,SILVERADO 1500 EXT CAB L/BOX 2WD,2008-2013
chevrolet,silverado,SILVERADO 1500 EXT CAB L/BOX 4X4,"2003-2006,2008-2013"
chevrolet,silverado,SILVERADO 1500 EXT CAB L/BOX F/SIDE,1999-2002
chevrolet,silverado,SILVERADO 1500 EXT CAB L/BOX F/SIDE 4X4,1999-2002
chevrolet,silverado,SILVERADO 1500 EXT CAB M/BOX,2004-2006
chevrolet,silverado,SILVERADO 1500 EXT CAB M/BOX 2WD,2008-2013
chevrolet,silverado,SILVERADO 1500 EXT CAB M/BOX 4X4,"2004-2006,2008-2013"
chevrolet,silverado,SILVERADO 1500 EXT CAB M/BOX 4X4 QUADRASTEER,2004-2005
chevrolet,silverado,SILVERADO 1500 EXT CAB M/BOX QUADRASTEER,2004
chevrolet,silverado,SILVERADO 1500 EXT CAB S/BOX,"2003,2006"
chevrolet,silverado,SILVERADO 1500 EXT CAB S/BOX 2WD,2008
chevrolet,silverado,SILVERADO 1500 EXT CAB S/BOX 4X4,"2003,2006,2008"
chevrolet,silverado,SILVERADO 1500 EXT CAB S/BOX 4X4 QUADRASTEER,2003
chevrolet,silverado,SILVERADO 1500 EXT CAB S/BOX F/SIDE,1999-2002
chevrolet,silverado,SILVERADO 1500 EXT CAB S/BOX F/SIDE 4X4,1999-2002
chevrolet,silverado,SILVERADO 1500 EXT CAB S/BOX QUADRASTEER,2003
chevrolet,silverado,SILVERADO 1500 EXT CAB S/BOX S/SIDE,1999-2002
chevrolet,silverado,SILVERADO 1500 EXT CAB S/BOX S/SIDE 4X4,1999-2002
chevrolet,silverado,SILVERADO 1500 HYBRID CREW CAB S/BOX 2WD,2009-2013
chevrolet,silverado,SILVERADO 1500 HYBRID CREW CAB S/BOX 4X4,2009-2013
chevrolet,silverado,SILVERADO 1500 LD 2WD,2019
chevrolet,silverado,SILVERADO 1500 LD 4WD,2019
chevrolet,silverado,SILVERADO 1500 REG CAB L/BOX,2003-2006
chevrolet,silverado,SILVERADO 1500 REG CAB L/BOX 2WD,"2008-2018,2020-2026"
chevrolet,silverado,SILVERADO 1500 REG CAB L/BOX 4WD,2020-2026
chevrolet,silverado,SILVERADO 1500 REG CAB L/BOX 4X4,"2003-2006,2008-2018"
chevrolet,silverado,SILVERADO 1500 REG CAB L/BOX F/SIDE,1999-2002
chevrolet,silverado,SILVERADO 1500 REG CAB L/BOX F/SIDE 4X4,1999-2002
chevrolet,silverado,SILVERADO 1500 REG CAB M/BOX,2004-2006
chevrolet,silverado,SILVERADO 1500 REG CAB M/BOX 2WD,2008-2018
chevrolet,silverado,SILVERADO 1500 REG CAB M/BOX 4X4,"2004-2006,2008-2018"
chevrolet,silverado,SILVERADO 1500 REG CAB S/BOX,2003
chevrolet,silverado,SILVERADO 1500 REG CAB S/BOX 2WD,2020-2026
chevrolet,silverado,SILVERADO 1500 REG CAB S/BOX 4WD,2020-2026
chevrolet,silverado,SILVERADO 1500 REG CAB S/BOX F/SIDE,1999-2002
chevrolet,silverado,SILVERADO 1500 REG CAB S/BOX F/SIDE 4X4,1999-2002
chevrolet,silverado,SILVERADO 1500 REG CAB S/BOX S/SIDE,1999-2002
chevrolet,silverado,SILVERADO 1500 REG CAB S/BOX S/SIDE 4X4,1999-2002
chevrolet,silverado,SILVERADO 1500 REG CAB SBOX 4X4,2003
chevrolet,silverado,SILVERADO 1500HD CREW CAB M/BOX,2004-2006
chevrolet,silverado,SILVERADO 1500HD CREW CAB M/BOX 4X4,2004-2006
chevrolet,silverado,SILVERADO 1500HD CREW CAB M/BOX 4X4 QUADRASTE,2004
chevrolet,silverado,SILVERADO 1500HD CREW CAB M/BOX QUADRASTEER,2004
chevrolet,silverado,SILVERADO 1500HD CREW CAB S/BOX,2003
chevrolet,silverado,SILVERADO 1500HD CREW CAB S/BOX 4X4,2003
chevrolet,silverado,SILVERADO 1500HD CREW CAB S/BOX 4X4 QUADRASTE,"2003,2005"
chevrolet,silverado,SILVERADO 1500HD CREW CAB S/BOX QUADRASTEER,"2003,2005"
chevrolet,silverado,SILVERADO 2500 EXT CAB L/BOX F/SIDE,1999-2000
chevrolet,silverado,SILVERADO 2500 EXT CAB L/BOX F/SIDE 4X4,1999-2000
chevrolet,silverado,SILVERADO 2500 EXT CAB M/BOX 4X4,2004-2005
chevrolet,silverado,SILVERADO 2500 EXT CAB S/BOX 4X4,2003
chevrolet,silverado,SILVERADO 2500 EXT CAB S/BOX F/SIDE,1999-2000
chevrolet,silverado,SILVERADO 2500 EXT CAB S/BOX F/SIDE 4X4,1999-2002
chevrolet,silverado,SILVERADO 2500 REG CAB L/BOX,2003-2005
chevrolet,silverado,SILVERADO 2500 REG CAB L/BOX F/SIDE,1999-2002
chevrolet,silverado,SILVERADO 2500 REG CAB L/BOX F/SIDE 4X4,1999-2000
chevrolet,silverado,SILVERADO 2500HD CREW CAB L/BOX,2001-2006
chevrolet,silverado,SILVERADO 2500HD CREW CAB L/BOX 2WD,2008-2026
chevrolet,silverado,SILVERADO 2500HD CREW CAB L/BOX 4X4,"2001-2006,2008-2026"
chevrolet,silverado,SILVERADO 2500HD CREW CAB M/BOX,2004-2006
chevrolet,silverado,SILVERADO 2500HD CREW CAB M/BOX 2WD,2008-2026
chevrolet,silverado,SILVERADO 2500HD CREW CAB M/BOX 4X4,"2004-2006,2008-2026"
chevrolet,silverado,SILVERADO 2500HD CREW CAB S/BOX,2001-2003
chevrolet,silverado,SILVERADO 2500HD CREW CAB S/BOX 4X4,2001-2003
chevrolet,silverado,SILVERADO 2500HD DOUBLE CAB L/BOX 2WD,2015-2026
chevrolet,silverado,SILVERADO 2500HD DOUBLE CAB L/BOX 4X4,2015-2026
chevrolet,silverado,SILVERADO 2500HD DOUBLE CAB M/BOX 2WD,2015-2026
chevrolet,silverado,SILVERADO 2500HD DOUBLE CAB M/BOX 4X4,2015-2026
chevrolet,silverado,SILVERADO 2500HD EXT CAB L/BOX,2001-2006
chevrolet,silverado,SILVERADO 2500HD EXT CAB L/BOX 2WD,2008-2013
chevrolet,silverado,SILVERADO 2500HD EXT CAB L/BOX 4X4,"2001-2006,2008-2013"
chevrolet,silverado,SILVERADO 2500HD EXT CAB M/BOX,2004-2006
chevrolet,silverado,SILVERADO 2500HD EXT CAB M/BOX 2WD,2008-2013
chevrolet,silverado,SILVERADO 2500HD EXT CAB M/BOX 4X4,"2004-2006,2008-2013"
chevrolet,silverado,SILVERADO 2500HD EXT CAB S/BOX,2001-2003
chevrolet,silverado,SILVERADO 2500HD EXT CAB S/BOX 4X4,2001-2003
chevrolet,silverado,SILVERADO 2500HD REG CAB L/BOX,2001-2006
chevrolet,silverado,SILVERADO 2500HD REG CAB L/BOX 2WD,2008-2026
chevrolet,silverado,SILVERADO 2500HD REG CAB L/BOX 4X4,"2001-2006,2008-2026"
chevrolet,silverado,SILVERADO 3500 CREW CAB L/BOX 2WD DRW,2008-2014
chevrolet,silverado,SILVERADO 3500 CREW CAB L/BOX 2WD SRW,2008-2014
chevrolet,silverado,SILVERADO 3500 CREW CAB L/BOX 4X4 DRW,2008-2014
chevrolet,silverado,SILVERADO 3500 CREW CAB L/BOX 4X4 SRW,2008-2014
chevrolet,silverado,SILVERADO 3500 CREW CAB L/BOX DRW,2001-2006
chevrolet,silverado,SILVERADO 3500 CREW CAB L/BOX DRW 4X4,2001-2006
chevrolet,silverado,SILVERADO 3500 CREW CAB L/BOX SRW,2006
chevrolet,silverado,SILVERADO 3500 CREW CAB L/BOX SRW 4X4,2006
chevrolet,silverado,SILVERADO 3500 CREW CAB M/BOX 2X4 SRW,2011-2014
chevrolet,silverado,SILVERADO 3500 CREW CAB M/BOX 4X4 SRW,2011-2014
chevrolet,silverado,SILVERADO 3500 EXT CAB L/BOX 2WD DRW,2008-2013
chevrolet,silverado,SILVERADO 3500 EXT CAB L/BOX 2WD SRW,2008-2013
chevrolet,silverado,SILVERADO 3500 EXT CAB L/BOX 4X4 DRW,2008-2013
chevrolet,silverado,SILVERADO 3500 EXT CAB L/BOX 4X4 SRW,2008-2013
chevrolet,silverado,SILVERADO 3500 EXT CAB L/BOX DRW,2001-2006
chevrolet,silverado,SILVERADO 3500 EXT CAB L/BOX DRW 4X4,2001-2006
chevrolet,silverado,SILVERADO 3500 EXT CAB L/BOX SRW,2006
chevrolet,silverado,SILVERADO 3500 EXT CAB L/BOX SRW 4X4,2006
chevrolet,silverado,SILVERADO 3500 REG CAB L/BOX 2WD,2009-2010
chevrolet,silverado,SILVERADO 3500 REG CAB L/BOX 2WD DRW,2011-2014
chevrolet,silverado,SILVERADO 3500 REG CAB L/BOX 2WD SRW,2011-2014
chevrolet,silverado,SILVERADO 3500 REG CAB L/BOX 4X4 DRW,2008-2014
chevrolet,silverado,SILVERADO 3500 REG CAB L/BOX 4X4 SRW,2008-2014
chevrolet,silverado,SILVERADO 3500 REG CAB L/BOX DRW,2001-2002
chevrolet,silverado,SILVERADO 3500 REG CAB L/BOX DRW 4X4,2001-2006
chevrolet,silverado,SILVERADO 3500 REG CAB L/BOX SRW 4X4,2006
chevrolet,silverado,SILVERADO 3500HD CREW CAB L/BOX DRW 2WD,2015-2026
chevrolet,silverado,SILVERADO 3500HD CREW CAB L/BOX DRW 4X4,2015-2026
chevrolet,silverado,SILVERADO 3500HD CREW CAB L/BOX SRW 2WD,2015-2026
chevrolet,silverado,SILVERADO 3500HD CREW CAB L/BOX SRW 4X4,2015-2026
chevrolet,silverado,SILVERADO 3500HD CREW CAB M/BOX 2WD,2015-2026
chevrolet,silverado,SILVERADO 3500HD CREW CAB M/BOX 4X4,2015-2026
chevrolet,silverado,SILVERADO 3500HD DOUBLE CAB L/BOX DRW 2WD,2015-2026
chevrolet,silverado,SILVERADO 3500HD DOUBLE CAB L/BOX DRW 4X4,2015-2026
chevrolet,silverado,SILVERADO 3500HD DOUBLE CAB L/BOX SRW 2WD,2015-2026
chevrolet,silverado,SILVERADO 3500HD DOUBLE CAB L/BOX SRW 4X4,2015-2026
chevrolet,silverado,SILVERADO 3500HD REG CAB L/BOX DRW 2WD,2015-2026
chevrolet,silverado,SILVERADO 3500HD REG CAB L/BOX DRW 4X4,2015-2026
chevrolet,silverado,SILVERADO 3500HD REG CAB L/BOX SRW 2WD,2015-2026
chevrolet,silverado,SILVERADO 3500HD REG CAB L/BOX SRW 4X4,2015-2026
chevrolet,silverado,SILVERADO CLASSIC 1500 CREW CAB S/BOX,2007
chevrolet,silverado,SILVERADO CLASSIC 1500 CREW CAB S/BOX 4X4,2007
chevrolet,silverado,SILVERADO CLASSIC 1500 EXT CAB L/BOX,2007
chevrolet,silverado,SILVERADO CLASSIC 1500 EXT CAB L/BOX 4X4,2007
chevrolet,silverado,SILVERADO CLASSIC 1500 EXT CAB M/BOX,2007
chevrolet,silverado,SILVERADO CLASSIC 1500 EXT CAB M/BOX 4X4,2007
chevrolet,silverado,SILVERADO CLASSIC 1500 EXT CAB S/BOX,2007
chevrolet,silverado,SILVERADO CLASSIC 1500 EXT CAB S/BOX 4X4,2007
chevrolet,silverado,SILVERADO CLASSIC 1500 REG CAB L/BOX,2007
chevrolet,silverado,SILVERADO CLASSIC 1500 REG CAB L/BOX 4X4,2007
chevrolet,silverado,SILVERADO CLASSIC 1500 REG CAB M/BOX,2007
chevrolet,silverado,SILVERADO CLASSIC 1500 REG CAB M/BOX 4X4,2007
chevrolet,silverado,SILVERADO CLASSIC 1500HD CREW CAB M/BOX,2007
chevrolet,silverado,SILVERADO CLASSIC 1500HD CREW CAB M/BOX 4X4,2007
chevrolet,silverado,SILVERADO CLASSIC 2500HD CREW CAB L/BOX,2007
chevrolet,silverado,SILVERADO CLASSIC 2500HD CREW CAB L/BOX 4X4,2007
chevrolet,silverado,SILVERADO CLASSIC 2500HD CREW CAB M/BOX,2007
chevrolet,silverado,SILVERADO CLASSIC 2500HD CREW CAB M/BOX 4X4,2007
chevrolet,silverado,SILVERADO CLASSIC 2500HD EXT CAB L/BOX,2007
chevrolet,silverado,SILVERADO CLASSIC 2500HD EXT CAB L/BOX 4X4,2007
chevrolet,silverado,SILVERADO CLASSIC 2500HD EXT CAB M/BOX,2007
chevrolet,silverado,SILVERADO CLASSIC 2500HD EXT CAB M/BOX 4X4,2007
chevrolet,silverado,SILVERADO CLASSIC 2500HD REG CAB L/BOX,2007
chevrolet,silverado,SILVERADO CLASSIC 2500HD REG CAB L/BOX 4X4,2007
chevrolet,silverado,SILVERADO CLASSIC 3500 CREW CAB L/BOX DRW,2007
chevrolet,silverado,SILVERADO CLASSIC 3500 CREW CAB L/BOX DRW 4X4,2007
chevrolet,silverado,SILVERADO CLASSIC 3500 CREW CAB L/BOX SRW,2007
chevrolet,silverado,SILVERADO CLASSIC 3500 CREW CAB L/BOX SRW 4X4,2007
chevrolet,silverado,SILVERADO CLASSIC 3500 EXT CAB L/BOX DRW,2007
chevrolet,silverado,SILVERADO CLASSIC 3500 EXT CAB L/BOX DRW 4X4,2007
chevrolet,silverado,SILVERADO CLASSIC 3500 EXT CAB L/BOX SRW,2007
chevrolet,silverado,SILVERADO CLASSIC 3500 EXT CAB L/BOX SRW 4X4,2007
chevrolet,silverado,SILVERADO CLASSIC 3500 REG CAB L/BOX DRW 4X4,2007
chevrolet,silverado,SILVERADO CLASSIC 3500 REG CAB L/BOX SRW 4X4,2007
chevrolet,silverado,SILVERADO EV 4WT 4DR PICKUP,2024-2026
chevrolet,silverado,SILVERADO EV RST 4DR PICKUP,2024-2026
chevrolet,silverado,SILVERADO HYBRID EXT CAB M/BOX,2005-2006
chevrolet,silverado,SILVERADO HYBRID EXT CAB S/BOX,2007
chevrolet,sonic,SONIC 4DR SEDAN,2017-2020
chevrolet,sonic,SONIC 4DR SEDAN LS/LT/LTZ,2012-2013
chevrolet,sonic,SONIC 4DR SEDAN LS/LT/LTZ/RS,2014-2016
chevrolet,sonic,SONIC 5DR HATCHBACK,2017-2020
chevrolet,sonic,SONIC 5DR HATCHBACK LS/LT/LTZ,2012
chevrolet,sonic,SONIC 5DR HATCHBACK LS/LT/LTZ/RS,2013-2016
chevrolet,spark,SPARK 4DR HATCHBACK,2017-2023
chevrolet,spark,SPARK 4DR HATCHBACK LS/LT,2013-2016
chevrolet,spark,SPARK EV 4DR HATCHBACK,2017-2020
chevrolet,spark,SPARK EV 4DR HATCHBACK LS/LT,2016
chevrolet,ss,ASTRO AWD PASSENGER VAN,1991-1992
chevrolet,ss,ASTRO EXTENDED LENGTH AWD PASSENGER VAN,1991-1992
chevrolet,ss,ASTRO EXTENDED LENGTH RWD PASSENGER VAN,1991-1992
chevrolet,ss,ASTRO RWD PASSENGER VAN,1991-1992
chevrolet,ss,C1500 P/U EXT CAB S/BOX S/SIDE,1994-1998
chevrolet,ss,C1500 P/U REG CAB S/BOX S/SIDE,1994-1998
chevrolet,ss,CAB & CHASSIS C2500 OR C20,1981
chevrolet,ss,CAB & CHASSIS C3500 OR C30,1981
chevrolet,ss,CAB & CHASSIS C3500 or C30,1981
chevrolet,ss,CAB & CHASSIS-C2500 OR C20,1982
chevrolet,ss,CAB & CHASSIS-C3500 OR C30,1982
chevrolet,ss,CAB CHASSIS K3500 OR K30,1981
chevrolet,ss,CAB CHASSIS-K3500 OR K30,1982
chevrolet,ss,K1500 P/U EXT CAB S/BOX S/SIDE 4X4,1994-1998
chevrolet,ss,K1500 P/U REG CAB S/BOX S/SIDE 4X4,1994-1998
chevrolet,ss,S-10 P/U EXT CAB S/BOX F/SIDE SS,1998
chevrolet,ss,S-10 P/U EXT CAB S/BOX S/SIDE,1997-2002
chevrolet,ss,S-10 P/U EXT CAB S/BOX S/SIDE 4X4,1997-2002
chevrolet,ss,S-10 P/U EXT CAB S/BOX S/SIDE SS,1998
chevrolet,ss,S-10 P/U EXT CAB S/BOX S/SIDE XTREME,1999-2002
chevrolet,ss,S-10 P/U REG CAB S/BOX F/SIDE SS,1997-1998
chevrolet,ss,S-10 P/U REG CAB S/BOX S/SIDE,1997-2002
chevrolet,ss,S-10 P/U REG CAB S/BOX S/SIDE 4X4,1997-2000
chevrolet,ss,S-10 P/U REG CAB S/BOX S/SIDE SS,1998
chevrolet,ss,S-10 P/U REG CAB S/BOX S/SIDE XTREME,1999-2002
chevrolet,ss,S-10 P/U REG CAB S/BOX SS,1994-1996
chevrolet,ssr,SSR REG CAB S/BOX RWD,2003-2006
chevrolet,suburban,C1500 SUBURBAN  4X2,1992-1993
chevrolet,suburban,C2500 SUBURBAN 4X2,1992-1993
chevrolet,suburban,GMC SUBURBAN C1500,1982
chevrolet,suburban,GMC SUBURBAN C2500,1982
chevrolet,suburban,GMC SUBURBAN K1500,1982
chevrolet,suburban,GMC SUBURBAN K2500,1982
chevrolet,suburban,K1500 SUBURBAN 4X4,1992-1993
chevrolet,suburban,K2500 SUBURBAN 4X4,1992-1993
chevrolet,suburban,R10 SUBURBAN,1988
chevrolet,suburban,R10 SUBURBAN  2WD,1989-1990
chevrolet,suburban,R1500 SUBURBAN  2WD,1991
chevrolet,suburban,R20 SUBURBAN,1988
chevrolet,suburban,R20 SUBURBAN 2WD,1989-1990
chevrolet,suburban,R2500 SUBURBAN  2WD,1991
chevrolet,suburban,SUBURBAN 1500 4DR SUV 4WD,2010-2014
chevrolet,suburban,SUBURBAN 1500 4DR SUV RWD,2010-2014
chevrolet,suburban,SUBURBAN 2500 4DR SUV 4WD,2010-2013
chevrolet,suburban,SUBURBAN 2500 4DR SUV RWD,2010-2013
chevrolet,suburban,SUBURBAN 4 X 2,1985-1987
chevrolet,suburban,SUBURBAN 4 X 4,1985-1987
chevrolet,suburban,SUBURBAN 4DR 4WD /LS/LT,2006
chevrolet,suburban,SUBURBAN 4DR RWD /LS/LT,2004-2006
chevrolet,suburban,SUBURBAN 4DR SUV 4WD LTZ,2007-2009
chevrolet,suburban,SUBURBAN 4DR SUV AWD,2015-2026
chevrolet,suburban,SUBURBAN 4DR SUV LS/LT,2002
chevrolet,suburban,SUBURBAN 4DR SUV RWD,2015-2026
chevrolet,suburban,SUBURBAN 4DR SUV RWD LS/LT,2007-2009
chevrolet,suburban,SUBURBAN C1500 4DR 4X2,"1994,2000-2001,2003"
chevrolet,suburban,SUBURBAN C1500 4DR 4X2 BASE/LS/LT,1995-1999
chevrolet,suburban,SUBURBAN C2500 4DR 4X2,"1994,2000-2003"
chevrolet,suburban,SUBURBAN C2500 4DR 4X2 BASE/LS/LT,1995-1999
chevrolet,suburban,SUBURBAN K1500 4DR 4X4,"1994,2000-2003"
chevrolet,suburban,SUBURBAN K1500 4DR 4X4 BASE/LS/LT,1995-1999
chevrolet,suburban,SUBURBAN K2500 4DR 4X4,"1994,2000-2003"
chevrolet,suburban,SUBURBAN K2500 4DR 4X4 BASE/LS/LT,1995-1999
chevrolet,suburban,V10 SUBURBAN,1988
chevrolet,suburban,V10 SUBURBAN 4X4,1989-1990
chevrolet,suburban,V1500 SUBURBAN 4X4,1991
chevrolet,suburban,V20 SUBURBAN 4X4,1988-1990
chevrolet,suburban,V2500 SUBURBAN 4X4,1991
chevrolet,tahoe,TAHOE 4DR SUV 2WD,2007
chevrolet,tahoe,TAHOE 4DR SUV 4WD,2007
chevrolet,tahoe,TAHOE 4DR SUV 4WD LS/LT/LTZ,2013-2014
chevrolet,tahoe,TAHOE 4DR SUV 4WD LTZ,2008-2012
chevrolet,tahoe,TAHOE 4DR SUV AWD,2015-2026
chevrolet,tahoe,TAHOE 4DR SUV LS/LT RWD,2002-2003
chevrolet,tahoe,TAHOE 4DR SUV RWD,2015-2026
chevrolet,tahoe,TAHOE 4DR SUV RWD LS/LT,"2004-2006,2008-2014"
chevrolet,tahoe,TAHOE C1500 2DR 4X2,2000
chevrolet,tahoe,TAHOE C1500 2DR SUV 4X2 BASE/LS/LT/SPORT,1996-1999
chevrolet,tahoe,TAHOE C1500 4DR 4X2,2001
chevrolet,tahoe,TAHOE C1500 4DR SUV 4X2 BASE/LS/LT/SPORT,1996-1999
chevrolet,tahoe,TAHOE C2500 2DR 4X2,2000
chevrolet,tahoe,TAHOE HYBRID 4DR SUV 2WD,2008-2012
chevrolet,tahoe,TAHOE HYBRID 4DR SUV 4WD,2008-2013
chevrolet,tahoe,TAHOE HYBRID 4DR SUV RWD,2013
chevrolet,tahoe,TAHOE K1500 2DR 4X4,2000
chevrolet,tahoe,TAHOE K1500 2DR SUV 4X4 BASE/LS/LT/SPORT,1995-1999
chevrolet,tahoe,TAHOE K1500 4DR 4X4,2001
chevrolet,tahoe,TAHOE K1500 4DR 4X4 Z71,2000
chevrolet,tahoe,TAHOE K1500 4DR SUV 4X4 BASE/LS/LT/SPORT,1995-1999
chevrolet,tahoe,TAHOE K2500 2DR 4X4,2000
chevrolet,tracker,CHEVY (GEO) TRACKER   CONVERTIBLE,"1989,1991"
chevrolet,tracker,CHEVY (GEO) TRACKER   HARD TOP,"1989,1991"
chevrolet,tracker,CHEVY TRACKER   CONVERTIBLE,1990
chevrolet,tracker,CHEVY TRACKER   HARD TOP,1990
chevrolet,tracker,GEO TRACKER 2DR CONVERTIBLE 2WD,1994-1997
chevrolet,tracker,GEO TRACKER 2DR CONVERTIBLE 4WD,1997
chevrolet,tracker,GEO TRACKER 2DR CONVERTIBLE 4WD BASE/LSi,1994-1996
chevrolet,tracker,GEO TRACKER 2DR HARD TOP 4WD BASE/LSi,1994-1995
chevrolet,tracker,GEO TRACKER 4DR HARDTOP BASE/LSi,1997
chevrolet,tracker,GEO TRACKER 4x4  CONVERTIBLE,1992-1993
chevrolet,tracker,GEO TRACKER 4x4  HARD TOP,1992-1993
chevrolet,tracker,TRACKER /LS 2DR CONVERTIBLE SUV 4WD,2003
chevrolet,tracker,TRACKER /LX 4DR HARDTOP SUV 4WD,2003-2004
chevrolet,tracker,TRACKER 2DR CONVERTIBLE 4WD,1998-2002
chevrolet,tracker,TRACKER 4DR HARDTOP 4WD,1999-2002
chevrolet,tracker,TRACKER 4DR HARDTOP BASE/LSi,1998
chevrolet,trailblazer,TRAILBLAZER 4DR SUV 1.2L FWD,2021-2026
chevrolet,trailblazer,TRAILBLAZER 4DR SUV 1.3L FWD,2021-2026
chevrolet,trailblazer,TRAILBLAZER 4DR SUV 2WD,2002-2003
chevrolet,trailblazer,TRAILBLAZER 4DR SUV 2WD / LS/LT,2005-2007
chevrolet,trailblazer,TRAILBLAZER 4DR SUV 4WD,2002-2003
chevrolet,trailblazer,TRAILBLAZER 4DR SUV 4WD / LS/LT,2005-2007
chevrolet,trailblazer,TRAILBLAZER 4DR SUV 4WD / LS/LT/NORTH FACE ED,2004
chevrolet,trailblazer,TRAILBLAZER 4DR SUV 4WD LT1/LT3,2008-2009
chevrolet,trailblazer,TRAILBLAZER 4DR SUV 4WD SS,2008-2009
chevrolet,trailblazer,TRAILBLAZER 4DR SUV AWD,2021-2026
chevrolet,trailblazer,TRAILBLAZER 4DR SUV EXT 2WD,2002-2003
chevrolet,trailblazer,TRAILBLAZER 4DR SUV EXT 2WD / LS/LT/NORTH FAC,2004
chevrolet,trailblazer,TRAILBLAZER 4DR SUV EXT 4WD,2002-2003
chevrolet,trailblazer,TRAILBLAZER 4DR SUV SS 4WD,2006-2007
chevrolet,trailblazer,TRAILBLAZER 4DR SUV SS RWD,2006-2007
chevrolet,trailblazer,TRAILBLAZER EXT 4DR SUV 2WD / LS/LT,2005-2007
chevrolet,trailblazer,TRAILBLAZER EXT 4DR SUV 4WD / LS/LT,2005-2007
chevrolet,traverse,TRAVERSE 4DR SUV,2024-2026
chevrolet,traverse,TRAVERSE 4DR SUV AWD,2018-2023
chevrolet,traverse,TRAVERSE 4DR SUV AWD LS/LT/LTZ,2010-2012
chevrolet,traverse,TRAVERSE 4DR SUV FWD,2018-2023
chevrolet,traverse,TRAVERSE 4DR SUV FWD LS/LT/LTZ,2010-2012
chevrolet,traverse,TRAVERSE 4DR SUV FWD LS/LT1/LTZ,2009
chevrolet,traverse,TRAVERSE LS/LT/LTZ AWD 4DR SUV,2013-2017
chevrolet,traverse,TRAVERSE LS/LT/LTZ FWD 4DR SUV,2013-2017
chevrolet,traverse,TRAVERSE Z71 4DR SUV,2024-2026
chevrolet,traverse_limited,TRAVERSE LIMITED 4DR SUV AWD,2024
chevrolet,traverse_limited,TRAVERSE LIMITED 4DR SUV FWD,2024
chevrolet,trax,TRAX 4 LS/LT/LTZ DR SUV,2013-2015
chevrolet,trax,TRAX 4DR SUV,2024-2026
chevrolet,trax,TRAX AWD 4DR SUV,2017-2023
chevrolet,trax,TRAX FWD 4DR SUV,2017-2023
chevrolet,trax,TRAX LS/LT/LTZ FWD 4DR SUV,2016
chevrolet,trax,TRAX LT/LTZ AWD 4 DR SUV,2013-2014
chevrolet,trax,TRAX LT/LTZ AWD 4DR SUV,2015-2016
chevrolet,uplander,UPLANDER CARGO EWB FWD,2005-2007
chevrolet,uplander,UPLANDER EWB FWD LS/LT,2007-2009
chevrolet,uplander,UPLANDER FWD LS/LT,2007
chevrolet,uplander,UPLANDER FWD LS/LT1/LT2,2008-2009
chevrolet,uplander,UPLANDER LS/LT EWB FWD,2006
chevrolet,uplander,UPLANDER LS/LT SWB FWD,2006
chevrolet,uplander,UPLANDER LT EWB AWD,2005
chevrolet,uplander,UPLANDER LT2 EWB AWD,2006
chevrolet,uplander,UPLANDER VALUE/LS/LT EWB FWD,2005
chevrolet,uplander,UPLANDER VALUE/LS/LT SWB FWD,2005
chevrolet,venture,VENTURE,1997-1998
chevrolet,venture,VENTURE 3DR/4DR,1999
chevrolet,venture,VENTURE 4DR,2000
chevrolet,venture,VENTURE 4DR FWD VALUE VAN/VALUE PLUS/BASE/LS,2004
chevrolet,venture,VENTURE 4DR VALUE/BASE/LS,2001-2002
chevrolet,venture,VENTURE 4DR VALUE/VALUE PLUS/LS/LT,2003
chevrolet,venture,VENTURE EXTENDED W/B,1998
chevrolet,venture,VENTURE EXTENDED W/B 4DR,1999-2000
chevrolet,venture,VENTURE EXTENDED W/B 4DR AWD LS/LT/Warner Br.,2003
chevrolet,venture,VENTURE EXTENDED W/B 4DR BASE/LS/LT/WBE,2001-2002
chevrolet,venture,VENTURE EXTENDED W/B 4DR FWD /LT,2004
chevrolet,venture,VENTURE EXTENDED W/B 4DR VALUE/VALUE PLUS/LS/,2003
chevrolet,venture,VENTURE EXTENDED W/B CARGO,1998-2000
chevrolet,venture,VENTURE EXTENDED W/B LS,1997
chevrolet,venture,VENTURE VALUE PLUS/BASE/LS/LT 4DR FWD,2005
chevrolet,volt,VOLT 4DR HATCHBACK,2011-2020
chrysler,200,200 4DR SEDAN AWD,2016
chrysler,200,200 4DR SEDAN FWD,2016
chrysler,200,200 4DR SEDAN I-4 FWD,2017
chrysler,200,200 4DR SEDAN LX/LIMITED,2011-2012
chrysler,200,200 4DR SEDAN LX/LIMITED/S/C FWD,2015
chrysler,200,200 4DR SEDAN LX/TOURING/LIMITED,2013-2014
chrysler,200,200 4DR SEDAN S,2013-2014
chrysler,200,200 4DR SEDAN S/C AWD,2015
chrysler,200,200 4DR SEDAN TOURING,2011
chrysler,200,200 4DR SEDAN TOURING/S,2012
chrysler,200,200 4DR SEDAN V6 AWD,2017
chrysler,200,200 4DR SEDAN V6 FWD,2017
chrysler,200,200 CONVERTIBLE,2011
chrysler,200,200 CONVERTIBLE LX,2013-2014
chrysler,200,200 CONVERTIBLE LX/TOURING/LIMITED/S,2012
chrysler,200,200 CONVERTIBLE TOURING/LIMITED/S,2013-2014
chrysler,300,300 4DR SEDAN 300 S/300C/300C LUXURY AWD,2013-2015
chrysler,300,300 4DR SEDAN 300 TOURING/300 S RWD,2013-2015
chrysler,300,300 4DR SEDAN 300C AWD,2011-2012
chrysler,300,300 4DR SEDAN 300C RWD,2011-2012
chrysler,300,300 4DR SEDAN 300C/300C LUXURY RWD,2013-2015
chrysler,300,300 4DR SEDAN BASE/LIMITED,2011-2012
chrysler,300,300 4DR SEDAN HEMI RWD,2016-2024
chrysler,300,300 4DR SEDAN RWD SRT8,2006-2007
chrysler,300,300 4DR SEDAN RWD TOURING/LIMITED,2005-2007
chrysler,300,300 4DR SEDAN V6 AWD,2016-2024
chrysler,300,300 4DR SEDAN V6 RWD,2016-2024
chrysler,300,300 SRT,2014-2015
chrysler,300,300 SRT-8,2012-2013
chrysler,300,300 TOURING/LIMITED 4DR SEDAN RWD,2008-2010
chrysler,300,300M 4DR SEDAN,1999-2004
chrysler,300,300M SPECIAL 4DR SEDAN FWD,2002-2004
chrysler,300c,300C /HERITAGE EDITION/SRT DESIGN 4DR SEDAN R,2008-2010
chrysler,300c,300C 4DR SEDAN RWD,2005-2007
chrysler,300c,300C SRT8 4DR SEDAN RWD,2008-2010
chrysler,aspen,ASPEN 4DR SUV 4WD LIMITED,2007-2009
chrysler,aspen,ASPEN HYBRID 4DR SUV 4WD,2008-2009
chrysler,cirrus,CIRRUS 4DR SEDAN LX/LXi,"1995-1997,2000"
chrysler,cirrus,CIRRUS 4DR SEDAN LXi,1998-1999
chrysler,concorde,CONCORDE 4DR SEDAN,1993-1995
chrysler,concorde,CONCORDE 4DR SEDAN LIMITED,2003-2004
chrysler,concorde,CONCORDE 4DR SEDAN LX/LXi,1996-2004
chrysler,cordoba,CORDOBA,1981-1982
chrysler,cordoba,CORDOBA HS,1981
chrysler,cordoba,CORDOBA LS,1982
chrysler,crossfire,CROSSFIRE 2DR COUPE RWD,2004
chrysler,crossfire,CROSSFIRE 2DR COUPE RWD /LIMITED,2005-2007
chrysler,crossfire,CROSSFIRE LIMITED 2DR COUPE RWD,2008
chrysler,crossfire,CROSSFIRE ROADSTER  2DR CONV RWD /SRT6,2005-2006
chrysler,crossfire,CROSSFIRE ROADSTER 2DR CONV RWD /LIMTED,2005-2007
chrysler,crossfire,CROSSFIRE ROADSTER LIMITED 2DR CONV RWD,2008
chrysler,crossfire,CROSSFIRE SRT6 2DR COUPE RWD,2005-2006
chrysler,daytona,DAYTONA 2 DR HATCHBACK,1987-1988
chrysler,daytona,DAYTONA 2 DR HATCHBACK/ES/ES TURBO,1989
chrysler,daytona,DAYTONA BASE HATCHBACK 2DR,1990
chrysler,daytona,DAYTONA ES HATCHBACK 2DR,1990-1991
chrysler,daytona,DAYTONA ES TURBO HATCHBACK 2DR,1990
chrysler,daytona,DAYTONA ES/IROC/IROC R-T,1993
chrysler,daytona,DAYTONA PACIFICA,1988
chrysler,daytona,DAYTONA PACIFICA 2 DR HATCHBACK,1987
chrysler,daytona,DAYTONA SHELBY,1989
chrysler,daytona,DAYTONA SHELBY HATCHBACK 2DR,1990
chrysler,daytona,DAYTONA SHELBY SPORT COUPE HATCHBACK 2DR,1991
chrysler,daytona,DAYTONA SHELBY Z,1988
chrysler,daytona,DAYTONA SHELBY Z 2 DR HATCHBACK,1987
chrysler,daytona,DAYTONA SPORTS COUPE HATCHBACK 2DR,1991
chrysler,daytona,DAYTONA SPORTS COUPE/ES/IROC,1992
chrysler,daytona,DAYTONA TURBO,1983-1984
chrysler,dynasty,DYNASTY BASE,1989
chrysler,dynasty,DYNASTY BASE/LE 4DR SEDAN,1990-1993
chrysler,dynasty,DYNASTY BASE/PREMIUM,1988
chrysler,dynasty,DYNASTY LE SEDAN,1989
chrysler,e_class,E CLASS SD,1984
chrysler,executive,EXECUTIVE SD,1983-1984
chrysler,fifth_avenue,FIFTH AVENUE,1984-1986
chrysler,fifth_avenue,FIFTH AVENUE 4 DR SEDAN,1987-1989
chrysler,grand_caravan,GRAND CARAVAN / VOYAGER 4DR MINIVAN,2021-2026
chrysler,imperial,IMPERIAL,1981-1982
chrysler,imperial,IMPERIAL 4DR SEDAN,1990-1993
chrysler,intrepid,INTREPID 4DR SEDAN BASE/ES,1994-2000
chrysler,intrepid,INTREPID 4DR SEDAN SE/ES,2003-2004
chrysler,intrepid,INTREPID 4DR SEDAN SE/ES/RT,2001-2002
chrysler,intrepid,INTREPID 4DR SEDAN SXT,2003-2004
chrysler,intrepid,INTREPID/ES 4DR SEDAN,1993
chrysler,laser,LASER & LASER XE,1984
chrysler,laser,LASER (BASE),1985-1986
chrysler,laser,LASER XE,1985-1986
chrysler,lebaron,LE BARON /LX/LANDAU 4DR SEDAN,1992
chrysler,lebaron,LE BARON 2 DR,1981-1982
chrysler,lebaron,LE BARON 2 DR CP,1983-1984
chrysler,lebaron,LE BARON 2DR CONVERTIBLE GTC/LX,1994-1995
chrysler,lebaron,LE BARON 4 DR,1981-1982
chrysler,lebaron,LE BARON 4 DR SD,1983-1984
chrysler,lebaron,LE BARON 4DR SEDAN,1990-1991
chrysler,lebaron,LE BARON 4DR SEDAN LE/LANDAU,1994
chrysler,lebaron,LE BARON BASE/PREMIUM/GT/GTC 2DR COUPE,1990
chrysler,lebaron,LE BARON BASE/PREMIUM/GT/GTC CONVERTIBLE,1990
chrysler,lebaron,LE BARON CONV.,1982-1984
chrysler,lebaron,LE BARON CONVERTIBLE/LX/GTC CONVERTIBLE,1991-1992
chrysler,lebaron,LE BARON COUPE/LX/GTC 2DR COUPE,1991-1993
chrysler,lebaron,LE BARON LE/LANDAU 4DR SEDAN,1993
chrysler,lebaron,LE BARON LX/GTC CONVERTIBLE,1993
chrysler,lebaron,LE BARON TOWN & COUN. CONV.,1983-1984
chrysler,lebaron,LE BARON TOWN & COUN. WAGON,1983-1984
chrysler,lebaron,LE BARON WAGON,1981
chrysler,lebaron,LEBARON 2 DR COUPE,1987
chrysler,lebaron,LEBARON 4 DR SEDAN,1987-1988
chrysler,lebaron,LEBARON BASE/PREMIUM 2 DR COUPE,1988
chrysler,lebaron,LEBARON BASE/PREMIUM CONVERTIBLE,1988
chrysler,lebaron,LEBARON BASE/PREMIUM GTC 2DR COUPE,1989
chrysler,lebaron,LEBARON BASE/PREMIUM GTC CONVERTIBLE,1989
chrysler,lebaron,LEBARON CONVERTIBLE,1986-1987
chrysler,lebaron,LEBARON COUPE,1986
chrysler,lebaron,LEBARON GTS 4 DR HATCHBACK,1987
chrysler,lebaron,LEBARON GTS BASE/PREMIUM 4 DR HATCHBACK,1988
chrysler,lebaron,LEBARON GTS BASE/PREMIUM GTS TURBO 4DR,1989
chrysler,lebaron,LEBARON GTS PREMIUM 4 DR HATCHBACK,1987
chrysler,lebaron,LEBARON SEDAN,1986
chrysler,lebaron,LEBARON TOWN & COUNTRY WAGON,1986-1988
chrysler,lebaron,LeBARON CONVERTIBLE,1985
chrysler,lebaron,LeBARON COUPE,1985
chrysler,lebaron,LeBARON GTS,1985-1986
chrysler,lebaron,LeBARON SEDAN,1985
chrysler,lhs,LHS 4DR SEDAN,"1994-1997,1999-2001"
chrysler,neon,NEON 4DR SEDAN LE,2002
chrysler,neon,NEON 4DR SEDAN LE/LX,2000-2001
chrysler,neon,NEON 4DR SEDAN LX,2002
chrysler,neon,NEON 4DR SEDAN RT,2001-2002
chrysler,new_yorker,NEW YORKER,"1981,1983-1986"
chrysler,new_yorker,NEW YORKER 4 DR SEDAN,1987
chrysler,new_yorker,NEW YORKER 4DR SEDAN,1994-1995
chrysler,new_yorker,NEW YORKER BASE/LANDAU 4 DR SEDAN,1988-1989
chrysler,new_yorker,NEW YORKER FIFTH AVE.,1982
chrysler,new_yorker,NEW YORKER FIFTH AVENUE 4DR SEDAN,1990-1993
chrysler,new_yorker,NEW YORKER LANDAU 4DR SEDAN,1990
chrysler,new_yorker,NEW YORKER SALON,1992-1993
chrysler,new_yorker,NEW YORKER TURBO,1988
chrysler,newport,NEWPORT,1981-1982
chrysler,pacifica,PACIFICA 4DR MINIVAN,2017-2020
chrysler,pacifica,PACIFICA 4DR MINIVAN AWD,2021-2026
chrysler,pacifica,PACIFICA 4DR MINIVAN FWD,2021-2026
chrysler,pacifica,PACIFICA 4DR WAGON AWD,2004-2007
chrysler,pacifica,PACIFICA 4DR WAGON FWD,2004-2007
chrysler,pacifica,PACIFICA HYBRID 4DR MINIVAN,2017-2026
chrysler,pacifica,PACIFICA LIMITED 4DR WAGON AWD,2008
chrysler,pacifica,PACIFICA LX/TOURING 4DR WAGON FWD,2008
chrysler,prowler,PLYMOUTH PROWLER 2DR CONVERTIBLE,2000-2002
chrysler,pt_cruiser,PT CRUISER 2DR CONVERTIBLE FWD /GT,2005-2007
chrysler,pt_cruiser,PT CRUISER 2DR CONVERTIBLE FWD /TOURING,2005
chrysler,pt_cruiser,PT CRUISER 2DR CONVERTIBLE FWD TOURING,2006-2007
chrysler,pt_cruiser,PT CRUISER 4DR BASE/LIMITED,2001
chrysler,pt_cruiser,PT CRUISER 4DR WAGON FWD /CLASSIC/ TOURING/GT,2005-2007
chrysler,pt_cruiser,PT CRUISER 4DR/ TOURING/LIMITED/DREAM,2002
chrysler,pt_cruiser,PT CRUISER 4DR/CLASSIC/ TOURING/LIMITED/TURBO,2003-2004
chrysler,pt_cruiser,PT CRUISER CLASSIC 4DR WAGON FWD,2010
chrysler,pt_cruiser,PT CRUISER CONVERTIBLE TOURING 2DR FWD,2008-2009
chrysler,pt_cruiser,PT CRUISER LX/TOURING 4DR WAGON FWD,2008-2009
chrysler,sebring,SEBRING 2DR CONVERTIBLE FWD /BASE/GTC,2004-2005
chrysler,sebring,SEBRING 2DR CONVERTIBLE FWD /LIMITED,2004-2005
chrysler,sebring,SEBRING 2DR CONVERTIBLE FWD /TOURING,2004-2005
chrysler,sebring,SEBRING 2DR CONVERTIBLE FWD BASE,2006
chrysler,sebring,SEBRING 2DR CONVERTIBLE FWD LIMITED,2006
chrysler,sebring,SEBRING 2DR CONVERTIBLE FWD TOURING,2006
chrysler,sebring,SEBRING 2DR CONVERTIBLE GTC,2002-2003
chrysler,sebring,SEBRING 2DR CONVERTIBLE JX/JXi,1998-1999
chrysler,sebring,SEBRING 2DR CONVERTIBLE JX/JXi/LTD,2000
chrysler,sebring,SEBRING 2DR CONVERTIBLE LIMITED,2002-2003
chrysler,sebring,SEBRING 2DR CONVERTIBLE LX,2002-2003
chrysler,sebring,SEBRING 2DR CONVERTIBLE LX/LXi/LTD,2001
chrysler,sebring,SEBRING 2DR CONVERTIBLE Lxi,2002-2003
chrysler,sebring,SEBRING 2DR COUPE LX,1998-2000
chrysler,sebring,SEBRING 2DR COUPE LX/LXi,"1995-1997,2001"
chrysler,sebring,SEBRING 2DR COUPE LXi,1998-2000
chrysler,sebring,SEBRING 2DR JX/JXi CONVERTIBLE,1996-1997
chrysler,sebring,SEBRING 4DR SEDAN BASE,2007
chrysler,sebring,SEBRING 4DR SEDAN BASE/TOURING,2004-2006
chrysler,sebring,SEBRING 4DR SEDAN LIMITED,"2004-2005,2007"
chrysler,sebring,SEBRING 4DR SEDAN LX,2002-2003
chrysler,sebring,SEBRING 4DR SEDAN LX/LXi,2001
chrysler,sebring,SEBRING 4DR SEDAN Lxi,2002-2003
chrysler,sebring,SEBRING 4DR SEDAN TOURING,2007
chrysler,sebring,SEBRING CONVERTIBLE LIMITED 2DR FWD,2008-2010
chrysler,sebring,SEBRING CONVERTIBLE LX/TOURING 2DR FWD,2008-2010
chrysler,sebring,SEBRING LIMITED 4DR SEDAN AWD,2008-2010
chrysler,sebring,SEBRING LIMITED 4DR SEDAN FWD,2008-2010
chrysler,sebring,SEBRING LX/TOURING 4DR SEDAN FWD,2008-2010
chrysler,town_and_country,TOWN & COUNTRY 3DR WAGON,1994-1995
chrysler,town_and_country,TOWN & COUNTRY 3DR WAGON AWD,1994-1995
chrysler,town_and_country,TOWN & COUNTRY 4DR MINIVAN,2015-2016
chrysler,town_and_country,TOWN & COUNTRY 4DR MINIVAN TOURING/TOURING-L/,2011-2014
chrysler,town_and_country,TOWN & COUNTRY LIMITED AWD,2004-2005
chrysler,town_and_country,TOWN & COUNTRY LIMITED FWD,2004-2010
chrysler,town_and_country,TOWN & COUNTRY LTD AWD,1999-2003
chrysler,town_and_country,TOWN & COUNTRY LTD FWD,2002-2003
chrysler,town_and_country,TOWN & COUNTRY LXi,1996-1998
chrysler,town_and_country,TOWN & COUNTRY LXi AWD,1996-1998
chrysler,town_and_country,TOWN & COUNTRY LXi/LTD,1999-2001
chrysler,town_and_country,TOWN & COUNTRY Lxi FWD,2002-2003
chrysler,town_and_country,TOWN & COUNTRY TOURING FWD,2004-2010
chrysler,town_and_country,TOWN & COUNTRY WAGON,"1982,1985"
chrysler,town_and_country,TOWN AND COUNTRY WAGON,1990-1993
daewoo,lanos,LANOS 2DR HATCHBACK S,2001-2002
daewoo,lanos,LANOS 2DR HATCHBACK S/SX,1999-2000
daewoo,lanos,LANOS 4DR SEDAN S,2000-2002
daewoo,lanos,LANOS 4DR SEDAN SX,1999
daewoo,leganza,LEGANZA 4DR SEDAN CDX,2002
daewoo,leganza,LEGANZA 4DR SEDAN SX,2002
daewoo,leganza,LEGANZA 4DR SEDAN SX/CDX,1999-2001
daewoo,nubira,NUBIRA 4DR SEDAN SE/SX,2002
daewoo,nubira,NUBIRA 4DR SEDAN SX,2001
daewoo,nubira,NUBIRA 4DR SEDAN SX/CDX,1999-2000
daewoo,nubira,NUBIRA 4DR WAGON SX,2001-2002
daewoo,nubira,NUBIRA 4DR WAGON SX/CDX,1999-2000
datsun,210,210 DELUXE 4 DR SD,1982
datsun,210,210 HATCHBACK 1.5L,1981
datsun,210,210 MPG 2 DR SD,1982
datsun,210,210 SEDAN 1.2L,1981
datsun,210,210 SL 2 DR HB,1982
datsun,210,210 SL 5 DR WAGON,1982
datsun,210,210 SUNNY 2 DR,1982
datsun,210,210 WAGON,1981
datsun,280zx,280 ZX,"1981,1983"
datsun,280zx,280 ZX 2+2,1983
datsun,280zx,280 ZX 2+2 GL,1981
datsun,280zx,280 ZX COUPE (TURBO),1981
datsun,280zx,280ZX,1982
datsun,280zx,280ZX 2+2,1982
datsun,310,310 2 DR SD,1981
datsun,310,310 4 DR HATCHBACK,1981
datsun,310,310 BX HB 2 DR,1982
datsun,310,310 GX HB 4 DR,1982
datsun,310,310 GX SPT. 2 DR,1982
datsun,510,510 2 DR SD,1981
datsun,510,510 4 DR HATCHBACK,1981
datsun,510,510 WAGON,1981
dodge,400,400,1982
dodge,600,600 & 600 ES 4 DR,1983-1984
dodge,600,600 2 DR,1985-1986
dodge,600,600 4 DR,1985
dodge,600,600 4 DR SEDAN,1987
dodge,600,600 BASE/SE (4-DR),1986
dodge,600,600 BASE/SE 4 DR SEDAN,1988
dodge,600,600 CONV.,1983-1984
dodge,600,600 CP 2 DR,1983-1984
dodge,600,600 SE 4 DR SEDAN,1987
dodge,600,600 TURBO CONVERTIBLE,1985-1986
dodge,600,600ES  TURBO CONVERTIBLE,1986
dodge,aries,ARIES (BASE) 2 DR,1985-1986
dodge,aries,ARIES (BASE) 4 DR,1985-1986
dodge,aries,ARIES CANADA-K 2 DR SEDAN,1987-1989
dodge,aries,ARIES CANADA-K 4 DR SEDAN,1987-1989
dodge,aries,ARIES CANADA-K WAGON,1987-1988
dodge,aries,ARIES CUST. & SE STATION WAGON,1983-1984
dodge,aries,ARIES K 2 DR,1981-1982
dodge,aries,ARIES K 4 DR,1981-1982
dodge,aries,ARIES K WAGON,1981-1982
dodge,aries,ARIES LE 2 DR,1985-1986
dodge,aries,ARIES LE 4 DR,1985-1986
dodge,aries,ARIES LE WAGON,1985-1986
dodge,aries,ARIES SE & 4 DR,1983-1984
dodge,aries,ARIES SE & ARIES 2 DR,1983-1984
dodge,aries,ARIES SE 2 DR,1985-1986
dodge,aries,ARIES SE 4 DR,1986
dodge,aries,ARIES SE WAGON,1985-1986
dodge,avenger,AVENGER 2DR COUPE BASE,1997-1999
dodge,avenger,AVENGER 2DR COUPE ES,1995-1999
dodge,avenger,AVENGER 4DR SEDAN CANADA VALUE PACKAGE/SXT,2014
dodge,avenger,AVENGER 4DR SEDAN CANADA VALUE PACKAGE/SXT/SX,2011
dodge,avenger,AVENGER 4DR SEDAN R/T,2012-2014
dodge,avenger,AVENGER 4DR SEDAN SX CANADA VALUE PACKAGE/SXT,2012-2013
dodge,avenger,AVENGER BASE,1995-1996
dodge,avenger,AVENGER RT,2008-2010
dodge,avenger,AVENGER SE/SXT,2008-2010
dodge,caliber,CALIBER 4DR HATCHBACK CANADA VALUE PACKAGE SE,2011
dodge,caliber,CALIBER 4DR HATCHBACK RUSH,2011
dodge,caliber,CALIBER 4DR HATCHBACK SE/SXT,2012
dodge,caliber,CALIBER 4DR SUV FWD RT,2007-2009
dodge,caliber,CALIBER 4DR SUV FWD SE/SXT,2007-2010
dodge,caliber,CALIBER 4DR SUV FWD SRT4,2007-2009
dodge,caravan,CARAVAN,"1985,1988-1989"
dodge,caravan,CARAVAN & SE LIMITED,1984
dodge,caravan,CARAVAN (VAN),1987
dodge,caravan,CARAVAN 3DR WAGON AWD SE/LE/ES,1994
dodge,caravan,CARAVAN 3DR WAGON BASE/SE/LE/ES,1994-1995
dodge,caravan,CARAVAN BASE/SE,2000
dodge,caravan,CARAVAN BASE/SE/LE,"1986,1998-1999"
dodge,caravan,CARAVAN BASE/SE/LE WAGON,1990-1991
dodge,caravan,CARAVAN BASE/SE/LE/ES,1996-1997
dodge,caravan,CARAVAN C/V AWD,1992
dodge,caravan,CARAVAN C/V EXTENDED VAN AWD,1992
dodge,caravan,CARAVAN C/V EXTENDED VAN FWD,1992
dodge,caravan,CARAVAN C/V EXTENDED VAN FWD/AWD,"1991,1993"
dodge,caravan,CARAVAN C/V FWD,1992
dodge,caravan,CARAVAN C/V FWD/AWD,"1991,1993"
dodge,caravan,CARAVAN CARGO VAN,1994-1995
dodge,caravan,CARAVAN CARGO VAN EXTENDED BODY,1994-1995
dodge,caravan,CARAVAN EXTENDED BODY LE VAN,1987
dodge,caravan,CARAVAN EXTENDED BODY SE VAN,1987
dodge,caravan,CARAVAN FWD BASE/ANNIVERSARY EDITION/SXT,2004-2005
dodge,caravan,CARAVAN FWD BASE/SXT,2006-2007
dodge,caravan,CARAVAN LE,1988-1989
dodge,caravan,CARAVAN LE VAN,1987
dodge,caravan,CARAVAN SE,1988-1989
dodge,caravan,CARAVAN SE VAN,1987
dodge,caravan,CARAVAN SE/LE AWD WAGON,1991
dodge,caravan,CARAVAN SE/LE/ES AWD WAGON,1992-1993
dodge,caravan,CARAVAN SE/LE/ES FWD WAGON,1992
dodge,caravan,CARAVAN SE/LE/ES WAGON,1993
dodge,caravan,CARAVAN SE/SPORT,2001-2003
dodge,challenger,CHALLENGER,1981-1982
dodge,challenger,CHALLENGER 2DR COUPE AWD V6,2019-2024
dodge,challenger,CHALLENGER 2DR COUPE RWD R/T,2009-2010
dodge,challenger,CHALLENGER 2DR COUPE RWD R/T / R/T CLASSIC,2015
dodge,challenger,CHALLENGER 2DR COUPE RWD R/T/R/T CLASSIC,2011-2014
dodge,challenger,CHALLENGER 2DR COUPE RWD SE / SXT,2009-2010
dodge,challenger,CHALLENGER 2DR COUPE RWD SRT,2013-2014
dodge,challenger,CHALLENGER 2DR COUPE RWD SRT / HELLCAT,2015
dodge,challenger,CHALLENGER 2DR COUPE RWD SRT 392 / HELLCAT,2016-2024
dodge,challenger,CHALLENGER 2DR COUPE RWD SRT DEMON,2018
dodge,challenger,CHALLENGER 2DR COUPE RWD SRT8,2009-2010
dodge,challenger,CHALLENGER 2DR COUPE RWD SRT8 392,2011-2012
dodge,challenger,CHALLENGER 2DR COUPE RWD SXT/SXT PLUS,2011-2013
dodge,challenger,CHALLENGER 2DR COUPE RWD SXT/SXT PLUS/RALLY R,2014
dodge,challenger,CHALLENGER 2DR COUPE RWD SXT/SXT PLUS/RALLY REDLINE,2015
dodge,challenger,CHALLENGER 2DR COUPE RWD V6,2016-2024
dodge,challenger,CHALLENGER 2DR COUPE RWD V8,2016-2024
dodge,challenger,CHALLENGER GT 2DR COUPE AWD V6,2017-2018
dodge,charger,CHARGER,"1981,1983-1984"
dodge,charger,CHARGER (BASE),1985-1986
dodge,charger,CHARGER 2 DR HATCHBACK,1987
dodge,charger,CHARGER 2.2,1982-1986
dodge,charger,CHARGER 2DR COUPE,2026
dodge,charger,CHARGER 4DR SEDAN AWD,2016-2024
dodge,charger,CHARGER 4DR SEDAN AWD R/T AWD,2011-2012
dodge,charger,CHARGER 4DR SEDAN AWD SE/SXT,2015
dodge,charger,CHARGER 4DR SEDAN AWD SXT AWD/SXT PLUS AWD,2012
dodge,charger,CHARGER 4DR SEDAN R/T AWD,2013-2014
dodge,charger,CHARGER 4DR SEDAN RWD HELLCAT,2015-2024
dodge,charger,CHARGER 4DR SEDAN RWD R/T,2006-2010
dodge,charger,CHARGER 4DR SEDAN RWD R/T / R/T ROAD AND TRACK/,2015
dodge,charger,CHARGER 4DR SEDAN RWD R/T SCAT PACK/SRT392,2016-2024
dodge,charger,CHARGER 4DR SEDAN RWD R/T/R/T ROAD AND TRACK,2011
dodge,charger,CHARGER 4DR SEDAN RWD R/T/R/T ROAD AND TRACK/,2012-2014
dodge,charger,CHARGER 4DR SEDAN RWD RT SCAT PACK/SRT392,2015
dodge,charger,CHARGER 4DR SEDAN RWD SE/SXT,"2006-2010,2015"
dodge,charger,CHARGER 4DR SEDAN RWD SE/SXT/SXT PLUS,2011-2014
dodge,charger,CHARGER 4DR SEDAN RWD SRT8,2006-2010
dodge,charger,CHARGER 4DR SEDAN RWD V6,2016-2024
dodge,charger,CHARGER 4DR SEDAN RWD V8,2016-2024
dodge,charger,CHARGER 4DR SEDAN SRT,2013
dodge,charger,CHARGER 4DR SEDAN SRT/SRT SUPERBEE,2014
dodge,charger,CHARGER 4DR SEDAN SXT AWD/SXT PLUS AWD,2013-2014
dodge,charger,CHARGER EV 2DR COUPE,2025-2026
dodge,charger,CHARGER EV 4DR SEDAN,2026-2027
dodge,charger,SHELBY TURBO CHARGER 2 DR HATCHBACK,1987
dodge,colt,COLT 100 DL 2 DR HATCHBACK,1991
dodge,colt,COLT 100 E 2 DR HATCHBACK,1991-1992
dodge,colt,COLT 100 E 4 DR SEDAN,1992
dodge,colt,COLT 100 E/DL 4 DR SEDAN,1991
dodge,colt,COLT 2 DR HB,1982
dodge,colt,COLT 200 E/GT 2 DR HATCHBACK,1991-1992
dodge,colt,COLT 2DR COUPE BASE/ES,1994-1996
dodge,colt,COLT 3DR WAGON BASE/SE,1994
dodge,colt,COLT 3DR WAGON Ti AWD,1994
dodge,colt,COLT 4DR SEDAN BASE/ES,1994
dodge,colt,COLT 5 DR HB,1982
dodge,colt,COLT COUPE/GL 2DR,1993
dodge,colt,COLT E & D4 & GTS 2 DR HB,1983-1984
dodge,colt,COLT E & DL 4 DR HB,1983-1984
dodge,colt,COLT HATCHBACK 1.4L,1981
dodge,colt,COLT HATCHBACK 1.6L,1981
dodge,colt,COLT SEDAN/GL 4DR,1993
dodge,colt,COLT WAGON/SE/AWD SE,1992-1993
dodge,dakota,DAKOTA CLUB CAB PICKUP,1990-1993
dodge,dakota,DAKOTA CLUB CAB PICKUP 4X4,1991-1993
dodge,dakota,DAKOTA LONG WB,1988-1993
dodge,dakota,DAKOTA LONG WB 4X4,1987-1993
dodge,dakota,DAKOTA LONG WB PICK-UP,1987
dodge,dakota,DAKOTA P/U CLUB CAB 2WD LARAMIE,2005-2009
dodge,dakota,DAKOTA P/U CLUB CAB 2WD ST/SLT,2005-2009
dodge,dakota,DAKOTA P/U CLUB CAB 2WD ST/SLT/SXT,2010
dodge,dakota,DAKOTA P/U CLUB CAB 4WD ST/SLT,2005-2009
dodge,dakota,DAKOTA P/U CLUB CAB 4WD ST/SLT/SXT,2010
dodge,dakota,DAKOTA P/U CLUB CAB L/BOX 2WD,2000-2001
dodge,dakota,DAKOTA P/U CLUB CAB L/BOX 2WD SXT/SLT/R/T,2002-2004
dodge,dakota,DAKOTA P/U CLUB CAB L/BOX 4WD,2000-2001
dodge,dakota,DAKOTA P/U CLUB CAB L/BOX 4WD SXT/SLT/R/T,2002-2004
dodge,dakota,DAKOTA P/U CLUB CAB S/BOX,1994-1996
dodge,dakota,DAKOTA P/U CLUB CAB S/BOX 2WD,1997-1999
dodge,dakota,DAKOTA P/U CLUB CAB S/BOX 4WD,1997-1999
dodge,dakota,DAKOTA P/U CLUB CAB S/BOX 4X4,1994-1996
dodge,dakota,DAKOTA P/U QUAD CAB 2WD LARAMIE,2005-2009
dodge,dakota,DAKOTA P/U QUAD CAB 2WD ST/SLT,2005-2009
dodge,dakota,DAKOTA P/U QUAD CAB 2WD ST/SLT/SXT,2010
dodge,dakota,DAKOTA P/U QUAD CAB 4WD ST/SLT,2005-2009
dodge,dakota,DAKOTA P/U QUAD CAB 4WD ST/SLT/SXT,2010
dodge,dakota,DAKOTA P/U QUAD CAB S/BOX 2WD,2000-2004
dodge,dakota,DAKOTA P/U QUAD CAB S/BOX 4WD,2000-2004
dodge,dakota,DAKOTA P/U REG CAB L/BOX,1994-1996
dodge,dakota,DAKOTA P/U REG CAB L/BOX 2WD,1997-2001
dodge,dakota,DAKOTA P/U REG CAB L/BOX 2WD Sport/SLT,2002-2004
dodge,dakota,DAKOTA P/U REG CAB L/BOX 4WD,2000-2001
dodge,dakota,DAKOTA P/U REG CAB L/BOX 4WD Sport/SLT,2002-2004
dodge,dakota,DAKOTA P/U REG CAB L/BOX 4X4,1994-1996
dodge,dakota,DAKOTA P/U REG CAB S/BOX,1994-1996
dodge,dakota,DAKOTA P/U REG CAB S/BOX 2WD,1997-1999
dodge,dakota,DAKOTA P/U REG CAB S/BOX 4WD,1997-1999
dodge,dakota,DAKOTA P/U REG CAB S/BOX 4X4,1994-1996
dodge,dakota,DAKOTA SHORT WB,1988-1993
dodge,dakota,DAKOTA SHORT WB 4X4,1987-1993
dodge,dakota,DAKOTA SHORT WB PICK-UP,1987
dodge,dart,DART 4DR SEDAN,2016-2017
dodge,dart,DART SE/SXT/AERO/BLACKTOP/LIMITED/GT 4DR SEDAN,2015
dodge,dart,DART SE/SXT/RALLYE/AERO/LIMITED/GT 4DR SEDAN,2013-2014
dodge,diplomat,DIPLOMAT,1982-1984
dodge,diplomat,DIPLOMAT 2 DR,1981
dodge,diplomat,DIPLOMAT 4 DR,1981
dodge,diplomat,DIPLOMAT SALON,1985-1986
dodge,diplomat,DIPLOMAT SALON 4 DR SEDAN,1987-1989
dodge,diplomat,DIPLOMAT WAGON,1981
dodge,durango,DURANGO 2X4 SLT/SLT PLUS,1999
dodge,durango,DURANGO 4DR SUV 4WD SLT/SLT PLUS,2008-2009
dodge,durango,DURANGO 4DR SUV AWD V6,2016-2026
dodge,durango,DURANGO 4DR SUV AWD V6 SXT/CREW PLUS/CITADEL,2011-2013
dodge,durango,DURANGO 4DR SUV AWD V6 SXT/LIMITED/CITADEL,2014-2015
dodge,durango,DURANGO 4DR SUV AWD V8,2016-2026
dodge,durango,DURANGO 4DR SUV AWD V8 CREW PLUS/CITADEL,2011-2012
dodge,durango,DURANGO 4DR SUV AWD V8 R/T/CREW PLUS/CITADEL,2013
dodge,durango,DURANGO 4DR SUV AWD V8 R/T/LIMITED/CITADEL,2014-2015
dodge,durango,DURANGO 4DR SUV RWD V6 SXT/CREW PLUS/CITADEL,2011
dodge,durango,DURANGO 4DR SUV RWD V8 CREW PLUS/CITADEL,2011
dodge,durango,DURANGO 4WD SLT/SLT PLUS,1998
dodge,durango,DURANGO 4X4 SLT/SLT PLUS,1999
dodge,durango,DURANGO 4X4 SPORT/SLT,2000-2001
dodge,durango,DURANGO HYBRID 4DR SUV 4WD,2008-2009
dodge,durango,DURANGO SUV 4WD /LIMITED,2005-2007
dodge,durango,DURANGO SUV 4WD /SLT/SLT PLUS,2005-2007
dodge,durango,DURANGO SUV 4X4 /LIMITED,2004
dodge,durango,DURANGO SUV 4X4 /SLT/SLT PLUS,2004
dodge,durango,DURANGO SUV 4X4 R/T,2002-2003
dodge,durango,DURANGO SUV 4X4 SXT/SLT/SLT Plus,2002-2003
dodge,grand_caravan,GRAND CARAVAN,2006-2007
dodge,grand_caravan,GRAND CARAVAN 3DR WAGON AWD SE/LE/ES,1994-1995
dodge,grand_caravan,GRAND CARAVAN 3DR WAGON BASE/SE/LE/ES,1994-1995
dodge,grand_caravan,GRAND CARAVAN 4DR VAN CARGO VAN/EXPRESS/MAINS,2011
dodge,grand_caravan,GRAND CARAVAN 4DR VAN FWD,2015-2020
dodge,grand_caravan,GRAND CARAVAN 4DR VAN FWD CANADA VALUE PKG/SE,2008-2011
dodge,grand_caravan,GRAND CARAVAN 4DR VAN FWD CVP/SE PLUS/SXT/SXT,2013-2014
dodge,grand_caravan,GRAND CARAVAN 4DR VAN FWD CVP/SXT/CREW/CREW P,2012
dodge,grand_caravan,GRAND CARAVAN 4DR VAN FWD SXT,2008-2010
dodge,grand_caravan,GRAND CARAVAN AWD SE/LE/ES,1996-2000
dodge,grand_caravan,GRAND CARAVAN AWD SPORT/ES,2001-2003
dodge,grand_caravan,GRAND CARAVAN BASE/SE/LE/ES,1996-2000
dodge,grand_caravan,GRAND CARAVAN LE,1988-1989
dodge,grand_caravan,GRAND CARAVAN SE,1988-1989
dodge,grand_caravan,GRAND CARAVAN SE/LE AWD WAGON,1991
dodge,grand_caravan,GRAND CARAVAN SE/LE WAGON,1990-1991
dodge,grand_caravan,GRAND CARAVAN SE/LE/ES AWD WAGON,1992-1993
dodge,grand_caravan,GRAND CARAVAN SE/LE/ES FWD WAGON,1992
dodge,grand_caravan,GRAND CARAVAN SE/LE/ES WAGON,1993
dodge,grand_caravan,GRAND CARAVAN SPORT FWD,2004-2005
dodge,grand_caravan,GRAND CARAVAN SPORT FWD /ANNIVERSARY EDITION/,2004-2005
dodge,grand_caravan,GRAND CARAVAN SPORT/ES,2001-2003
dodge,grand_caravan,GRAND CARAVAN SXT,2006-2007
dodge,hornet,HORNET GT 4DR SUV,2023-2026
dodge,hornet,HORNET R/T PHEV 4DR SUV,2023-2026
dodge,journey,JOURNEY 4DR CUV AWD SXT/RT,2008-2009
dodge,journey,JOURNEY 4DR CUV FWD SE,2009
dodge,journey,JOURNEY 4DR CUV FWD SE/SXT/RT,2008
dodge,journey,JOURNEY 4DR CUV FWD SXT/RT,2009
dodge,journey,JOURNEY 4DR SUV AWD R/T/R/T RALLYE,2013-2014
dodge,journey,JOURNEY 4DR SUV AWD RT,2010
dodge,journey,JOURNEY 4DR SUV AWD SXT/CREW/R/T,2011-2012
dodge,journey,JOURNEY 4DR SUV AWD V6,2015-2020
dodge,journey,JOURNEY 4DR SUV FWD CANADA VALUE PACKAGE/SE P,2011-2014
dodge,journey,JOURNEY 4DR SUV FWD CREW,2013
dodge,journey,JOURNEY 4DR SUV FWD I4,2015-2020
dodge,journey,JOURNEY 4DR SUV FWD LIMITED,2014
dodge,journey,JOURNEY 4DR SUV FWD R/T,2011-2012
dodge,journey,JOURNEY 4DR SUV FWD SE,2010
dodge,journey,JOURNEY 4DR SUV FWD SXT,2010
dodge,journey,JOURNEY 4DR SUV FWD SXT/CREW,2011-2012
dodge,journey,JOURNEY 4DR SUV FWD V6,2015-2020
dodge,lancer,LANCER (BASE),1985-1986
dodge,lancer,LANCER 4 DR HATCHBACK,1987-1989
dodge,lancer,LANCER ES,1985-1986
dodge,lancer,LANCER ES 4 DR HATCHBACK,1987-1989
dodge,lancer,LANCER SHELBY 4DR,1988-1989
dodge,magnum,MAGNUM 4DR WAGON RWD /SE/SXT,2005-2008
dodge,magnum,MAGNUM RT 4DR WAGON RWD,2005-2008
dodge,magnum,MAGNUM SRT8 4DR WAGON RWD,2006-2008
dodge,mini_ram,MINI RAM EXTENDED VAN,1988-1990
dodge,mini_ram,MINI RAM VAN,1987-1990
dodge,mini_ram,MINI RAM VAN ROYAL,1987
dodge,mirada,MIRADA,1981-1982
dodge,neon,NEON 2DR COUPE,1995-1998
dodge,neon,NEON 2DR COUPE BASE/EX/SPORT/R/T,1999
dodge,neon,NEON 4DR SEDAN,1994-1998
dodge,neon,NEON 4DR SEDAN BASE/EX/SPORT/R/T,1999
dodge,nitro,NITRO 4DR SUV 4WD SLT/RT,2007-2009
dodge,nitro,NITRO 4DR SUV RWD SE/SXT,2007-2009
dodge,nitro,NITRO 4DR SUV RWD SXT,2010-2011
dodge,omni,EXPO 4 DR HATCHBACK OMNI,1989
dodge,omni,OMNI & OMNI SE,1983-1984
dodge,omni,OMNI 024,1981-1982
dodge,omni,OMNI 2 DR,1981
dodge,omni,OMNI 4 DR,1981
dodge,omni,OMNI 4DR HATCHBACK,1990
dodge,omni,OMNI 5 DR,1982
dodge,omni,OMNI BASE/SE,1986
dodge,omni,OMNI GLH,1985-1986
dodge,omni,OMNI SE,1985
dodge,raider,RAIDER 4X4,1987-1989
dodge,ram,B-250 RAM MAXIVAN,1987
dodge,ram,B-350 RAM MAXIVAN,1987
dodge,ram,POWER RAM W100 LONG BED PICK-UP,1985-1986
dodge,ram,POWER RAM W100 SHORT BED PICK-UP,1985-1986
dodge,ram,POWER RAM W150 LONG WB PICK-UP,1987
dodge,ram,POWER RAM W150 SHORT WB PICK-UP,1987
dodge,ram,POWER RAM W250 LONG WB 4X4,1987
dodge,ram,RAM 1500 CLUB CAB L/BOX 2WD,1995-1997
dodge,ram,RAM 1500 CLUB CAB L/BOX 4WD,1995-1997
dodge,ram,RAM 1500 CLUB CAB S/BOX 2WD,1995-1997
dodge,ram,RAM 1500 CLUB CAB S/BOX 4WD,1995-1997
dodge,ram,RAM 1500 CLUB/QUAD CAB L/BOX 2WD,1998
dodge,ram,RAM 1500 CLUB/QUAD CAB L/BOX 4WD,1998
dodge,ram,RAM 1500 CLUB/QUAD CAB S/BOX 2WD,1998-2000
dodge,ram,RAM 1500 CLUB/QUAD CAB S/BOX 4WD,1998-2000
dodge,ram,RAM 1500 CREW CAB 5.7-FT BOX 2WD,2009-2010
dodge,ram,RAM 1500 CREW CAB 5.7-FT BOX 4X4,2009-2010
dodge,ram,RAM 1500 LONG BOX 2WD,1994
dodge,ram,RAM 1500 LONG BOX 4WD,1994
dodge,ram,RAM 1500 LONG WB VAN,1995-1997
dodge,ram,RAM 1500 MAXIVAN LONG WB,1998-2004
dodge,ram,RAM 1500 MAXIWAGON LONG WB,2002-2004
dodge,ram,RAM 1500 MEGA CAB S/BOX 2WD,2006-2008
dodge,ram,RAM 1500 MEGA CAB S/BOX 4WD,2006-2008
dodge,ram,RAM 1500 QUAD CAB 6.4-FT BOX 2WD,2009-2010
dodge,ram,RAM 1500 QUAD CAB 6.4-FT BOX 4X4,2009-2010
dodge,ram,RAM 1500 QUAD CAB L/BOX 2WD,"1999-2001,2003-2008"
dodge,ram,RAM 1500 QUAD CAB L/BOX 2WD ST/SLT/SLT Plus,2002
dodge,ram,RAM 1500 QUAD CAB L/BOX 4WD,"1999-2001,2003-2008"
dodge,ram,RAM 1500 QUAD CAB L/BOX 4WD ST/SLT/SLT Plus,2002
dodge,ram,RAM 1500 QUAD CAB S/BOX 2WD,"2001,2003-2008"
dodge,ram,RAM 1500 QUAD CAB S/BOX 2WD ST/SLT/SLT Plus,2002
dodge,ram,RAM 1500 QUAD CAB S/BOX 4WD,"2001,2003-2008"
dodge,ram,RAM 1500 QUAD CAB S/BOX 4WD ST/SLT/SLT Plus,2002
dodge,ram,RAM 1500 REG CAB 6.4-FT BOX 2WD,2009-2010
dodge,ram,RAM 1500 REG CAB 6.4-FT BOX 4X4,2009-2010
dodge,ram,RAM 1500 REG CAB 8-FT BOX 2WD,2009-2010
dodge,ram,RAM 1500 REG CAB 8-FT BOX 4X4,2009-2010
dodge,ram,RAM 1500 REG CAB L/BOX 2WD,"1995-2001,2003-2008"
dodge,ram,RAM 1500 REG CAB L/BOX 2WD ST/SLT/SLT Plus,2002
dodge,ram,RAM 1500 REG CAB L/BOX 4WD,"1995-2001,2003-2008"
dodge,ram,RAM 1500 REG CAB L/BOX 4WD ST/SLT/SLT Plus,2002
dodge,ram,RAM 1500 REG CAB S/BOX 2WD,"1995-2001,2003-2008"
dodge,ram,RAM 1500 REG CAB S/BOX 2WDST/SLT/SLT Plus,2002
dodge,ram,RAM 1500 REG CAB S/BOX 4WD,"1995-2001,2003-2008"
dodge,ram,RAM 1500 REG CAB S/BOX 4WDST/SLT/SLT Plus,2002
dodge,ram,RAM 1500 SHORT BOX 2WD,1994
dodge,ram,RAM 1500 SHORT BOX 4WD,1994
dodge,ram,RAM 1500 SHORT WB VAN,1995-1997
dodge,ram,RAM 1500 SHORT WB WAGON,1995-1997
dodge,ram,RAM 1500 VAN LONG WB,1998-2004
dodge,ram,RAM 1500 VAN SHORT WB,1998-2004
dodge,ram,RAM 1500 WAGON LONG WB,2002-2004
dodge,ram,RAM 1500 WAGON SHORT WB,1998-2004
dodge,ram,RAM 2500 CLUB CAB L/BOX 2WD,1995-1997
dodge,ram,RAM 2500 CLUB CAB L/BOX 4WD,1995-1997
dodge,ram,RAM 2500 CLUB CAB S/BOX 2WD,1996-1997
dodge,ram,RAM 2500 CLUB CAB S/BOX 4WD,1996-1997
dodge,ram,RAM 2500 CLUB/QUAD CAB L/BOX 2WD,1998
dodge,ram,RAM 2500 CLUB/QUAD CAB L/BOX 4WD,1998
dodge,ram,RAM 2500 CLUB/QUAD CAB S/BOX 2WD,1998
dodge,ram,RAM 2500 CLUB/QUAD CAB S/BOX 4WD,1998
dodge,ram,RAM 2500 CREW CAB L/BOX 2WD,2010
dodge,ram,RAM 2500 CREW CAB L/BOX 4WD,2010
dodge,ram,RAM 2500 CREW CAB S/BOX 2WD,2010
dodge,ram,RAM 2500 CREW CAB S/BOX 4WD,2010
dodge,ram,RAM 2500 LONG BOX 2WD,1994
dodge,ram,RAM 2500 LONG BOX 4WD,1994
dodge,ram,RAM 2500 LONG WB MAXIVAN,1995-1997
dodge,ram,RAM 2500 LONG WB MAXIWAGON,1995
dodge,ram,RAM 2500 LONG WB VAN,1995-1997
dodge,ram,RAM 2500 LONG WB WAGON,1995-1997
dodge,ram,RAM 2500 MAXIVAN LONG WB,1998-2004
dodge,ram,RAM 2500 MAXIWAGON LONG WB,2002-2004
dodge,ram,RAM 2500 MEGA CAB S/BOX 2WD,2010
dodge,ram,RAM 2500 MEGA CAB S/BOX 4WD,2010
dodge,ram,RAM 2500 QUAD CAB L/BOX 2WD,"1999-2000,2002-2009"
dodge,ram,RAM 2500 QUAD CAB L/BOX 4WD,1999-2009
dodge,ram,RAM 2500 QUAD CAB S/BOX 2WD,1999-2009
dodge,ram,RAM 2500 QUAD CAB S/BOX 4WD,1999-2009
dodge,ram,RAM 2500 REG CAB L/BOX 2WD,1995-2010
dodge,ram,RAM 2500 REG CAB L/BOX 4WD,1995-2010
dodge,ram,RAM 2500 SHORT WB VAN,1995-1997
dodge,ram,RAM 2500 VAN LONG WB,1998-2004
dodge,ram,RAM 2500 WAGON LONG WB,1998-2004
dodge,ram,RAM 3500 CLUB CAB L/BOX 2WD DRW,1995-1997
dodge,ram,RAM 3500 CLUB CAB L/BOX 4WD DRW,1995-1997
dodge,ram,RAM 3500 CREW CAB L/BOX 2WD DRW,2010
dodge,ram,RAM 3500 CREW CAB L/BOX 4WD DRW,2010
dodge,ram,RAM 3500 CREW CAB S/BOX 2WD,2010
dodge,ram,RAM 3500 CREW CAB S/BOX 4WD,2010
dodge,ram,RAM 3500 LONG BOX 2WD,1994
dodge,ram,RAM 3500 LONG BOX 4WD,1994
dodge,ram,RAM 3500 LONG WB MAXIVAN,1995-1997
dodge,ram,RAM 3500 LONG WB MAXIWAGON,1995-1997
dodge,ram,RAM 3500 LONG WB VAN,1995-1997
dodge,ram,RAM 3500 LONG WB WAGON,1995-1997
dodge,ram,RAM 3500 MAXIVAN LONG WB,1998-2004
dodge,ram,RAM 3500 MAXIWAGON LONG WB,1998-2004
dodge,ram,RAM 3500 MEGA CAB S/BOX 2WD DRW,2010
dodge,ram,RAM 3500 MEGA CAB S/BOX 4WD DRW,2010
dodge,ram,RAM 3500 QUAD CAB L/BOX 2WD,2003-2009
dodge,ram,RAM 3500 QUAD CAB L/BOX 2WD DRW,1998-2009
dodge,ram,RAM 3500 QUAD CAB L/BOX 4WD,2003-2009
dodge,ram,RAM 3500 QUAD CAB L/BOX 4WD DRW,1998-2009
dodge,ram,RAM 3500 QUAD CAB S/BOX 2WD,2003-2009
dodge,ram,RAM 3500 QUAD CAB S/BOX 2WD DRW,2003-2009
dodge,ram,RAM 3500 QUAD CAB S/BOX 4WD,2003-2009
dodge,ram,RAM 3500 QUAD CAB S/BOX 4WD DRW,2003-2009
dodge,ram,RAM 3500 REG CAB L/BOX 2WD DRW,1995-2010
dodge,ram,RAM 3500 REG CAB L/BOX 4WD DRW,1995-2010
dodge,ram,RAM 3500 VAN LONG WB,1998-2004
dodge,ram,RAM 3500 WAGON LONG WB,"1998,2002-2004"
dodge,ram,RAM B150 LONG WB VAN,1994
dodge,ram,RAM B150 SHORT WB VAN,1994
dodge,ram,RAM B150 SHORT WB WAGON,1994
dodge,ram,RAM B150 WAGON LONG WB,1988
dodge,ram,RAM B150/B250 VAN LONG WB,1988-1993
dodge,ram,RAM B150/B250 VAN SHORT WB,1988-1993
dodge,ram,RAM B150/B250 WAGON LONG WB,1989-1993
dodge,ram,RAM B150/VALUE WAGON SHORT WB,1988-1991
dodge,ram,RAM B250 LONG WB MAXIVAN,1994
dodge,ram,RAM B250 LONG WB MAXIWAGON,1994
dodge,ram,RAM B250 LONG WB VAN,1994
dodge,ram,RAM B250 LONG WB WAGON,1994
dodge,ram,RAM B250 MAXIVAN,1988-1993
dodge,ram,RAM B250 MAXIWAGON,1988-1993
dodge,ram,RAM B250 SHORT WB VAN,1994
dodge,ram,RAM B250 WAGON LONG WB,1988
dodge,ram,RAM B350 LONG WB MAXIVAN,1994
dodge,ram,RAM B350 LONG WB MAXIWAGON,1994
dodge,ram,RAM B350 LONG WB VAN,1994
dodge,ram,RAM B350 LONG WB WAGON,1994
dodge,ram,RAM B350 MAXIVAN,1988-1993
dodge,ram,RAM B350 MAXIWAGON,1988-1993
dodge,ram,RAM B350 VAN LONG WB,1988-1993
dodge,ram,RAM B350 WAGON LONG WB,1988-1993
dodge,ram,RAM D100 LONG BED PICK-UP,1985-1986
dodge,ram,RAM D100 LONG WB,1988-1989
dodge,ram,RAM D100 SHORT BED PICK-UP,1985-1986
dodge,ram,RAM D100 SHORT WB,1988-1989
dodge,ram,RAM D150 CLUB CAB LONG W.B.,1991
dodge,ram,RAM D150 CLUB CAB LONG WB 4X2,1992-1993
dodge,ram,RAM D150 CLUB CAB SHORT W.B.,1991
dodge,ram,RAM D150 CLUB CAB SHORT WB 4X2,1992-1993
dodge,ram,RAM D150 LONG WB,1988-1991
dodge,ram,RAM D150 LONG WB PICK-UP,1987
dodge,ram,RAM D150 REGULAR CAB LONG WB 4X2,1992-1993
dodge,ram,RAM D150 REGULAR CAB SHORT WB 4X2,1992-1993
dodge,ram,RAM D150 SHORT WB,1988-1991
dodge,ram,RAM D150 SHORT WB PICK-UP,1987
dodge,ram,RAM D150S LONG WB,1990-1991
dodge,ram,RAM D150S SHORT WB,1990-1991
dodge,ram,RAM D250,1988-1991
dodge,ram,RAM D250 CLUB CAB 4X2,1992-1993
dodge,ram,RAM D250 CLUB CAB LONG W.B.,1991
dodge,ram,RAM D250 LONG WB PICK-UP,1987
dodge,ram,RAM D250 REGULAR CAB 4X2,1992-1993
dodge,ram,RAM D350,1988-1991
dodge,ram,RAM D350 LONG WB PICK-UP,1987
dodge,ram,RAM D350 REGULAR CAB 4X2,1992-1993
dodge,ram,RAM SRT-10 QUAD CAB S/BOX RWD,2006-2009
dodge,ram,RAM SRT-10 REG CAB S/BOX RWD,2004-2009
dodge,ram,RAM W100 LONG WB 4X4,1988-1989
dodge,ram,RAM W100 SHORT WB 4X4,1988-1989
dodge,ram,RAM W150 LONG WB 4X4,1988-1991
dodge,ram,RAM W150 REGULAR CAB LONG WB 4X4,1992-1993
dodge,ram,RAM W150 REGULAR CAB SHORT WB 4X4,1992-1993
dodge,ram,RAM W150 SHORT WB 4X4,1988-1991
dodge,ram,RAM W150S LONG WB 4X4,1990-1991
dodge,ram,RAM W150S SHORT WB 4X4,1990-1991
dodge,ram,RAM W250 4X4,1988-1991
dodge,ram,RAM W250 CLUB CAB 4X4,1992-1993
dodge,ram,RAM W250 CLUB CAB LONG W.B. 4X4,1991
dodge,ram,RAM W250 REGULAR CAB 4X4,1992-1993
dodge,ram,RAM W250 SHORT WB 4X4,1989-1990
dodge,ram,RAM W350 4X4,1988-1991
dodge,ram,RAM W350 REGULAR CAB 4X4,1992-1993
dodge,ram,RAM W350 SHORT WB 4X4,1989-1990
dodge,ram_50,POWER RAM 50 4 X 4 CUSTOM/SPORT,1985-1986
dodge,ram_50,POWER RAM 50 LONG WB 4X4,1987-1990
dodge,ram_50,POWER RAM 50 SHORT WB 4X4,1987-1990
dodge,ram_50,POWER RAM 50 SPORT CAB 4X4,1988-1990
dodge,ram_50,RAM 50,1981-1982
dodge,ram_50,RAM 50 CUSTOM PICK-UP,1985-1986
dodge,ram_50,RAM 50 LONG WB,1988-1993
dodge,ram_50,RAM 50 LONG WB PICK-UP,1987
dodge,ram_50,RAM 50 ROYAL PICK-UP,1985-1986
dodge,ram_50,RAM 50 SE,1990-1993
dodge,ram_50,RAM 50 SHORT WB,1988-1993
dodge,ram_50,RAM 50 SHORT WB PICK-UP,1987
dodge,ram_50,RAM 50 SPORT CAB,1988-1990
dodge,ram_van,B-150 RAM VAN LONG WB,1987
dodge,ram_van,B-150 RAM VAN SHORT WB,1987
dodge,ram_van,B-250 RAM VAN LONG WB,1987
dodge,ram_van,B-350 RAM VAN LONG WB,1987
dodge,ram_wagon,B150 RAMWAGON LONG WB,1985-1986
dodge,ram_wagon,B150 RAMWAGON SHORT WB,1985-1986
dodge,ramcharger,RAM CHARGER 4 X 2,1985-1986
dodge,ramcharger,RAMCHARGER 4 WD AW 150,1981
dodge,ramcharger,RAMCHARGER 4 X 4,1985-1986
dodge,ramcharger,RAMCHARGER 4X2,1987
dodge,ramcharger,RAMCHARGER AD150,"1982,1988-1991"
dodge,ramcharger,RAMCHARGER AD150 4X2,1992-1993
dodge,ramcharger,RAMCHARGER AW150 4 WD,1982
dodge,ramcharger,RAMCHARGER AW150 4X4,1987-1993
dodge,ramcharger,RAMCHARGER DD150,1981
dodge,rampage,RAMPAGE,1981-1982
dodge,shadow,SHADOW 2 DR HATCHBACK,1987
dodge,shadow,SHADOW 2DR HATCHBACK BASE/ES,1994
dodge,shadow,SHADOW 4 DR HATCHBACK,1987
dodge,shadow,SHADOW 4DR HATCHBACK,1990
dodge,shadow,SHADOW 4DR HATCHBACK BASE/ES,1994
dodge,shadow,SHADOW 5DR HATCHBACK,1991
dodge,shadow,SHADOW 5DR HATCHBACK/ES,1992-1993
dodge,shadow,SHADOW BASE/2DR,1989
dodge,shadow,SHADOW BASE/4DR,1989
dodge,shadow,SHADOW BASE/ES 2 DR HATCHBACK,1988
dodge,shadow,SHADOW BASE/ES 4 DR HATCHBACK,1988
dodge,shadow,SHADOW CONVERTIBLE/ES,1991-1993
dodge,shadow,SHADOW ES 2 DR HATCHBACK,1987
dodge,shadow,SHADOW ES 2DR HATCHBACK,1990
dodge,shadow,SHADOW ES 3DR HATCHBACK,1991-1993
dodge,shadow,SHADOW ES 4 DR HATCHBACK,1987
dodge,shelby_charger,SHELBY CHARGER,1983-1986
dodge,spirit,SPIRIT 4DR SEDAN,1994-1995
dodge,spirit,SPIRIT BASE/ES 4DR SEDAN,1992-1993
dodge,spirit,SPIRIT BASE/LE/ES 4DR SEDAN,1990-1991
dodge,spirit,SPIRIT LE,1989
dodge,sprinter,SPRINTER 2500 CARGO VAN 144-IN WB STANDARD RO,2008-2009
dodge,sprinter,SPRINTER 2500 CARGO VAN 170-IN WB EXTENDED HI,2008-2009
dodge,sprinter,SPRINTER 2500 CARGO VAN 170-IN WB HIGH ROOF,2008-2009
dodge,sprinter,SPRINTER 2500 LWB CARGO VAN,2007
dodge,sprinter,SPRINTER 2500 LWB CARGO VAN HIGH ROOF,2003-2007
dodge,sprinter,SPRINTER 2500 LWB CARGO VAN HIGH ROOF LONG,2007
dodge,sprinter,SPRINTER 2500 LWB PASSENGER VAN,2007
dodge,sprinter,SPRINTER 2500 LWB PASSENGER VAN HIGH ROOF,2003-2007
dodge,sprinter,SPRINTER 2500 LWB PASSENGER VAN HIGH ROOF LON,2007
dodge,sprinter,SPRINTER 2500 PASSENGER VAN 144-IN WB STANDAR,2008-2009
dodge,sprinter,SPRINTER 2500 PASSENGER VAN 170-IN WB HIGH RO,2008-2009
dodge,sprinter,SPRINTER 2500 RWB CARGO VAN,2003-2006
dodge,sprinter,SPRINTER 2500 RWB CARGO VAN HIGH ROOF,2003-2006
dodge,sprinter,SPRINTER 2500 RWB PASSENGER VAN,2003-2006
dodge,sprinter,SPRINTER 2500 RWB PASSENGER VAN HIGH ROOF,2003-2006
dodge,sprinter,SPRINTER 2500 SWB CARGO VAN,2003-2007
dodge,sprinter,SPRINTER 2500 SWB CARGO VAN HIGH ROOF,2003-2007
dodge,sprinter,SPRINTER 2500 SWB PASSENGER VAN,2003-2007
dodge,sprinter,SPRINTER 2500 SWB PASSENGER VAN HIGH ROOF,2003-2007
dodge,sprinter,SPRINTER 3500 CAB CHASSIS 144-IN WB,2008-2009
dodge,sprinter,SPRINTER 3500 CAB CHASSIS 170-IN WB,2008-2009
dodge,sprinter,SPRINTER 3500 CARGO VAN 144-IN WB HIGH ROOF,2008-2009
dodge,sprinter,SPRINTER 3500 CARGO VAN 170-IN WB EXTENDED HI,2008-2009
dodge,sprinter,SPRINTER 3500 CARGO VAN 170-IN WB HIGH ROOF,2008-2009
dodge,sprinter,SPRINTER 3500 LWB CARGO VAN,2007
dodge,sprinter,SPRINTER 3500 LWB CARGO VAN HIGH ROOF,2003-2007
dodge,sprinter,SPRINTER 3500 LWB CARGO VAN HIGH ROOF LONG,2007
dodge,sprinter,SPRINTER 3500 RWB CARGO VAN,2003-2006
dodge,sprinter,SPRINTER 3500 RWB CARGO VAN HIGH ROOF,2003-2006
dodge,stealth,STEALTH 2DR COUPE R/T,1994
dodge,stealth,STEALTH 2DR COUPE R/T TURBO AWD,1994
dodge,stealth,STEALTH 2DR HATCHBACK R/T,1995-1996
dodge,stealth,STEALTH 2DR HATCHBACK R/T TURBO AWD,1995-1996
dodge,stealth,STEALTH SPORTS COUPE/ES/RT/RT TURBO,1991-1993
dodge,stratus,STRATUS 4DR SEDAN BASE/ES,1995-1999
dodge,stregis,ST. REGIS,1981
dodge,viper,VIPER 2DR CONVERTIBLE RT-10,1998-2002
dodge,viper,VIPER 2DR COUPE,2016-2017
dodge,viper,VIPER 2DR COUPE /GTS,2015
dodge,viper,VIPER 2DR HATCHBACK GTS,1997-1999
dodge,viper,VIPER 2DR HATCHBACK GTS/ACR,2000-2002
dodge,viper,VIPER RT-10 2DR CONVERTIBLE,1993-1997
dodge,viper,VIPER SRT/10 2DR CONV RWD,2003-2007
dodge,viper,VIPER SRT/10 2DR COUPE RWD,2006-2007
dodge,viper,VIPER SRT10 COUPE/ACR RWD,2008-2010
dodge,viper,VIPER SRT10 ROADSTER 2DR CONV RWD,2008-2010
ferrari,12cilindri,12CILINDRI 2DR COUPE,2025-2026
ferrari,12cilindri,12CILINDRI 2DR SPIDER,2025-2026
ferrari,296,296GTB,2022-2026
ferrari,296,296GTS,2023-2026
ferrari,308gtbi,308 GTBi,1981-1982
ferrari,308gtsi,308 GTSi,1981-1982
ferrari,348_spider,348 SPIDER 2DR CONVERTIBLE,1994
ferrari,348_tb,348tb/348ts CABRIOLET,1991
ferrari,348_ts,348ts CABRIOLET,"1990,1992-1993"
ferrari,360,F360 MODENA 2DR COUPE,2000-2003
ferrari,360,F360 MODENA 2DR COUPE RWD,2004-2005
ferrari,360,F360 MODENA 2DR COUPE RWD / CHALLENGE STRADAL,2004-2005
ferrari,360,F360 SPIDER 2DR CONVERTIBLE,2001-2005
ferrari,456,456GT 2DR COUPE,1995-1997
ferrari,456,456GT/GTA 2DR COUPE,1998
ferrari,456m,456M GT/GTA 2DR COUPE,1999-2002
ferrari,456m,456M GT/GTA 2DR COUPE RWD,2003
ferrari,458,458  SPIDER 2DR CONVERTIBLE RWD,2012-2013
ferrari,458,458 SPECIALE 2DR COUPE RWD,2016
ferrari,458,458 SPECIALE A 2DR CONVERTIBLE RWD,2016
ferrari,458,458 SPIDER 2DR CONVERTIBLE RWD,2014-2015
ferrari,458_italia,458 ITALIA 2DR COUPE RWD,2010-2015
ferrari,488,488 GTB,2016-2019
ferrari,488,488 PISTA,2020
ferrari,488,488 PISTA SPIDER,2020
ferrari,488,488 SPIDER,2016-2019
ferrari,550_maranello,F550 MARANELLO 2DR COUPE,1998-2002
ferrari,575m_maranello,575M MARANELLO 2DR COUPE RWD,2003-2005
ferrari,599_gtb_fiorano,599 GTB FIORANO 2DR COUPE RWD,2007-2012
ferrari,612_scaglietti,612 SCAGLIETTI 2DR COUPE RWD,2004-2011
ferrari,812,812 GTS,2020-2024
ferrari,812,812 SUPERFAST,2018-2021
ferrari,849_testarossa,849 TESTAROSSA 2DR COUPE,2026-2027
ferrari,849_testarossa,849 TESTAROSSA 2DR SPIDER,2026-2027
ferrari,amalfi,AMALFI 2DR COUPE,2026-2027
ferrari,california,CALIFORNIA 2DR COUPE RWD,2009-2014
ferrari,california_t,CALIFORNIA T 2DR CONVERTIBLE RWD,2015-2017
ferrari,daytona_sp3,DAYTONA SP3,2023-2026
ferrari,enzo,ENZO 2DR COUPE RWD,2003
ferrari,f12_berlinetta,F12 BERLINETTA 2DR COUPE RWD,2014-2017
ferrari,f12_berlinetta,F12BERLINETTA 2DR COUPE RWD,2013
ferrari,f355,F355 2DR COUPE,1995
ferrari,f355,F355 B/TS 2DR COUPE,1998
ferrari,f355,F355 SPYDER 2DR COUPE,1996-1998
ferrari,f355,F355 SPYDER 2DR COUPE BASE/F1,1999
ferrari,f355,F355 TB/TS 2DR COUPE,1996-1997
ferrari,f40,F-40,1991-1993
ferrari,f40,F-40 2DR COUPE,1994
ferrari,f430,F430 2DR COUPE RWD,2006-2009
ferrari,f430,F430 CHALLENGE 2DR COUPE RWD,2006-2007
ferrari,f430,F430 SCUDERIA 2DR COUPE RWD,2008-2009
ferrari,f430,F430 SPIDER 2DR CONV RWD,2006-2009
ferrari,f8,F8 SPIDER,2020-2023
ferrari,f8,F8 TRIBUTO,2020-2023
ferrari,f80,F80 2DR COUPE,2025-2026
ferrari,ff,FF 2DR COUPE AWD,2012-2016
ferrari,gtc4lusso,GTC4 LUSSO,2017
ferrari,gtc4lusso,GTC4 LUSSO / LUSSO T,2018-2020
ferrari,la_ferrari,LAFERRARI,2015-2017
ferrari,la_ferrari,LAFERRARI APERTA,2018
ferrari,mondial_8,MONDIAL 8,1982
ferrari,portofino,PORTOFINO,2018-2020
ferrari,portofino_m,PORTOFINO M,2021-2025
ferrari,roma,ROMA,2021-2025
ferrari,roma,ROMA SPIDER,2024
ferrari,roma,ROMA SPIDER 2DR COUPE,2025-2026
ferrari,sf90,SF90 SPIDER,2021-2025
ferrari,sf90,SF90 STRADALE,2020-2025
ferrari,sf90,SF90XX SPIDER,2026-2027
ferrari,sf90,SF90XX STRADALE,2026-2027
fiat,124_spider,124 SPIDER 2DR CONVERTIBLE,2017-2020
fiat,500,500 2 DR HATCHBACK,2019
fiat,500,500 2 DR HATCHBACK ABARTH,2019
fiat,500,500 2 DR HATCHBACK POP/SPORT/LOUNGE,2011-2018
fiat,500,500 2 DR HATCHBACK TURBO/ABARTH,2013-2018
fiat,500,500 ABARTH,2012
fiat,500,500C 2 DR HATCHBACK CONVERTIBLE,2019
fiat,500,500C 2 DR HATCHBACK CONVERTIBLE ABARTH,2019
fiat,500,500C 2 DR HATCHBACK CONVERTIBLE POP/LOUNGE,2012-2018
fiat,500,500C 2 DR HATCHBACK CONVERTIBLE TURBO/ABARTH,2013-2018
fiat,500e,500e BEV 2DR HATCHBACK,2024-2026
fiat,500l,500L,2013
fiat,500l,500L 4DR HATCHBACK,2017-2020
fiat,500l,500L 4DR HATCHBACK POP/SPORT/TREKKING/LOUNGE,2014-2016
fiat,500x,500X 4DR SUV AWD,2016-2024
fiat,500x,500X 4DR SUV FWD AUTOMATIC,2016-2018
fiat,500x,500X 4DR SUV FWD MANUAL,2016-2018
fiat,brava,BRAVA 2 DR,1982
fiat,brava,BRAVA 4 DR,1982
fiat,brava,BRAVA 4 DR SD,1981
fiat,spider_2000,SPIDER 2000,1981
fiat,strada,STRADA,1981
fiat,x_19,X + 1/9,1982
fiat,x_19,X 1/9,1981
fisker,karma,KARMA,2012
fisker,karma,KARMA 4DR SEDAN,2013
fisker,ocean,OCEAN 4DR SUV,2024
ford,aerostar,AEROSTAR CARGO VAN,"1989-1990,1994-1997"
ford,aerostar,AEROSTAR CARGO VAN 2WD,1991-1993
ford,aerostar,AEROSTAR CARGO VAN 4WD,"1991,1993"
ford,aerostar,AEROSTAR CARGO VAN AWD,1992
ford,aerostar,AEROSTAR CARGO VAN EXTENDED LENGTH,1994
ford,aerostar,AEROSTAR EXTENDED LENGTH CARGO VAN,1989-1993
ford,aerostar,AEROSTAR EXTENDED LENGTH WAGON,1990
ford,aerostar,AEROSTAR EXTENDED LENGTH WAGON 2WD,1991-1993
ford,aerostar,AEROSTAR EXTENDED LENGTH WAGON 4WD,1991-1993
ford,aerostar,AEROSTAR EXTENDED LENGTH WAGON 4x4,1990
ford,aerostar,AEROSTAR EXTENDED LENTH WAGON,1989
ford,aerostar,AEROSTAR VAN,1988
ford,aerostar,AEROSTAR WAGON,"1985-1986,1989-1990"
ford,aerostar,AEROSTAR WAGON (VAN),1987
ford,aerostar,AEROSTAR WAGON 2WD,1991-1997
ford,aerostar,AEROSTAR WAGON 4WD,1991-1994
ford,aerostar,AEROSTAR WAGON 4x4,1990
ford,aerostar,AEROSTAR WAGON EXTENDED LENGTH 2WD,1994-1997
ford,aerostar,AEROSTAR WAGON EXTENDED LENGTH 4WD,1994-1997
ford,aerostar,AEROSTAR XL/XLT WAGON,1988
ford,aspire,ASPIRE 2DR HATCHBACK,1994-1997
ford,aspire,ASPIRE 4DR HATCHBACK,1994-1997
ford,bronco,BRONCO,1981-1986
ford,bronco,BRONCO 2DR 2.3L SUV,2021-2026
ford,bronco,BRONCO 2DR 2.7L SUV,2021-2026
ford,bronco,BRONCO 2DR 4X4 XL/XLT/EDDIE BAUER,1994-1996
ford,bronco,BRONCO 4DR 2.3L SUV,2021-2026
ford,bronco,BRONCO 4DR 2.7L SUV,2021-2026
ford,bronco,BRONCO 4X4,"1987-1989,1991"
ford,bronco,BRONCO 4x4,"1990,1992"
ford,bronco,BRONCO CUSTOM/XLT/EDDIE BAUER 2DR 4x4,1993
ford,bronco,BRONCO RAPTOR 4DR SUV,2024-2026
ford,bronco_ii,BRONCO II,1983-1986
ford,bronco_ii,BRONCO II 4 X 2,1987
ford,bronco_ii,BRONCO II 4 X 4,1987
ford,bronco_ii,BRONCO II 4X2,1988-1989
ford,bronco_ii,BRONCO II 4X4,1988-1989
ford,bronco_ii,BRONCO II 4x2,1990
ford,bronco_ii,BRONCO II 4x4,1990
ford,bronco_sport,BRONCO SPORT SUV 1.5L,2021-2026
ford,bronco_sport,BRONCO SPORT SUV 2.0L,2021-2026
ford,c_max,C-MAX ENERGI 4DR HATCHBACK,2013-2018
ford,c_max,C-MAX HYBRID 4DR HATCHBACK,2013-2018
ford,contour,CONTOUR 4DR SEDAN GL/LX,1995-1997
ford,contour,CONTOUR 4DR SEDAN LX,1998-1999
ford,contour,CONTOUR 4DR SEDAN SE,1995-1997
ford,contour,CONTOUR 4DR SEDAN SE V6,1998-1999
ford,contour,CONTOUR 4DR SEDAN SVT,1998-1999
ford,courier,COURIER LONG,1982
ford,courier,COURIER PICKUP,1981
ford,courier,COURIER PICKUP LONG WB,1981
ford,courier,COURIER SHORT,1982
ford,crown_victoria,CROWN VICTORIA,2002-2009
ford,crown_victoria,CROWN VICTORIA 4DR SEDAN BASE/LX,1998-2000
ford,crown_victoria,CROWN VICTORIA 4DR SEDAN LX,1997
ford,crown_victoria,CROWN VICTORIA 4DR SEDAN S/BASE/LX,1994-1996
ford,crown_victoria,CROWN VICTORIA POLICE INTERCEPTOR,2010-2011
ford,crown_victoria,CROWN VICTORIA S/BASE/LX 4DR SEDAN,1991-1993
ford,e_100,E 100,1981
ford,e_100,E100,1982
ford,e_150,E 150,1981
ford,e_150,E-150 CLUB WAGON,1985-1996
ford,e_150,E-150 CLUB WAGON XL,1997-1998
ford,e_150,E-150 ECONOLINE SUPER VAN,1991
ford,e_150,E-150 ECONOLINE SUPER VAN LONG WB.,1988-1990
ford,e_150,E-150 ECONOLINE VAN,1991-2014
ford,e_150,E-150 ECONOLINE VAN EXTENDED,2013-2014
ford,e_150,E-150 ECONOLINE VAN LONG WB.,1988-1990
ford,e_150,E-150 ECONOLINE VAN SHORT WB.,1988-1990
ford,e_150,E-150 ECONOLINE WAGON,2003-2014
ford,e_150,E-150 ECONOLINE WAGON XL/XLT,1999-2002
ford,e_150,E150,1982
ford,e_150,ECONOLINE E150 & E250 REGULAR,1983
ford,e_150,ECONOLINE E150 REGULAR,1983-1984
ford,e_150,ECONOLINE E150 SHORT WB,1984
ford,e_250,E 250,1981
ford,e_250,E-250 CLUB WAGON,1987-1991
ford,e_250,E-250 ECONOLINE SUPER VAN,1988-1998
ford,e_250,E-250 ECONOLINE VAN,1988-2014
ford,e_250,E-250 ECONOLINE VAN EXTENDED,1999-2014
ford,e_250,E-250 HD CLUB WAGON,1995-1998
ford,e_250,E-250 HD ECONOLINE SUPER VAN,1992-1998
ford,e_250,E-250 HD ECONOLINE VAN,1991-1998
ford,e_250,E250,1982
ford,e_250,ECONOLINE E250 & E350 SUPER,1983
ford,e_250,ECONOLINE E250 REGULAR,1984
ford,e_250,ECONOLINE E250 SUPER,1984
ford,e_350,E 350,1981
ford,e_350,E-350 CLUB WAGON,1992-1994
ford,e_350,E-350 ECONOLINE SUPER VAN,1988-1998
ford,e_350,E-350 ECONOLINE VAN,1988-1998
ford,e_350,E-350 SD ECONOLINE VAN,1999-2014
ford,e_350,E-350 SD ECONOLINE VAN EXTENDED,1999-2014
ford,e_350,E-350 SD ECONOLINE WAGON,2003-2014
ford,e_350,E-350 SD ECONOLINE WAGON EXTENDED,2003-2014
ford,e_350,E-350 SD ECONOLINE WAGON XL/XLT,1999-2002
ford,e_350,E-350 SD ECONOLINE WAGON XL/XLT EXTENDED,1999-2002
ford,e_350,E-350 SUPER WAGON,1987-1998
ford,e_350,E350,1982
ford,e_350,ECONOLINE E350 SUPER,1984
ford,ecosport,ECOSPORT 4DR CUV,2018
ford,ecosport,ECOSPORT 4DR CUV AWD,2019-2021
ford,ecosport,ECOSPORT 4DR CUV FWD,2019-2021
ford,edge,EDGE 4DR SUV 2.0L AWD,2019-2025
ford,edge,EDGE 4DR SUV 2.0L FWD,2019-2025
ford,edge,EDGE 4DR SUV 2.7L AWD,2019-2025
ford,edge,EDGE 4DR SUV AWD,2015-2018
ford,edge,EDGE 4DR SUV AWD SEL/LIMITED/SPORT,2011-2014
ford,edge,EDGE 4DR SUV AWD SEL/SPORT/LIMITED,2010
ford,edge,EDGE 4DR SUV FWD,2015-2018
ford,edge,EDGE 4DR SUV FWD SE/SEL,2007
ford,edge,EDGE 4DR SUV FWD SE/SEL/LIMITED,"2010,2012-2014"
ford,edge,EDGE 4DR SUV FWD SE/SEL/LIMITED/SPORT,2011
ford,edge,EDGE 4DR SUV FWD SEL/LIMITED,2008-2009
ford,escape,ESCAPE 4DR SUV 1.5L AWD,2020-2026
ford,escape,ESCAPE 4DR SUV 1.5L FWD,2020-2026
ford,escape,ESCAPE 4DR SUV 2.0L AWD,2020-2026
ford,escape,ESCAPE 4DR SUV 2.5L HYBRID AWD,2020-2026
ford,escape,ESCAPE 4DR SUV 2.5L HYBRID FWD,2020-2026
ford,escape,ESCAPE 4DR SUV 2.5L PHEV AWD,2020-2026
ford,escape,ESCAPE 4DR SUV 2WD XLS,2001-2003
ford,escape,ESCAPE 4DR SUV 4WD /LIMITED,2004
ford,escape,ESCAPE 4DR SUV 4WD XLS,2001
ford,escape,ESCAPE 4DR SUV 4WD XLT,2002
ford,escape,ESCAPE 4DR SUV 4WD XLT V6,2001
ford,escape,ESCAPE 4DR SUV 4WD XLT/LIMITED,2003
ford,escape,ESCAPE 4DR SUV AWD,2016-2019
ford,escape,ESCAPE 4DR SUV AWD LIMITED,2005-2009
ford,escape,ESCAPE 4DR SUV AWD SE/SEL/TITANIUM,2013
ford,escape,ESCAPE 4DR SUV AWD SE/TITANIUM,2014-2015
ford,escape,ESCAPE 4DR SUV AWD XLT/LIMITED,2010-2012
ford,escape,ESCAPE 4DR SUV FWD,2016-2019
ford,escape,ESCAPE 4DR SUV FWD /XLT,2004
ford,escape,ESCAPE 4DR SUV FWD S/SE/SEL,2013
ford,escape,ESCAPE 4DR SUV FWD S/SE/TITANIUM,2014-2015
ford,escape,ESCAPE 4DR SUV FWD XLS,2004-2009
ford,escape,ESCAPE 4DR SUV FWD XLT,2005-2012
ford,escape,ESCAPE HYBRID 4DR SUV AWD,2010-2011
ford,escape,ESCAPE HYBRID 4DR SUV AWD/HYBRID LIMITED,2012
ford,escape,ESCAPE HYBRID 4DR SUV FWD,2005-2011
ford,escape,ESCAPE HYBRID 4DR SUV FWD/HYBRID LIMITED,2012
ford,escort,ESCORT 2 DR HB,1982
ford,escort,ESCORT 2DR HATCHBACK GT,1994-1996
ford,escort,ESCORT 2DR HATCHBACK LX,1994-1996
ford,escort,ESCORT 4 DR HB,1982
ford,escort,ESCORT 4DR HATCHBACK LX,1994-1996
ford,escort,ESCORT 4DR SEDAN GL,1997
ford,escort,ESCORT 4DR SEDAN LX,1994-1997
ford,escort,ESCORT 4DR SEDAN LX/SE,1998-1999
ford,escort,ESCORT 4DR WAGON LX,1994-1997
ford,escort,ESCORT 4DR WAGON LX/SE,1998
ford,escort,ESCORT 4DR WAGON SE,1999
ford,escort,ESCORT EXP COUPE 2 DR HATCHBACK,1988
ford,escort,ESCORT EXP LUXURY COUPE 2 DR HATCHBACK,1987
ford,escort,ESCORT EXP SPORT COUPE 2 DR HATCHBACK,1987
ford,escort,ESCORT FS 2 DR HATCHBACK,1987
ford,escort,ESCORT GL 2 DR,1985
ford,escort,ESCORT GL 2 DR HATCHBACK,1987
ford,escort,ESCORT GL 4 DR,1985-1986
ford,escort,ESCORT GL 4 DR HATCHBACK,1987-1988
ford,escort,ESCORT GL WAGON,1985-1988
ford,escort,ESCORT GT & GT TURBO,1983-1984
ford,escort,ESCORT GT 2 DR,1985-1986
ford,escort,ESCORT GT 2 DR HATCHBACK,1987-1989
ford,escort,ESCORT GT 2DR HATCHBACK,1990-1993
ford,escort,ESCORT L 2 DR,1985-1986
ford,escort,ESCORT L 4 DR,1985-1986
ford,escort,ESCORT L HB 4 DR,1983-1984
ford,escort,ESCORT L WAGON,1985-1986
ford,escort,ESCORT L-FS & L HB,1983-1984
ford,escort,ESCORT L/GL 2 DR HATCHBACK,1988
ford,escort,ESCORT L/LX 2DR HATCHBACK,1989-1990
ford,escort,ESCORT LIFTGATE,1981
ford,escort,ESCORT LX 2 DR,1986
ford,escort,ESCORT LX 2DR HATCHBACK,1991-1993
ford,escort,ESCORT LX 4 DR,1985-1986
ford,escort,ESCORT LX 4 DR HATCHBACK,1989
ford,escort,ESCORT LX 4DR HATCHBACK,1990-1993
ford,escort,ESCORT LX WAGON,"1985-1986,1989-1993"
ford,escort,ESCORT LX/LX-E NOTCHBACK,1992-1993
ford,escort,ESCORT PONY 2 DR,1986
ford,escort,ESCORT SD,1981
ford,escort,ESCORT TURBO GT 2 DR,1985
ford,escort,ESCORT WAGON,1981-1984
ford,escort,ESCORT ZX2 2DR COUPE,1998-2000
ford,excursion,EXCURSION 4DR 4X2 XLT/LTD 5.4L/6.8L,2001-2002
ford,excursion,EXCURSION 4DR 4X2 XLT/LTD 7.3L DIESEL,2001-2002
ford,excursion,EXCURSION 4DR 4X4 /Eddie Bauer/Limited,2004-2005
ford,excursion,EXCURSION 4DR 4X4 /XLT,2004-2005
ford,excursion,EXCURSION 4DR 4X4 XLT/Eddie Bauer/Limited,2003
ford,excursion,EXCURSION 4DR 4X4 XLT/LTD 5.4L/6.8L,2001-2002
ford,excursion,EXCURSION 4DR 4X4 XLT/LTD 6.8L,2000
ford,excursion,EXCURSION 4DR 4X4 XLT/LTD 7.3L DIESEL,2000-2002
ford,expedition,EXPEDITION 4DR 4X4 /Eddie Bauer,2004
ford,expedition,EXPEDITION 4DR 4X4 /XLT/Eddie Bauer/Limited,2005-2006
ford,expedition,EXPEDITION 4DR 4X4 EDDIE BAUER,2002
ford,expedition,EXPEDITION 4DR 4X4 Eddie Bauer/ Special Servi,2003
ford,expedition,EXPEDITION 4DR 4X4 XLT,2002
ford,expedition,EXPEDITION 4DR 4X4 XLT 4.6L,2003-2004
ford,expedition,EXPEDITION 4DR 4X4 XLT 5.4L / XLT 5.4 L FX4,2003
ford,expedition,EXPEDITION 4DR 4X4 XLT/EDDIE BAUER,2000-2001
ford,expedition,EXPEDITION 4DR SUV,2025-2026
ford,expedition,EXPEDITION 4DR SUV 4WD EDDIE BAUER MAX/LIMITE,2007
ford,expedition,EXPEDITION 4DR SUV 4WD XLT/EDDIE BAUER/LIMITE,2007
ford,expedition,EXPEDITION 4DR XLT/EDDIE BAUER 4X2,1997-1999
ford,expedition,EXPEDITION 4DR XLT/EDDIE BAUER 4X4,1997-1999
ford,expedition,EXPEDITION 4WD SUV,2016-2024
ford,expedition,EXPEDITION 4WD SUV XLT/EDDIE BAUER/LIMITED/KI,2008-2011
ford,expedition,EXPEDITION 4WD SUV XLT/LIMITED,2012-2015
ford,expedition_max,EXPEDITION MAX 4DR SUV,2025-2026
ford,expedition_max,EXPEDITION MAX 4WD SUV,2016-2024
ford,expedition_max,EXPEDITION MAX 4WD SUV EDDIE BAUER/LIMITED/KI,2008-2011
ford,expedition_max,EXPEDITION MAX 4WD SUV LIMITED,2012-2015
ford,explorer,EXPLORER 2DR 4X2,1991-1992
ford,explorer,EXPLORER 2DR 4X2 SPORT,1998-1999
ford,explorer,EXPLORER 2DR 4X2 XL/SPORT,1997
ford,explorer,EXPLORER 2DR 4X2 XL/SPORT/EDDIE BAUER,1994
ford,explorer,EXPLORER 2DR 4X2 XL/SPORT/EXPEDITION,1995-1996
ford,explorer,EXPLORER 2DR 4X4,1991-1992
ford,explorer,EXPLORER 2DR 4X4 SPORT,1998-2003
ford,explorer,EXPLORER 2DR 4X4 XL/SPORT,1997
ford,explorer,EXPLORER 2DR 4X4 XL/SPORT/EDDIE BAUER,1994
ford,explorer,EXPLORER 2DR 4X4 XL/SPORT/EXPEDITION,1995-1996
ford,explorer,EXPLORER 2DR 4x2/4x4,1990
ford,explorer,EXPLORER 4DR 4X2,1991-1992
ford,explorer,EXPLORER 4DR 4X2 SPORT TRAC P/U,2001-2003
ford,explorer,EXPLORER 4DR 4X2 XL/XLS/XLT/EDDIE BAUER/LTD,1999
ford,explorer,EXPLORER 4DR 4X2 XL/XLT/EDDIE BAUER/LTD,1994-1998
ford,explorer,EXPLORER 4DR 4X4,1991-1992
ford,explorer,EXPLORER 4DR 4X4 SPORT TRAC P/U,2001-2003
ford,explorer,EXPLORER 4DR 4X4 XL/XLS/XLT/EDDIE BAUER/LTD,1999
ford,explorer,EXPLORER 4DR 4X4 XL/XLT/EDDIE BAUER/LTD,1994-1998
ford,explorer,EXPLORER 4DR 4X4 XLS/XLT/EDDIE BAUER/LTD,2000-2002
ford,explorer,EXPLORER 4DR 4x2/4x4,1990
ford,explorer,EXPLORER 4DR SUV,2020-2026
ford,explorer,EXPLORER 4DR SUV 4WD XLS/XLT/Eddie Bauer/Limi,2006
ford,explorer,EXPLORER 4DR SUV 4WD XLS/XLT/NBdie Bauer/Limi,2004-2005
ford,explorer,EXPLORER 4DR SUV 4WD XLT/EDDIE BAUER/LIMITED,2007-2010
ford,explorer,EXPLORER 4DR SUV AWD,2016-2019
ford,explorer,EXPLORER 4DR SUV AWD BASE V6/XLT V6/LIMITED V,2011-2013
ford,explorer,EXPLORER 4DR SUV AWD BASE/XLT/LIMITED/SPORT,2014-2015
ford,explorer,EXPLORER 4DR SUV FWD,2016-2019
ford,explorer,EXPLORER 4DR SUV FWD BASE V6/XLT V6/LIMITED V,2011
ford,explorer,EXPLORER 4DR SUV FWD BASE/XLT,2014-2015
ford,explorer,EXPLORER 4DR SUV FWD BASE/XLT/LIMITED,2012-2013
ford,explorer,EXPLORER 4DR SUV HYBRID,2020-2026
ford,explorer,EXPLORER XL/SPORT/EDDIE BAUER 2DR 4X4,1993
ford,explorer,EXPLORER XL/SPORT/EDDIE BAUER 2DR 4x2,1993
ford,explorer,EXPLORER XL/XLT/EDDIE BAUER 4DR 4X4,1993
ford,explorer,EXPLORER XL/XLT/EDDIE BAUER 4DR 4x2,1993
ford,explorer,EXPLORER XLS/XLT/NBX/Eddie Bauer/Limited 4DR,2003
ford,explorer_sport_trac,EXPLORER SPORT TRAC P/U 4DR 4X2,"2004-2005,2007-2009"
ford,explorer_sport_trac,EXPLORER SPORT TRAC P/U 4DR 4X4,"2004-2005,2007-2010"
ford,f_100,F 100 CUSTOM,1981
ford,f_100,F 100 FLARESIDE,1981
ford,f_100,F 100 LONG,1981
ford,f_100,F100 CUSTOM,1982
ford,f_100,F100 FLARESIDE,1982
ford,f_100,F100 LONG,1982
ford,f_150,F 150,1981
ford,f_150,F 150 FLARESIDE,1981
ford,f_150,F 150 LONG,1981
ford,f_150,F 150 SUPER CAB,1981
ford,f_150,F 150 SUPER CAB LONG,1981
ford,f_150,F-150 FLARESIDE P.U. REG. CAB 4X2,1992-1993
ford,f_150,F-150 FLARESIDE P.U. REG. CAB 4X4,1992-1993
ford,f_150,F-150 FLARESIDE P.U. SUPER CAB 4X2,1992-1993
ford,f_150,F-150 FLARESIDE P.U. SUPER CAB 4X4,1992-1993
ford,f_150,F-150 FLARESIDE PICK-UP,1985-1987
ford,f_150,F-150 FLARESIDE PICK-UP 4X4,1987
ford,f_150,F-150 HYBRID P/U SUPERCREW 6.5-FT BOX 4X4,2024-2026
ford,f_150,F-150 LIGHTNING EV 4DR PICKUP,2022-2026
ford,f_150,F-150 LIGHTNING EXTENDED RANGE EV 4DR PICKUP,2022-2026
ford,f_150,F-150 LIGHTNING PLATINUM EV 4DR PICKUP,2022-2026
ford,f_150,F-150 P/U REG CAB 6.5-FT BOX 2WD,"2009-2013,2015-2026"
ford,f_150,F-150 P/U REG CAB 6.5-FT BOX 2WD/TREMOR,2014
ford,f_150,F-150 P/U REG CAB 6.5-FT BOX 4X4,2009-2026
ford,f_150,F-150 P/U REG CAB 78 in. BOX,2004-2008
ford,f_150,F-150 P/U REG CAB 78 in. BOX 4X4,2004-2008
ford,f_150,F-150 P/U REG CAB 8-FT BOX 2WD,2009-2026
ford,f_150,F-150 P/U REG CAB 8-FT BOX 4X4,2009-2026
ford,f_150,F-150 P/U REG CAB 96 in. BOX,2004-2008
ford,f_150,F-150 P/U REG CAB 96 in. BOX 4X4,2004-2008
ford,f_150,F-150 P/U REG CAB L/BOX,2003
ford,f_150,F-150 P/U REG CAB L/BOX 4X4,2003
ford,f_150,F-150 P/U REG CAB L/BOX STYLESIDE,1994-2001
ford,f_150,F-150 P/U REG CAB L/BOX STYLESIDE 4X4,1994-2002
ford,f_150,F-150 P/U REG CAB S/BOX,2003
ford,f_150,F-150 P/U REG CAB S/BOX 4X4,2003
ford,f_150,F-150 P/U REG CAB S/BOX FLARESIDE,1994-2001
ford,f_150,F-150 P/U REG CAB S/BOX FLARESIDE 4X4,1994-2002
ford,f_150,F-150 P/U REG CAB S/BOX FLARESIDE SVT,1999-2002
ford,f_150,F-150 P/U REG CAB S/BOX STYLESIDE,1994-2001
ford,f_150,F-150 P/U REG CAB S/BOX STYLESIDE 4X4,1994-2001
ford,f_150,F-150 P/U SUPER CAB 5.5-FT BOX 2WD,2009
ford,f_150,F-150 P/U SUPER CAB 5.5-FT BOX 4X4,2009
ford,f_150,F-150 P/U SUPER CAB 6.5-FT BOX 2WD,2009-2016
ford,f_150,F-150 P/U SUPER CAB 6.5-FT BOX 4X4,2009-2016
ford,f_150,F-150 P/U SUPER CAB 66 in. BOX,2004-2008
ford,f_150,F-150 P/U SUPER CAB 66 in. BOX 4X4,2004-2008
ford,f_150,F-150 P/U SUPER CAB 78 in. BOX,2004-2008
ford,f_150,F-150 P/U SUPER CAB 78 in. BOX 4X4,2004-2008
ford,f_150,F-150 P/U SUPER CAB 8-FT BOX 2WD,2009-2016
ford,f_150,F-150 P/U SUPER CAB 8-FT BOX 4X4,2009-2016
ford,f_150,F-150 P/U SUPER CAB 96 in. BOX,2004-2008
ford,f_150,F-150 P/U SUPER CAB 96 in. BOX 4X4,2004-2008
ford,f_150,F-150 P/U SUPER CAB L/BOX,2003
ford,f_150,F-150 P/U SUPER CAB L/BOX 4X4,2003
ford,f_150,F-150 P/U SUPER CAB L/BOX STYLESIDE,1994-2002
ford,f_150,F-150 P/U SUPER CAB L/BOX STYLESIDE 4X4,1994-2002
ford,f_150,F-150 P/U SUPER CAB S/BOX,2003
ford,f_150,F-150 P/U SUPER CAB S/BOX 4X4,2003
ford,f_150,F-150 P/U SUPER CAB S/BOX FLARESIDE,1994-2001
ford,f_150,F-150 P/U SUPER CAB S/BOX FLARESIDE 4X4,1994-2002
ford,f_150,F-150 P/U SUPER CAB S/BOX STYLESIDE,1994-2001
ford,f_150,F-150 P/U SUPER CAB S/BOX STYLESIDE 4X4,1994-2001
ford,f_150,F-150 P/U SUPER CREW 5.5-FT BOX 2WD,2009-2016
ford,f_150,F-150 P/U SUPER CREW 5.5-FT BOX 4X4,2009-2016
ford,f_150,F-150 P/U SUPER CREW 6.5-FT BOX 2WD,2009-2016
ford,f_150,F-150 P/U SUPER CREW 6.5-FT BOX 4X4,2009-2016
ford,f_150,F-150 P/U SUPER CREW 66 in. BOX,2004-2008
ford,f_150,F-150 P/U SUPER CREW 66 in. BOX 4X4,2004-2008
ford,f_150,F-150 P/U SUPER CREW 78 in. BOX,2006-2008
ford,f_150,F-150 P/U SUPER CREW 78 in. BOX 4X4,2006-2008
ford,f_150,F-150 P/U SUPER CREW S/BOX,2003
ford,f_150,F-150 P/U SUPER CREW S/BOX STYLESIDE,2001
ford,f_150,F-150 P/U SUPER CREW S/BOX STYLESIDE 4X4,2001
ford,f_150,F-150 P/U SUPERCAB 6.5-FT BOX 2WD,2017-2026
ford,f_150,F-150 P/U SUPERCAB 6.5-FT BOX 4X4,2017-2026
ford,f_150,F-150 P/U SUPERCAB 8-FT BOX 2WD,2017-2023
ford,f_150,F-150 P/U SUPERCAB 8-FT BOX 4X4,2017-2023
ford,f_150,F-150 P/U SUPERCREW 5.5-FT BOX 2WD,2017-2026
ford,f_150,F-150 P/U SUPERCREW 5.5-FT BOX 4X4,2017-2026
ford,f_150,F-150 P/U SUPERCREW 6.5-FT BOX 2WD,2017-2023
ford,f_150,F-150 P/U SUPERCREW 6.5-FT BOX 4X4,2017-2026
ford,f_150,F-150 P/U SUPERCREW S/BOX 4X4,2003
ford,f_150,F-150 POLICE RESPONDER,2020-2026
ford,f_150,F-150 RAPTOR R SUPERCREW 5.5-FT BOX 4X4,2024-2026
ford,f_150,F-150 RAPTOR SUPERCAB 5.5-FT BOX 4X4,2017-2020
ford,f_150,F-150 RAPTOR SUPERCREW 5.5-FT BOX 4X4,2017-2026
ford,f_150,F-150 STYLESIDE LONG BED 4 X 4,1985-1987
ford,f_150,F-150 STYLESIDE LONG BED PICK-UP,1985-1987
ford,f_150,F-150 STYLESIDE P.U. LG WB REG. CAB 4X2,1992-1993
ford,f_150,F-150 STYLESIDE P.U. LG WB REG. CAB 4X4,1992-1993
ford,f_150,F-150 STYLESIDE P.U. LG WB SUPERCAB 4X2,1992-1993
ford,f_150,F-150 STYLESIDE P.U. LG WB SUPERCAB 4X4,1992-1993
ford,f_150,F-150 STYLESIDE P.U. SHT WB REG. CAB 4X2,1992-1993
ford,f_150,F-150 STYLESIDE P.U. SHT WB REG. CAB 4X4,1992-1993
ford,f_150,F-150 STYLESIDE P.U. SHT WB SUPERCAB 4X2,1992-1993
ford,f_150,F-150 STYLESIDE P.U. SHT WB SUPERCAB 4X4,1992-1993
ford,f_150,F-150 STYLESIDE PU. LONG WB SUPERCAB 4X4,1988-1991
ford,f_150,F-150 STYLESIDE PU. LONG WB. REG. CAB,1988-1991
ford,f_150,F-150 STYLESIDE PU. LONG WB. REG.CAB 4X4,1988-1991
ford,f_150,F-150 STYLESIDE PU. LONG WB. SUPERCAB,1988-1991
ford,f_150,F-150 STYLESIDE PU. SHORT WB REG.CAB 4X4,1988-1991
ford,f_150,F-150 STYLESIDE PU. SHORT WB SUPERCAB4X4,1988-1991
ford,f_150,F-150 STYLESIDE PU. SHORT WB. REG. CAB,1988-1991
ford,f_150,F-150 STYLESIDE PU. SHORT WB. SUPERCAB,1988-1991
ford,f_150,F-150 STYLESIDE SHORT BED 4 X 4,1985-1987
ford,f_150,F-150 STYLESIDE SHORT BED PICK-UP,1985-1987
ford,f_150,F-150 STYLESIDE SUPER CAB LONG BED,1987
ford,f_150,F-150 STYLESIDE SUPER CAB LONG BED 4X4,1987
ford,f_150,F-150 STYLESIDE SUPER CAB SHORT BED,1987
ford,f_150,F-150 SVT RAPTOR,2010
ford,f_150,F-150 SVT RAPTOR SUPER CAB 5.5-FT BOX,2011-2014
ford,f_150,F-150 SVT RAPTOR SUPER CREW 5.5-FT BOX,2011-2014
ford,f_150,F-150 XL P/U REG CAB L/BOX STYLESIDE,2002
ford,f_150,F-150 XL P/U REG CAB S/BOX FLARESIDE,2002
ford,f_150,F-150 XL P/U SUPER CAB S/BOX FLARESIDE,2002
ford,f_150,F-150 XL/XLT P/U REG CAB S/BOX STYLESIDE,2002
ford,f_150,F-150 XL/XLT P/U REG CAB S/BOX STYLESIDE 4X4,2002
ford,f_150,F-150 XL/XLT/Lariat P/U SUPCAB S/Box Stylsd,2002
ford,f_150,F-150 XL/XLT/Lariat P/U SUPCAB S/BoxStylsd4X4,2002
ford,f_150,F-150 XLT/Lariat P/U SUPER CREW S/BOX STYLSD,2002
ford,f_150,F-150 XLT/LariatP/U Supercrew S/Box STYLSD4X4,2002
ford,f_150,F150,1982
ford,f_150,F150 FLARESIDE,1982
ford,f_150,F150 LONG,1982
ford,f_150,F150 REG. 4 WD,1982
ford,f_150,F150 STYLESIDE 4 X 4 LONG BED,1983
ford,f_150,F150 STYLESIDE 4 X 4 LONGBED,1984
ford,f_150,F150 STYLESIDE 4 X 4 SHORT BED,1983
ford,f_150,F150 STYLESIDE 4 X 4 SHORTBED,1984
ford,f_150,F150 STYLESIDE LONG BED,1983-1984
ford,f_150,F150 STYLESIDE SHORT BED,1983-1984
ford,f_150,F150 SUPER CAB,1982
ford,f_150,F150 SUPER CAB LONG,1982
ford,f_150_heritage,F-150 HERITAGE P/U REG CAB L/BOX,2004
ford,f_150_heritage,F-150 HERITAGE P/U REG CAB L/BOX 4X4,2004
ford,f_150_heritage,F-150 HERITAGE P/U REG CAB S/BOX,2004
ford,f_150_heritage,F-150 HERITAGE P/U REG CAB S/BOX 4X4,2004
ford,f_150_heritage,F-150 HERITAGE P/U SUPER CAB L/BOX,2004
ford,f_150_heritage,F-150 HERITAGE P/U SUPER CAB L/BOX 4X4,2004
ford,f_150_heritage,F-150 HERITAGE P/U SUPER CAB S/BOX,2004
ford,f_150_heritage,F-150 HERITAGE P/U SUPER CAB S/BOX 4X4,2004
ford,f_150_heritage,F-150 HERITAGE P/U SUPER CREW S/BOX,2004
ford,f_150_heritage,F-150 HERITAGE P/U SUPERCREW S/BOX 4X4,2004
ford,f_250,F 250,1981
ford,f_250,F 250 HD,1981
ford,f_250,F 250 HD SP CAB,1981
ford,f_250,F 250 SUPER CAB,1981
ford,f_250,F 250 SUPERCAB LONG,1981
ford,f_250,F-250 HD P/U CREW CAB S/BOX,1996-1998
ford,f_250,F-250 HD P/U CREW CAB S/BOX 4X4,1996-1998
ford,f_250,F-250 HD P/U REG CAB L/BOX,1994-1998
ford,f_250,F-250 HD P/U REG CAB L/BOX 4X4,1994-1998
ford,f_250,F-250 HD P/U SUPER CAB L/BOX,1994-1998
ford,f_250,F-250 HD P/U SUPER CAB L/BOX 4X4,1994-1998
ford,f_250,F-250 HD P/U SUPER CAB S/BOX,1996-1998
ford,f_250,F-250 HD P/U SUPER CAB S/BOX 4X4,1996-1998
ford,f_250,F-250 HD STYLESIDE P.U. REG. CAB 4X2,1992-1993
ford,f_250,F-250 HD STYLESIDE P.U. REG. CAB 4X4,1992-1993
ford,f_250,F-250 HD STYLESIDE P.U. SUPERCAB 4X2,1992-1993
ford,f_250,F-250 HD STYLESIDE P.U. SUPERCAB 4X4,1992-1993
ford,f_250,F-250 HD STYLESIDE PU. REG. CAB,1988-1991
ford,f_250,F-250 HD STYLESIDE PU. REG. CAB 4X4,1988-1991
ford,f_250,F-250 HD STYLESIDE PU. SUPERCAB,1988-1991
ford,f_250,F-250 HD STYLESIDE PU. SUPERCAB 4X4,1988-1991
ford,f_250,F-250 P/U REG CAB L/BOX,1994-1999
ford,f_250,F-250 P/U REG CAB L/BOX 4X4,1997-1999
ford,f_250,F-250 P/U SUPER CAB S/BOX,1997-1999
ford,f_250,F-250 P/U SUPER CAB S/BOX 4X4,1997-1999
ford,f_250,F-250 SD P/U CREW CAB L/BOX,"1999-2001,2003-2026"
ford,f_250,F-250 SD P/U CREW CAB L/BOX 4X4,"1999-2001,2003-2022"
ford,f_250,F-250 SD P/U CREW CAB L/BOX 4X4 XL/XLT/Lariat,2002
ford,f_250,F-250 SD P/U CREW CAB L/BOX XL/XLT/Lariat,2002
ford,f_250,F-250 SD P/U CREW CAB S/BOX,1999-2026
ford,f_250,F-250 SD P/U CREW CAB S/BOX 4X4,1999-2026
ford,f_250,F-250 SD P/U REG CAB L/BOX,"1999-2001,2003-2026"
ford,f_250,F-250 SD P/U REG CAB L/BOX 4X4,"1999-2001,2003-2026"
ford,f_250,F-250 SD P/U REG CAB L/BOX 4X4 XL/XLT,2002
ford,f_250,F-250 SD P/U REG CAB L/BOX XL/XLT,2002
ford,f_250,F-250 SD P/U SUPER CAB L/BOX,"1999-2001,2003-2016"
ford,f_250,F-250 SD P/U SUPER CAB L/BOX 4X4,1999-2001
ford,f_250,F-250 SD P/U SUPER CAB L/BOX 4x4,2003-2016
ford,f_250,F-250 SD P/U SUPER CAB L/BOX XL/XLT/Lariat,2002
ford,f_250,F-250 SD P/U SUPER CAB L/Box 4x4XL/XLT/Lariat,2002
ford,f_250,F-250 SD P/U SUPER CAB S/BOX,1999-2016
ford,f_250,F-250 SD P/U SUPER CAB S/BOX 4X4,1999-2016
ford,f_250,F-250 SD P/U SUPERCAB L/BOX,2017-2026
ford,f_250,F-250 SD P/U SUPERCAB L/BOX 4x4,2017-2026
ford,f_250,F-250 SD P/U SUPERCAB S/BOX,2017-2026
ford,f_250,F-250 SD P/U SUPERCAB S/BOX 4X4,2017-2026
ford,f_250,F-250 STYLESIDE P.U. REG. CAB 4X2,1992-1993
ford,f_250,F-250 STYLESIDE P.U. REG. CAB 4X4,1992-1993
ford,f_250,F-250 STYLESIDE PU. REG. CAB,1988-1991
ford,f_250,F-250 STYLESIDE PU. REG. CAB 4X4,1988-1991
ford,f_250,F250,1982
ford,f_250,F250 HD,1982
ford,f_250,F250 HD SP CAB,1982
ford,f_250,F250 SUPER CAB,1982
ford,f_250,F250 SUPER CAB LONG,1982
ford,f_350,F 350 DR,1981
ford,f_350,F 350 REG 4 WD,1981
ford,f_350,F 350 SR,1981
ford,f_350,F-350 DR STYLESIDE P.U. CREW CAB 4X2,1992-1993
ford,f_350,F-350 DR STYLESIDE P.U. REG. CAB 4X2,1992-1993
ford,f_350,F-350 DR STYLESIDE P.U. SUPERCAB 4X2,1992-1993
ford,f_350,F-350 DR STYLESIDE PU. CREW CAB,1988-1991
ford,f_350,F-350 DR STYLESIDE PU. REG. CAB,1988-1991
ford,f_350,F-350 DR STYLESIDE PU. SUPERCAB,1988-1991
ford,f_350,F-350 P/U CREW CAB L/BOX,1994-1998
ford,f_350,F-350 P/U CREW CAB L/BOX 4X4,1994-1998
ford,f_350,F-350 P/U CREW CAB L/BOX DRW,1994-1998
ford,f_350,F-350 P/U REG CAB L/BOX,1996-1998
ford,f_350,F-350 P/U REG CAB L/BOX 4X4,1994-1998
ford,f_350,F-350 P/U REG CAB L/BOX DRW,1994-1998
ford,f_350,F-350 P/U SUPER CAB L/BOX DRW,1994-1998
ford,f_350,F-350 SD P/U CREW CAB L/BOX,1999-2026
ford,f_350,F-350 SD P/U CREW CAB L/BOX 4X4,1999-2022
ford,f_350,F-350 SD P/U CREW CAB L/BOX DRW,"1999-2001,2003-2026"
ford,f_350,F-350 SD P/U CREW CAB L/BOX DRW 4X4,"1999-2001,2003-2022"
ford,f_350,F-350 SD P/U CREW CAB L/BOX DRW 4X4 XL/XLT/La,2002
ford,f_350,F-350 SD P/U CREW CAB L/BOX DRW XL/XLT/Lariat,2002
ford,f_350,F-350 SD P/U CREW CAB S/BOX,1999-2026
ford,f_350,F-350 SD P/U CREW CAB S/BOX 4X4,1999-2026
ford,f_350,F-350 SD P/U CREW CAB S/BOX DRW,1999-2010
ford,f_350,F-350 SD P/U CREW CAB S/BOX DRW 4X4,1999-2010
ford,f_350,F-350 SD P/U REG CAB L/BOX,"1999-2001,2003-2026"
ford,f_350,F-350 SD P/U REG CAB L/BOX 4X4,"1999-2001,2003-2026"
ford,f_350,F-350 SD P/U REG CAB L/BOX 4X4 XL/XLT,2002
ford,f_350,F-350 SD P/U REG CAB L/BOX DRW,1999-2026
ford,f_350,F-350 SD P/U REG CAB L/BOX DRW 4X4,1999-2026
ford,f_350,F-350 SD P/U REG CAB L/BOX XL/XLT,2002
ford,f_350,F-350 SD P/U SUPER CAB L/BOX,"1999-2001,2003-2016"
ford,f_350,F-350 SD P/U SUPER CAB L/BOX 4X4,"1999-2001,2003-2016"
ford,f_350,F-350 SD P/U SUPER CAB L/BOX 4X4XL/XLT/Lariat,2002
ford,f_350,F-350 SD P/U SUPER CAB L/BOX DRW,1999-2016
ford,f_350,F-350 SD P/U SUPER CAB L/BOX DRW 4X4,1999-2016
ford,f_350,F-350 SD P/U SUPER CAB L/BOX XL/XLT/Lariat,2002
ford,f_350,F-350 SD P/U SUPER CAB S/BOX,1999-2016
ford,f_350,F-350 SD P/U SUPER CAB S/BOX 4X4,1999-2016
ford,f_350,F-350 SD P/U SUPERCAB L/BOX,2017-2026
ford,f_350,F-350 SD P/U SUPERCAB L/BOX 4X4,2017-2026
ford,f_350,F-350 SD P/U SUPERCAB L/BOX DRW,2017-2026
ford,f_350,F-350 SD P/U SUPERCAB L/BOX DRW 4X4,2017-2026
ford,f_350,F-350 SD P/U SUPERCAB S/BOX,2017-2026
ford,f_350,F-350 SD P/U SUPERCAB S/BOX 4X4,2017-2026
ford,f_350,F-350 STYLESIDE CREW CAB LONG BED,1987
ford,f_350,F-350 STYLESIDE CREW CAB LONG BED 4X4,1987
ford,f_350,F-350 STYLESIDE P.U. CREW CAB 4X2,1992-1993
ford,f_350,F-350 STYLESIDE P.U. CREW CAB 4X4,1992-1993
ford,f_350,F-350 STYLESIDE P.U. REG. CAB 4X4,1992-1993
ford,f_350,F-350 STYLESIDE PU. CREW CAB,1988-1991
ford,f_350,F-350 STYLESIDE PU. CREW CAB 4X4,1988-1991
ford,f_350,F-350 STYLESIDE PU. REG. CAB,1988
ford,f_350,F-350 STYLESIDE PU. REG. CAB 4X4,1988-1991
ford,f_350,F350 DR,1982
ford,f_350,F350 SR,1982
ford,f_450,F-450 SD P/U CREW CAB L/BOX DRW 4X4,2011-2026
ford,f_450,F-450 SD P/U REG CAB L/BOX DRW,2023-2026
ford,f_450,F-450 SD P/U REG CAB L/BOX DRW 4X4,2023-2026
ford,fairmont,FAIRMONT 2 DR,1982
ford,fairmont,FAIRMONT 4 DR,1981-1982
ford,fairmont,FAIRMONT FUTURA 2 DR CP,1981-1982
ford,fairmont,FAIRMONT WAGON,1981-1982
ford,festiva,FESTIVA L/LX 2DR,1989-1991
ford,festiva,FESTIVA L/LX/GL SPORT 2DR,1992-1993
ford,fiesta,FIESTA 4DR HATCH,2019
ford,fiesta,FIESTA 4DR HATCH S/SE/TITANIUM,2014-2018
ford,fiesta,FIESTA 4DR HATCH SE/SES,2011-2013
ford,fiesta,FIESTA 4DR SEDAN,2019
ford,fiesta,FIESTA 4DR SEDAN S/SE/SEL,2011-2013
ford,fiesta,FIESTA 4DR SEDAN S/SE/TITANIUM,2014-2018
ford,fiesta,FIESTA ST 4DR HATCHBACK,2014-2019
ford,five_hundred,FIVE HUNDRED 4DR SEDAN AWD SEL/LIMITED,2006-2007
ford,five_hundred,FIVE HUNDRED 4DR SEDAN FWD /SE/SEL/LIMITED,2005-2006
ford,five_hundred,FIVE HUNDRED 4DR SEDAN FWD /SEL/LIMITED,2007
ford,flex,FLEX 5DR CUV AWD,2016-2019
ford,flex,FLEX 5DR CUV AWD SEL/LIMITED,"2009-2010,2014-2015"
ford,flex,FLEX 5DR CUV AWD SEL/LIMITED/TITANIUM,2011-2013
ford,flex,FLEX 5DR CUV FWD,2016-2019
ford,flex,FLEX 5DR CUV FWD SE/SEL/LIMITED,2009-2015
ford,focus,FOCUS 2DR COUPE FWD  SE/SES,2010-2011
ford,focus,FOCUS 2DR COUPE FWD S/SE/SES,2008-2009
ford,focus,FOCUS 2DR HATCH FWD S/SE,2007
ford,focus,FOCUS 2DR HATCHBACK ZX3,2000-2002
ford,focus,FOCUS 4DR HATCH FWD,2007
ford,focus,FOCUS 4DR HATCHBACK SE/SEL/TITANIUM,2012
ford,focus,FOCUS 4DR HATCHBACK SE/TITANIUM,2013-2018
ford,focus,FOCUS 4DR SEDAN FWD S/SE/SES,2008-2011
ford,focus,FOCUS 4DR SEDAN FWD S/SE/SES/ST,2007
ford,focus,FOCUS 4DR SEDAN LX/SE/SE SPORT/ZTS,2003-2005
ford,focus,FOCUS 4DR SEDAN LX/SE/ZTS,2000-2002
ford,focus,FOCUS 4DR SEDAN S/SE/SEL/TITANIUM,2012
ford,focus,FOCUS 4DR SEDAN S/SE/TITANIUM,2013-2018
ford,focus,FOCUS 4DR WAGON FWD SE/SES,2007
ford,focus,FOCUS 4DR WAGON SE,2000-2002
ford,focus,FOCUS 4DR WAGON SE/SE SPORT/ZTW,2003-2005
ford,focus,FOCUS ELECTRIC 4D HATCHBACK,2013-2018
ford,focus,FOCUS ST 4DR HATCHBACK,2013-2015
ford,focus,FOCUS ST/RS 4DR HATCHBACK,2016-2018
ford,focus,FOCUS ZX3 2DR HATCH FWD,2003-2006
ford,focus,FOCUS ZX3 SVT 3DR HATCH FWD,2003-2004
ford,focus,FOCUS ZX4 4DR SEDAN FWD,2006
ford,focus,FOCUS ZX5 4DR HATCH FWD,2002-2006
ford,focus,FOCUS ZX5 SVT 5DR HATCH FWD,2003-2004
ford,focus,FOCUS ZXW 4DR WAGON FWD,2006
ford,freestar,FREESTAR S/SE/SPORT,2007-2008
ford,freestar,FREESTAR SE/SPORT/SEL/LIMITED,2004-2006
ford,freestyle,FREESTYLE 4DR WAGON/SUV AWD LIMITED,2006-2007
ford,freestyle,FREESTYLE 4DR WAGON/SUV FWD /SE/SEL,2006-2007
ford,freestyle,FREESTYLE 4DR WAGON/SUV FWD /SE/SEL/LIMITED,2005
ford,fusion,FUSION 4DR SEDAN,2016-2020
ford,fusion,FUSION 4DR SEDAN ENERGI PHEV,2016-2019
ford,fusion,FUSION 4DR SEDAN ENERGI SE/ENERGI TITANIUM,2013-2015
ford,fusion,FUSION 4DR SEDAN HYBRID,2016-2020
ford,fusion,FUSION 4DR SEDAN HYBRID/TITANIUM/HYBRID TITAN,2013-2015
ford,fusion,FUSION 4DR SEDAN PHEV,2020
ford,fusion,FUSION 4DR SEDAN S/SE,2013-2015
ford,fusion,FUSION I4 4DR SEDAN /SE/SEL,2006-2007
ford,fusion,FUSION S/SE/SEL 4CYL 4DR SEDAN,2010-2012
ford,fusion,FUSION SE/SEL 4DR SEDAN 2.3L V4,2008-2009
ford,fusion,FUSION SEL AWD / SPORT / HYBRID 4DR SEDAN,2010-2012
ford,fusion,FUSION SEL V6 4DR SEDAN,2010-2012
ford,fusion,FUSION SEL V6 4DR SEDAN 3.0L V6,2008-2009
ford,fusion,FUSION V6 4DR SEDAN /SE/SEL,2006-2007
ford,granada,GRANADA 2 DR,1981-1982
ford,granada,GRANADA 4 DR,1981-1982
ford,granada,GRANADA WAGON,1982
ford,gt,GT 2DR COUPE,2017-2020
ford,gt,GT 2DR COUPE RWD,2006-2009
ford,gt,SHELBY GT500 4DR CONVERTIBLE RWD,2007-2014
ford,gt,SHELBY GT500 4DR COUPE RWD,2007-2014
ford,ltd,LTD,1983-1984
ford,ltd,LTD (BASE) 4 DR,1985-1986
ford,ltd,LTD 2 DR,1981-1982
ford,ltd,LTD 4 DR,1981-1982
ford,ltd,LTD CR.VICTORIA BASE/LX/COUNTRY LXWAGON,1989
ford,ltd,LTD CR.VICTORIA BASE/S/LX 4DR SEDAN,1989
ford,ltd,LTD CROWN VICTORIA 2 DR,1985-1986
ford,ltd,LTD CROWN VICTORIA 2 DR & 4 DR,1983-1984
ford,ltd,LTD CROWN VICTORIA 2 DR COUPE,1987
ford,ltd,LTD CROWN VICTORIA 4 DR,1985-1986
ford,ltd,LTD CROWN VICTORIA 4 DR SEDAN,1987
ford,ltd,LTD CROWN VICTORIA BASE/COUNTRY SQ WAGON,1988
ford,ltd,LTD CROWN VICTORIA BASE/S/LX 4 DR SEDAN,1988
ford,ltd,LTD CROWN VICTORIA S/BASE/LX 4DR SEDAN,1990
ford,ltd,LTD CROWN VICTORIA STAT. WAGON,1983-1984
ford,ltd,LTD CROWN VICTORIA WAGON,1985-1987
ford,ltd,LTD CRWN VICTORIA CTRY SQR BASE/LX WAGON,1990-1992
ford,ltd,LTD LX 4 DR,1985
ford,ltd,LTD STATION WAGON,1983-1984
ford,ltd,LTD WAGON,"1981-1982,1985-1986"
ford,maverick,MAVERICK 4DR PICKUP AWD,2022-2026
ford,maverick,MAVERICK 4DR PICKUP FWD,2022-2026
ford,maverick,MAVERICK FHEV 4DR PICKUP,2022-2026
ford,mustang,MUSTANG 2 DR HB,1981-1982
ford,mustang,MUSTANG 2 DR SD,1981-1982
ford,mustang,MUSTANG 2DR CONVERTIBLE,2005
ford,mustang,MUSTANG 2DR CONVERTIBLE BASE,1995-2004
ford,mustang,MUSTANG 2DR CONVERTIBLE BASE/GT,1994
ford,mustang,MUSTANG 2DR CONVERTIBLE COBRA,1998-2001
ford,mustang,MUSTANG 2DR CONVERTIBLE GT,1995-2004
ford,mustang,MUSTANG 2DR CONVERTIBLE RWD,2006-2011
ford,mustang,MUSTANG 2DR CONVERTIBLE RWD/V6 PREMIUM,2012-2014
ford,mustang,MUSTANG 2DR COUPE,2005
ford,mustang,MUSTANG 2DR COUPE BASE,1995-2003
ford,mustang,MUSTANG 2DR COUPE BASE/GT,1994
ford,mustang,MUSTANG 2DR COUPE COBRA,1997-2001
ford,mustang,MUSTANG 2DR COUPE DARKHORSE,2024-2026
ford,mustang,MUSTANG 2DR COUPE GT,1995-2002
ford,mustang,MUSTANG 2DR COUPE GT/MACH 1,2003
ford,mustang,MUSTANG 2DR COUPE RWD,"2004,2006-2011"
ford,mustang,MUSTANG 2DR COUPE RWD /GT,2004
ford,mustang,MUSTANG 2DR COUPE RWD /MACH 1,2004
ford,mustang,MUSTANG 2DR COUPE RWD/V6 PREMIUM,2012-2014
ford,mustang,MUSTANG COBRA,1996
ford,mustang,MUSTANG COBRA 2DR CONV RWD,2003
ford,mustang,MUSTANG COBRA 2DR COUPE RWD,2003
ford,mustang,MUSTANG COBRA GT 2 DR HATCHBACK,1987-1989
ford,mustang,MUSTANG COBRA GT CONVERTIBLE,"1985,1987-1989"
ford,mustang,MUSTANG COBRA GT HATCHBACK,1985
ford,mustang,MUSTANG ECOBOOST 2DR CONVERTIBLE,2018-2026
ford,mustang,MUSTANG ECOBOOST 2DR COUPE,2018-2026
ford,mustang,MUSTANG GT & TURBO GT,1983-1984
ford,mustang,MUSTANG GT 2DR CONVERTIBLE,2018-2026
ford,mustang,MUSTANG GT 2DR CONVERTIBLE RWD,2006-2017
ford,mustang,MUSTANG GT 2DR COUPE,"2005,2018-2026"
ford,mustang,MUSTANG GT 2DR COUPE RWD,"2006-2011,2014-2017"
ford,mustang,MUSTANG GT 2DR COUPE RWD/BOSS 302,2012-2013
ford,mustang,MUSTANG GT CONVERTIBLE,1986
ford,mustang,MUSTANG GT HATCHBACK,1986
ford,mustang,MUSTANG GT350 2DR COUPE RWD,2017
ford,mustang,MUSTANG GT350/350R 2DR COUPE,2018-2020
ford,mustang,MUSTANG L CP,1983-1984
ford,mustang,MUSTANG L HB,1983-1984
ford,mustang,MUSTANG LX & GT CONV. & GT TURBO CONV.,1983-1984
ford,mustang,MUSTANG LX 2 DR,1985-1986
ford,mustang,MUSTANG LX 2 DR COUPE,1987-1989
ford,mustang,MUSTANG LX 2 DR HATCHBACK,1987-1988
ford,mustang,MUSTANG LX 2 DR HATCHBACK/LX 5.0L,1989
ford,mustang,MUSTANG LX CONVERTIBLE,1985-1988
ford,mustang,MUSTANG LX CONVERTIBLE/LX 5.0L,1989
ford,mustang,MUSTANG LX HATCHBACK,1985-1986
ford,mustang,MUSTANG LX/LX 5.0L 2DR COUPE,1990-1993
ford,mustang,MUSTANG LX/LX 5.0L/COBRA GT 2DR HATCHBAC,1993
ford,mustang,MUSTANG LX/LX 5.0L/COBRA GT 2DR HTCHBACK,1990
ford,mustang,MUSTANG LX/LX 5.0L/COBRA GT CONVERTIBLE,1990-1993
ford,mustang,MUSTANG LX/LX 5.0L/GT 2DR HTCHBACK,1991-1992
ford,mustang,MUSTANG MACH 1 2DR COUPE,2022-2023
ford,mustang,MUSTANG SHELBY GT500 2DR COUPE,2021-2022
ford,mustang,MUSTANG SVO,1984-1987
ford,mustang,MUSTANG SVT COBRA 2DR CONV RWD,2004
ford,mustang,MUSTANG SVT COBRA 2DR COUPE RWD,2004
ford,mustang,MUSTANG V6/ECOBOOST 2DR CONVERTIBLE RWD,2015-2017
ford,mustang,MUSTANG V6/ECOBOOST 2DR COUPE RWD,2015-2017
ford,mustang_mach_e,MUSTANG MACH E 4DR SUV AWD,2021-2026
ford,mustang_mach_e,MUSTANG MACH E 4DR SUV RWD,2021-2026
ford,probe,PROBE 2DR COUPE,1993-1995
ford,probe,PROBE 2DR COUPE BASE,1997
ford,probe,PROBE 2DR COUPE BASE/SE,1996
ford,probe,PROBE 2DR COUPE GT,1994-1997
ford,probe,PROBE GL 2DR HATCHBACK,1990-1992
ford,probe,PROBE GT 2DR COUPE,1993
ford,probe,PROBE GT 2DR HATCHBACK,1990-1992
ford,probe,PROBE GT TURBO 2DR HATCHBACK,1988
ford,probe,PROBE GT TURBO 2DR HATCHBACK GL/LX,1989
ford,probe,PROBE LX 2DR HATCHBACK,1990-1992
ford,ranger,RANGER 4 X 4 LONG BED,1983-1984
ford,ranger,RANGER 4 X 4 SHORT BED,1983-1984
ford,ranger,RANGER LONG,1982
ford,ranger,RANGER LONG BED,1983-1984
ford,ranger,RANGER LONG BED 4 X 4 PICK-UP,1985-1987
ford,ranger,RANGER LONG BED PICK-UP,1985-1987
ford,ranger,RANGER LONG WB,1988-1992
ford,ranger,RANGER LONG WB 4X4,1988-1992
ford,ranger,RANGER RAPTOR SUPERCREW 3.0L 4WD,2024-2026
ford,ranger,RANGER REG CAB FLARESIDE S/BOX,"1999-2001,2003-2010"
ford,ranger,RANGER REG CAB FLARESIDE S/BOX 4X4,"1999-2001,2003-2010"
ford,ranger,RANGER REG CAB FLARESIDE S/BOX 4X4Edge/XL/XLT,2002
ford,ranger,RANGER REG CAB FLARESIDE S/BOX Edge/XL/XLT,2002
ford,ranger,RANGER REG CAB LONG BOX,1994-1998
ford,ranger,RANGER REG CAB LONG BOX 4X4,1994-1998
ford,ranger,RANGER REG CAB SHORT BOX,1994-1998
ford,ranger,RANGER REG CAB SHORT BOX 4X4,1994-1998
ford,ranger,RANGER REG CAB SPLASH,1994-1998
ford,ranger,RANGER REG CAB SPLASH 4X4,1994-1998
ford,ranger,RANGER REG CAB STYLESIDE L/BOX,"1999-2000,2003-2010"
ford,ranger,RANGER REG CAB STYLESIDE L/BOX 4X4,"1999-2000,2003-2010"
ford,ranger,RANGER REG CAB STYLESIDE S/BOX,"1999-2001,2003-2011"
ford,ranger,RANGER REG CAB STYLESIDE S/BOX 4X4,"1999-2001,2003-2010"
ford,ranger,RANGER REG CAB STYLESIDE S/BOX 4X4 XLT,2002
ford,ranger,RANGER REG CAB STYLESIDE S/BOX Edge/XL/XLT,2002
ford,ranger,RANGER SHORT,1982
ford,ranger,RANGER SHORT BED,1983-1984
ford,ranger,RANGER SHORT BED 4 X 4 PICK-UP,1985-1987
ford,ranger,RANGER SHORT BED PICK-UP,1985-1987
ford,ranger,RANGER SHORT WB,1988-1992
ford,ranger,RANGER SHORT WB 4X4,1988-1992
ford,ranger,RANGER SPLASH,1993
ford,ranger,RANGER SUPER CAB 4 X 4 PICK-UP,1987
ford,ranger,RANGER SUPER CAB FLARESIDE S/BOX,1999-2010
ford,ranger,RANGER SUPER CAB FLARESIDE S/BOX 4X4,1999-2010
ford,ranger,RANGER SUPER CAB PICK-UP,1987
ford,ranger,RANGER SUPER CAB SHORT BOX,1994-1998
ford,ranger,RANGER SUPER CAB SHORT BOX 4X4,1994-1998
ford,ranger,RANGER SUPER CAB SPLASH,1994-1998
ford,ranger,RANGER SUPER CAB SPLASH 4X4,1994-1998
ford,ranger,RANGER SUPER CAB STYLESIDE S/BOX,1999-2010
ford,ranger,RANGER SUPER CAB STYLESIDE S/BOX SPORT/XLT 4X,2011
ford,ranger,RANGER SUPER CAB STYLESIDE S/BOX XL/SPORT 4X2,2011
ford,ranger,RANGER SUPER CAB STYLESIDE S/BOX4X4,1999-2010
ford,ranger,RANGER SUPERCAB,1988-1992
ford,ranger,RANGER SUPERCAB 4WD,2019-2023
ford,ranger,RANGER SUPERCAB 4X4,1988-1992
ford,ranger,RANGER SUPERCREW 2.3L 4WD,2024-2026
ford,ranger,RANGER SUPERCREW 2.7L 4WD,2024-2026
ford,ranger,RANGER SUPERCREW 4WD,2019-2023
ford,ranger,RANGER XL/XLT/STX LONG WB,1993
ford,ranger,RANGER XL/XLT/STX LONG WB 4X4,1993
ford,ranger,RANGER XL/XLT/STX SHORT WB,1993
ford,ranger,RANGER XL/XLT/STX SHORT WB 4X4,1993
ford,ranger,RANGER XL/XLT/STX SUPERCAB,1993
ford,ranger,RANGER XL/XLT/STX SUPERCAB 4X4,1993
ford,taurus,TAURUS 4DR SEDAN /SE/SEL,2005-2006
ford,taurus,TAURUS 4DR SEDAN AWD,2016-2019
ford,taurus,TAURUS 4DR SEDAN FWD,2016-2019
ford,taurus,TAURUS 4DR SEDAN FWD SEL/LIMITED,2008-2009
ford,taurus,TAURUS 4DR SEDAN GL/LX,"1994,1997"
ford,taurus,TAURUS 4DR SEDAN GL/LX/SE,1995-1996
ford,taurus,TAURUS 4DR SEDAN LX/SE,1998-1999
ford,taurus,TAURUS 4DR SEDAN LX/SE/SEL,"2000-2002,2004"
ford,taurus,TAURUS 4DR SEDAN LX/SE/SEL/SEL PREMIUM,2003
ford,taurus,TAURUS 4DR SEDAN SHO,1994-1999
ford,taurus,TAURUS 4DR WAGON /SE/SEL,2005
ford,taurus,TAURUS 4DR WAGON GL/LX,1994-1997
ford,taurus,TAURUS 4DR WAGON SE,1998-1999
ford,taurus,TAURUS 4DR WAGON SE/SEL,"2000-2002,2004"
ford,taurus,TAURUS 4DR WAGON SE/SEL/SEL PREMIUM,2003
ford,taurus,TAURUS L/GL/LX 4 DR SEDAN,1989
ford,taurus,TAURUS L/GL/LX 4DR SEDAN,1990-1993
ford,taurus,TAURUS L/GL/LX WAGON,1988-1993
ford,taurus,TAURUS L/GL/MT-5/LX 4 DR SEDAN,1987-1988
ford,taurus,TAURUS L/GL/MT-5/LX 4 DR WAGON,1987
ford,taurus,TAURUS MT-5/GL/LX WAGON,1986
ford,taurus,TAURUS SE/SEL 4DR SEDAN FWD,2010-2015
ford,taurus,TAURUS SEL/LIMITED/SHO 4DR SEDAN AWD,2010-2015
ford,taurus,TAURUS SHO 4DR SEDAN,1990-1993
ford,taurus,TAURUS SHO SEDAN,1989
ford,taurus,TAURUS T/MT-5/GL/LX SEDAN (4-DR),1986
ford,taurus_x,TAURUS X 4DR CUV FWD SEL/LIMITED,2008-2009
ford,tempo,TEMPO  LX 2 DR,1986
ford,tempo,TEMPO  LX 4 DR,1986
ford,tempo,TEMPO 2DR COUPE GL,1994
ford,tempo,TEMPO 4DR SEDAN GL/LX,1994
ford,tempo,TEMPO ALL-WHEEL DRIVE 2 DR COUPE,1987
ford,tempo,TEMPO ALL-WHEEL DRIVE 4 DR SEDAN,1987
ford,tempo,TEMPO GL 2 DR,1985-1986
ford,tempo,TEMPO GL 2 DR COUPE,1987
ford,tempo,TEMPO GL 2DR SEDAN,1993
ford,tempo,TEMPO GL 4 DR,1985-1986
ford,tempo,TEMPO GL 4 DR SEDAN,1987
ford,tempo,TEMPO GL/GLS 2DR SEDAN,1992
ford,tempo,TEMPO GL/LX 4DR SEDAN,1993
ford,tempo,TEMPO GL/LX/GLS 4DR SEDAN,1992
ford,tempo,TEMPO GLX 2 DR,1985
ford,tempo,TEMPO GLX 4 DR,1985
ford,tempo,TEMPO L & GL & GLX 2 DR,1984
ford,tempo,TEMPO L & GL & GLX 4 DR,1984
ford,tempo,TEMPO L 2 DR,1985-1986
ford,tempo,TEMPO L 2 DR COUPE,1987
ford,tempo,TEMPO L 4 DR,1985-1986
ford,tempo,TEMPO L 4 DR SEDAN,1987
ford,tempo,TEMPO L/GL/GLS 2 DR,1989
ford,tempo,TEMPO L/GL/GLS 2DR SEDAN,1990-1991
ford,tempo,TEMPO L/GL/LX/GLS/4 WD 2DR COUPE,1988
ford,tempo,TEMPO L/GL/LX/GLS/4 WD 4 DR SEDAN,1988-1989
ford,tempo,TEMPO L/GL/LX/GLS/AWD 4DR SEDAN,1990-1991
ford,tempo,TEMPO LX 2 DR COUPE,1987
ford,tempo,TEMPO LX 4 DR SEDAN,1987
ford,thunderbird,THUNDERBIRD,1983-1984
ford,thunderbird,THUNDERBIRD (BASE),1985-1986
ford,thunderbird,THUNDERBIRD 2 DR COUPE,1987
ford,thunderbird,THUNDERBIRD 2DR CONVERTIBLE RWD,2002-2005
ford,thunderbird,THUNDERBIRD 2DR COUPE LX,1997
ford,thunderbird,THUNDERBIRD 2DR COUPE LX/SUPER COUPE,1994-1996
ford,thunderbird,THUNDERBIRD BASE/LX 2 DR COUPE,1989
ford,thunderbird,THUNDERBIRD BASE/LX/SPORT 2 DR COUPE,1988
ford,thunderbird,THUNDERBIRD BASE/LX/SUPER COUPE,1990-1991
ford,thunderbird,THUNDERBIRD BASE/SPORT/LX/SUPER COUPE,1992
ford,thunderbird,THUNDERBIRD ELAN,1985-1986
ford,thunderbird,THUNDERBIRD FILA,1985
ford,thunderbird,THUNDERBIRD LX 2 DR COUPE,1987
ford,thunderbird,THUNDERBIRD LX/SUPER COUPE,1993
ford,thunderbird,THUNDERBIRD SPORT 2 DR COUPE,1987
ford,thunderbird,THUNDERBIRD SUPER 2 DR COUPE,1989
ford,thunderbird,THUNDERBIRD TURBO COUPE,1985-1986
ford,thunderbird,THUNDERBIRD TURBO COUPE (2 DR),1987-1988
ford,thunderbird,THUNDERBIRD TURBO CP,1984
ford,transit,E-TRANSIT CARGO VAN LONG HIGH ROOF,2024-2026
ford,transit,E-TRANSIT CARGO VAN LONG LOW ROOF,2024-2026
ford,transit,E-TRANSIT CARGO VAN LONG MEDIUM ROOF,2024-2026
ford,transit,E-TRANSIT CARGO VAN LONG-EL HIGH ROOF,2024-2026
ford,transit,E-TRANSIT CARGO VAN REGULAR LOW ROOF,2024-2026
ford,transit,E-TRANSIT CARGO VAN REGULAR MEDIUM ROOF,2024-2026
ford,transit,TRANSIT VAN 150 LONG WB LOW ROOF,2015-2026
ford,transit,TRANSIT VAN 150 LONG WB MEDIUM ROOF,2015-2026
ford,transit,TRANSIT VAN 150 REGULAR WB LOW ROOF,2015-2026
ford,transit,TRANSIT VAN 150 REGULAR WB MEDIUM ROOF,2015-2026
ford,transit,TRANSIT VAN 250 LONG WB EL HIGH ROOF,2015-2026
ford,transit,TRANSIT VAN 250 LONG WB HIGH ROOF,2015-2026
ford,transit,TRANSIT VAN 250 LONG WB LOW ROOF,2015-2026
ford,transit,TRANSIT VAN 250 LONG WB MEDIUM ROOF,2015-2026
ford,transit,TRANSIT VAN 250 REGULAR WB LOW ROOF,2015-2026
ford,transit,TRANSIT VAN 250 REGULAR WB MEDIUM ROOF,2015-2026
ford,transit,TRANSIT VAN 350 LONG WB EL HIGH ROOF,2015-2026
ford,transit,TRANSIT VAN 350 LONG WB HIGH ROOF,2015-2026
ford,transit,TRANSIT VAN 350 LONG WB LOW ROOF,2015-2026
ford,transit,TRANSIT VAN 350 LONG WB MEDIUM ROOF,2015-2026
ford,transit,TRANSIT VAN 350HD DRW EL HIGH ROOF,2015-2026
ford,transit,TRANSIT WAGON 150 LOW ROOF,2015-2026
ford,transit,TRANSIT WAGON 150 MID ROOF,2015-2026
ford,transit,TRANSIT WAGON 350 HIGH ROOF,2015-2026
ford,transit,TRANSIT WAGON 350 LOW ROOF,2015-2026
ford,transit,TRANSIT WAGON 350 MID ROOF,2015-2026
ford,transit,TRANSIT WAGON 350HD DRW HIGH ROOF,2015-2026
ford,transit_connect,TRANSIT CONNECT VAN XL/XLT,2014-2026
ford,transit_connect,TRANSIT CONNECT WAGON XL/XLT/TITANIUM,2014-2026
ford,transit_connect,TRANSIT-CONNECT ELECTRIC,2012-2013
ford,transit_connect,TRANSIT-CONNECT WAGON XLT/XLT PREMIUM,2012-2013
ford,transit_connect,TRANSIT-CONNECT XLT CARGO,2012-2013
ford,transit_connect,TRANSIT-CONNECT XLT/WAGON - CARGO,2010-2011
ford,windstar,WINDSTAR GL/LX,1995-1996
ford,windstar,WINDSTAR L/LX/SE/SEL,1999
ford,windstar,WINDSTAR LX/SEL,2000
ford,windstar,WINDSTAR LX/SPORT/SEL/LTD,2001-2003
ford,windstar,WINDSTAR STD/GL/LX,1997
ford,windstar,WINDSTAR STD/GL/LX/LTD,1998
gmc,acadia,ACADIA 4DR SUV AWD,2016-2026
gmc,acadia,ACADIA 4DR SUV AWD DENALI,2020-2023
gmc,acadia,ACADIA 4DR SUV AWD SLE/SLT,2010
gmc,acadia,ACADIA 4DR SUV AWD SLE/SLT/DENALI,2011-2015
gmc,acadia,ACADIA 4DR SUV FWD,2016-2023
gmc,acadia,ACADIA 4DR SUV FWD SLE/SLT,"2007,2010-2015"
gmc,acadia,ACADIA 4DR SUV FWD SLE/SLT1/SLT2,2008-2009
gmc,canyon,CANYON CREW CAB L/BOX 2WD,2015-2022
gmc,canyon,CANYON CREW CAB L/BOX 4X4,2015-2022
gmc,canyon,CANYON CREW CAB S/BOX 2WD,"2004,2015-2022"
gmc,canyon,CANYON CREW CAB S/BOX 2WD /SL,2005-2010
gmc,canyon,CANYON CREW CAB S/BOX 2WD /SLE,2011-2012
gmc,canyon,CANYON CREW CAB S/BOX 4X4,"2004,2015-2022"
gmc,canyon,CANYON CREW CAB S/BOX 4X4 /SL,2005
gmc,canyon,CANYON CREW CAB S/BOX 4X4 /SL/SLE,2006-2010
gmc,canyon,CANYON CREW CAB S/BOX 4X4 /SLE,2011-2012
gmc,canyon,CANYON CREWCAB 2WD,2023-2026
gmc,canyon,CANYON CREWCAB 4WD,2023-2026
gmc,canyon,CANYON CREWCAB 4WD AT4,2023-2026
gmc,canyon,CANYON CREWCAB 4WD AT4X,2023-2026
gmc,canyon,CANYON EXT CAB S/BOX 2WD,2004
gmc,canyon,CANYON EXT CAB S/BOX 2WD /SL/SLE,2005-2010
gmc,canyon,CANYON EXT CAB S/BOX 2WD /SLE,2011-2012
gmc,canyon,CANYON EXT CAB S/BOX 4X4,2004
gmc,canyon,CANYON EXT CAB S/BOX 4X4 /SL/SLE,2005-2010
gmc,canyon,CANYON EXT CAB S/BOX 4X4 /SLE,2011-2012
gmc,canyon,CANYON EXTENDED CAB L/BOX 2WD,2015-2022
gmc,canyon,CANYON EXTENDED CAB L/BOX 4X4,2015-2022
gmc,canyon,CANYON REG CAB S/BOX 2WD,2004
gmc,canyon,CANYON REG CAB S/BOX 2WD /SL/SLE,2005-2010
gmc,canyon,CANYON REG CAB S/BOX 2WD /SLE,2011-2012
gmc,canyon,CANYON REG CAB S/BOX 4X4,2004
gmc,canyon,CANYON REG CAB S/BOX 4X4 /SL/SLE,2005-2010
gmc,canyon,CANYON REG CAB S/BOX 4X4 /SLE,2011-2012
gmc,envoy,ENVOY 4DR SUV 2WD DENALI,2006-2007
gmc,envoy,ENVOY 4DR SUV 2WD SLE/SLT,2006-2007
gmc,envoy,ENVOY 4DR SUV 2WD SLE/SLT/DENALI,2005
gmc,envoy,ENVOY 4DR SUV 4WD /SLE/SLT,2006-2007
gmc,envoy,ENVOY 4DR SUV 4WD /SLE/SLT/DENALI,2005
gmc,envoy,ENVOY 4DR SUV 4WD DENALI,2006-2009
gmc,envoy,ENVOY 4DR SUV 4WD SLE/SLT,2008-2009
gmc,envoy,ENVOY SLE/SLT 4DR SUV 2WD,2002-2004
gmc,envoy,ENVOY SLE/SLT 4DR SUV 4WD,2002-2004
gmc,envoy,ENVOY SLE/SLT 4DR SUV EXT 2WD,2002
gmc,envoy,ENVOY SLE/SLT 4DR SUV EXT 4WD,2002
gmc,envoy,ENVOY XL 4DR SUV 2WD DENALI,2006-2007
gmc,envoy,ENVOY XL 4DR SUV 2WD SLE/SLT,2006-2007
gmc,envoy,ENVOY XL 4DR SUV 2WD SLE/SLT/DENALI,2005
gmc,envoy,ENVOY XL 4DR SUV 4WD  DENALI,2006-2007
gmc,envoy,ENVOY XL 4DR SUV 4WD  SLE/SLT,2006-2007
gmc,envoy,ENVOY XL 4DR SUV 4WD  SLE/SLT/DENALI,2005
gmc,envoy,ENVOY XL SLE/SLT 4DR SUV 2WD,2003-2004
gmc,envoy,ENVOY XL SLE/SLT 4DR SUV 4WD,2003-2004
gmc,envoy,ENVOY XUV 4DR SUV 2WD /SLE/SLT,2005
gmc,envoy,ENVOY XUV 4DR SUV 4WD /SLE/SLT,2005
gmc,envoy,ENVOY XUV 4DR SUV RWD,2004
gmc,hummer_ev_suv,HUMMER EV SUV,2023-2026
gmc,jimmy,JIMMY 2DR SUV 2WD,1994
gmc,jimmy,JIMMY 2DR SUV 2WD SL/SLS,1995-1999
gmc,jimmy,JIMMY 2DR SUV 2WD SLS,2000
gmc,jimmy,JIMMY 2DR SUV 4WD,1994
gmc,jimmy,JIMMY 2DR SUV 4WD SL/SLS,1995-1999
gmc,jimmy,JIMMY 2DR SUV 4WD SLS,2000
gmc,jimmy,JIMMY 2DR SUV 4WD SLS/SLE/SLT,2001-2005
gmc,jimmy,JIMMY 4DR SUV 2WD,1994
gmc,jimmy,JIMMY 4DR SUV 2WD SL/SLS/SLE/SLT,"1995-1996,1998-1999"
gmc,jimmy,JIMMY 4DR SUV 2WD SL/SLS/SLT,1997
gmc,jimmy,JIMMY 4DR SUV 2WD SLS/SLE/SLT,2000
gmc,jimmy,JIMMY 4DR SUV 4WD,1994
gmc,jimmy,JIMMY 4DR SUV 4WD ENVOY,1999-2000
gmc,jimmy,JIMMY 4DR SUV 4WD SL/SLS/SLE/SLT,"1995-1996,1998-1999"
gmc,jimmy,JIMMY 4DR SUV 4WD SL/SLS/SLT,1997
gmc,jimmy,JIMMY 4DR SUV 4WD SLS/SLE/SLT,2000-2004
gmc,jimmy,K-JIMMY 4DR 4 X 2,1985-1987
gmc,jimmy,K-JIMMY 4DR 4 X 4,1985-1987
gmc,jimmy,S-15 JIMMY 2DR 2 X 4,1985
gmc,jimmy,S-15 JIMMY 2DR 4 X 2,1986-1987
gmc,jimmy,S-15 JIMMY 2DR 4 X 4,1985-1987
gmc,jimmy,S-15 JIMMY 2DR 4X2,1988-1993
gmc,jimmy,S-15 JIMMY 2DR 4X4,"1988,1990-1993"
gmc,jimmy,S-15 JIMMY 4DR 4X2,1991-1993
gmc,jimmy,S-15 JIMMY 4DR 4X4,1991-1993
gmc,jimmy,T-15 JIMMY 2DR 4X4,1989
gmc,jimmy,V-JIMMY 2DR 4X2,1989
gmc,jimmy,V-JIMMY 4DR 2X4,"1988,1990"
gmc,jimmy,V-JIMMY 4DR 4X4,1988-1990
gmc,jimmy,V1500-JIMMY 2DR 4X4,1991
gmc,rally,G-1500 RALLY,"1988-1989,1991"
gmc,rally,G-2500 RALLY,"1988-1989,1991"
gmc,rally,G-3500 RALLY,"1988-1989,1991"
gmc,rally,G-3500 RALLY EXTENDED BODY,1991
gmc,rally,G-3500/C6P RALLY,1988-1989
gmc,rally,G10 RALLY,1990
gmc,rally,G1500 RALLY,1992-1993
gmc,rally,G20 RALLY,1990
gmc,rally,G2500 RALLY,1992-1993
gmc,rally,G30 RALLY,1990
gmc,rally,G30/C6P RALLY,1990
gmc,rally,G3500 RALLY,1992-1993
gmc,rally,G3500 RALLY EXTENDED BODY,1992-1993
gmc,rally,RALLY 2500 LONG W/B,1994
gmc,rally,RALLY 3500 EXTRA LONG W/B,1994
gmc,rally,RALLY 3500 LONG W/B,1994
gmc,rally,RALLY G20/2500 LONG W/B,1995-1996
gmc,rally,RALLY G30/3500 EXTRA LONG W/B,1995-1996
gmc,rally,RALLY G30/3500 LONG W/B,1995-1996
gmc,rally,RALLY VAN,1985-1987
gmc,safari,M-1500 SAFARI CARGO,1988-1990
gmc,safari,SAFARI,1988-1989
gmc,safari,SAFARI AWD PASSENGER VAN,1992
gmc,safari,SAFARI AWD PASSENGER VANS,1991
gmc,safari,SAFARI AWD WAGON,1993
gmc,safari,SAFARI CARGO,1991-1994
gmc,safari,SAFARI CARGO AWD,2000-2006
gmc,safari,SAFARI CARGO EXTENDED BODY,1991-1999
gmc,safari,SAFARI CARGO RWD,2000-2006
gmc,safari,SAFARI EXTENDED LENGTH AWD PASSENGER VAN,1990-1992
gmc,safari,SAFARI EXTENDED LENGTH AWD WAGON,1993
gmc,safari,SAFARI EXTENDED LENGTH PASSENGER VAN,1990
gmc,safari,SAFARI EXTENDED LENGTH RWD PASSENGER VAN,1991-1992
gmc,safari,SAFARI EXTENDED LENGTH RWD WAGON,1993
gmc,safari,SAFARI PASSENGER VAN,1990
gmc,safari,SAFARI PASSENGER WAGON AWD,"1994,2000-2006"
gmc,safari,SAFARI PASSENGER WAGON AWD EXTENDED BODY,1994-1999
gmc,safari,SAFARI PASSENGER WAGON RWD,"1994,2000-2006"
gmc,safari,SAFARI PASSENGER WAGON RWD EXTENDED BODY,1994-1999
gmc,safari,SAFARI RWD PASSENGER VAN,1991-1992
gmc,safari,SAFARI RWD WAGON,1993
gmc,savana,1500 SAVANA CARGO VAN SWB,2003-2014
gmc,savana,1500 SAVANA CARGO VAN SWB AWD,2003-2014
gmc,savana,1500 SAVANA PASSENGER VAN SWB,2003-2014
gmc,savana,1500 SAVANA PASSENGER VAN SWB AWD,2003-2014
gmc,savana,2500 SAVANA CARGO VAN LWB,2003-2026
gmc,savana,2500 SAVANA CARGO VAN SWB,2003-2026
gmc,savana,2500 SAVANA PASSENGER VAN LWB,2003-2013
gmc,savana,2500 SAVANA PASSENGER VAN SWB,2003-2026
gmc,savana,3500 SAVANA CARGO VAN LWB,2003-2026
gmc,savana,3500 SAVANA CARGO VAN SWB,2003-2026
gmc,savana,3500 SAVANA PASSENGER VAN LWB,2003-2026
gmc,savana,3500 SAVANA PASSENGER VAN SWB,2003-2026
gmc,savana,G1500 SAVANA CARGO,1997-2002
gmc,savana,G1500 SAVANA PASSENGER,1997-2002
gmc,savana,G2500 SAVANA CARGO,1997-2002
gmc,savana,G2500 SAVANA CARGO EXTENDED,1997-2002
gmc,savana,G2500 SAVANA PASSENGER,1997-2002
gmc,savana,G2500 SAVANA PASSENGER EXTENDED,1997-2002
gmc,savana,G3500 SAVANA CARGO,1997-2002
gmc,savana,G3500 SAVANA CARGO EXTENDED,1997-2002
gmc,savana,G3500 SAVANA PASSENGER,1997-2002
gmc,savana,G3500 SAVANA PASSENGER EXTENDED,1997-2002
gmc,sierra,ALL NEW SIERRA 1500 CREW CAB S/BOX 2WD,2007
gmc,sierra,ALL NEW SIERRA 1500 CREW CAB S/BOX 4X4,2007
gmc,sierra,ALL NEW SIERRA 1500 EXT CAB L/BOX 2WD,2007
gmc,sierra,ALL NEW SIERRA 1500 EXT CAB L/BOX 4X4,2007
gmc,sierra,ALL NEW SIERRA 1500 EXT CAB M/BOX 2WD,2007
gmc,sierra,ALL NEW SIERRA 1500 EXT CAB M/BOX 4X4,2007
gmc,sierra,ALL NEW SIERRA 1500 EXT CAB S/BOX 2WD,2007
gmc,sierra,ALL NEW SIERRA 1500 EXT CAB S/BOX 4X4,2007
gmc,sierra,ALL NEW SIERRA 1500 REG CAB L/BOX 2WD,2007
gmc,sierra,ALL NEW SIERRA 1500 REG CAB L/BOX 4X4,2007
gmc,sierra,ALL NEW SIERRA 1500 REG CAB M/BOX 2WD,2007
gmc,sierra,ALL NEW SIERRA 1500 REG CAB M/BOX 4X4,2007
gmc,sierra,ALL NEW SIERRA 2500HD CREW CAB L/BOX 2WD,2007
gmc,sierra,ALL NEW SIERRA 2500HD CREW CAB L/BOX 4X4,2007
gmc,sierra,ALL NEW SIERRA 2500HD CREW CAB M/BOX 2WD,2007
gmc,sierra,ALL NEW SIERRA 2500HD CREW CAB M/BOX 4X4,2007
gmc,sierra,ALL NEW SIERRA 2500HD EXT CAB L/BOX 2WD,2007
gmc,sierra,ALL NEW SIERRA 2500HD EXT CAB L/BOX 4X4,2007
gmc,sierra,ALL NEW SIERRA 2500HD EXT CAB M/BOX 2WD,2007
gmc,sierra,ALL NEW SIERRA 2500HD EXT CAB M/BOX 4X4,2007
gmc,sierra,ALL NEW SIERRA 2500HD REG CAB L/BOX 2WD,2007
gmc,sierra,ALL NEW SIERRA 2500HD REG CAB L/BOX 4X4,2007
gmc,sierra,ALL NEW SIERRA 3500 CREW CAB L/BOX 2WD DRW,2007
gmc,sierra,ALL NEW SIERRA 3500 CREW CAB L/BOX 2WD SRW,2007
gmc,sierra,ALL NEW SIERRA 3500 CREW CAB L/BOX 4X4 DRW,2007
gmc,sierra,ALL NEW SIERRA 3500 CREW CAB L/BOX 4X4 SRW,2007
gmc,sierra,ALL NEW SIERRA 3500 EXT CAB L/BOX 2WD DRW,2007
gmc,sierra,ALL NEW SIERRA 3500 EXT CAB L/BOX 2WD SRW,2007
gmc,sierra,ALL NEW SIERRA 3500 EXT CAB L/BOX 4X4 DRW,2007
gmc,sierra,ALL NEW SIERRA 3500 EXT CAB L/BOX 4X4 SRW,2007
gmc,sierra,ALL NEW SIERRA 3500 REG CAB L/BOX 4X4 DRW,2007
gmc,sierra,ALL NEW SIERRA 3500 REG CAB L/BOX 4X4 SRW,2007
gmc,sierra,SIERRA 1500 CREW CAB M/BOX 2WD,"2014-2018,2020-2026"
gmc,sierra,SIERRA 1500 CREW CAB M/BOX 4WD,2020-2026
gmc,sierra,SIERRA 1500 CREW CAB M/BOX 4X4,2014-2018
gmc,sierra,SIERRA 1500 CREW CAB M/BOX DENALI,2014-2018
gmc,sierra,SIERRA 1500 CREW CAB S/BOX,2004-2006
gmc,sierra,SIERRA 1500 CREW CAB S/BOX 2WD,"2008-2018,2020-2026"
gmc,sierra,SIERRA 1500 CREW CAB S/BOX 4WD,2020-2026
gmc,sierra,SIERRA 1500 CREW CAB S/BOX 4X4,"2005-2006,2008,2014-2018"
gmc,sierra,SIERRA 1500 CREW CAB S/BOX 4X4 /DENALI,2009-2013
gmc,sierra,SIERRA 1500 CREW CAB S/BOX AWD DENALI,2006
gmc,sierra,SIERRA 1500 CREW CAB S/BOX DENALI,2014-2018
gmc,sierra,SIERRA 1500 DOUBLE CAB M/BOX 2WD,"2014-2018,2020-2026"
gmc,sierra,SIERRA 1500 DOUBLE CAB M/BOX 4WD,2020-2026
gmc,sierra,SIERRA 1500 DOUBLE CAB M/BOX 4X4,2014-2018
gmc,sierra,SIERRA 1500 EXT CAB L/BOX,2003-2006
gmc,sierra,SIERRA 1500 EXT CAB L/BOX 2WD,2008-2013
gmc,sierra,SIERRA 1500 EXT CAB L/BOX 4X4,"2003-2006,2008-2013"
gmc,sierra,SIERRA 1500 EXT CAB L/BOX W/SIDE,1999-2001
gmc,sierra,SIERRA 1500 EXT CAB L/BOX W/SIDE 4X4,1999-2001
gmc,sierra,SIERRA 1500 EXT CAB L/BOX W/SIDE 4X4  SL/SLE,2002
gmc,sierra,SIERRA 1500 EXT CAB L/BOX W/SIDE SL/SLE,2002
gmc,sierra,SIERRA 1500 EXT CAB M/BOX,2004-2006
gmc,sierra,SIERRA 1500 EXT CAB M/BOX 2WD,2008-2013
gmc,sierra,SIERRA 1500 EXT CAB M/BOX 4X4,"2004-2006,2008-2013"
gmc,sierra,SIERRA 1500 EXT CAB M/BOX 4X4 DENALI,2005
gmc,sierra,SIERRA 1500 EXT CAB M/BOX 4X4 QUADRASTEER,2004-2005
gmc,sierra,SIERRA 1500 EXT CAB M/BOX AWD DENALI,2004
gmc,sierra,SIERRA 1500 EXT CAB M/BOX QUADRASTEER,2004
gmc,sierra,SIERRA 1500 EXT CAB S/BOX,"2003,2006"
gmc,sierra,SIERRA 1500 EXT CAB S/BOX 2WD,2008
gmc,sierra,SIERRA 1500 EXT CAB S/BOX 4X4,"2003,2006,2008"
gmc,sierra,SIERRA 1500 EXT CAB S/BOX 4X4 DENALI,2003
gmc,sierra,SIERRA 1500 EXT CAB S/BOX 4X4 QUADRASTEER,2003
gmc,sierra,SIERRA 1500 EXT CAB S/BOX QUADRASTEER,2003
gmc,sierra,SIERRA 1500 EXT CAB S/BOX S/SIDE,1999-2001
gmc,sierra,SIERRA 1500 EXT CAB S/BOX S/SIDE  SL/SLE,2002
gmc,sierra,SIERRA 1500 EXT CAB S/BOX S/SIDE 4X4,1999-2001
gmc,sierra,SIERRA 1500 EXT CAB S/BOX S/SIDE 4X4  SL/SLE,2002
gmc,sierra,SIERRA 1500 EXT CAB S/BOX W/SIDE,1999-2002
gmc,sierra,SIERRA 1500 EXT CAB S/BOX W/SIDE 4X4,1999-2002
gmc,sierra,SIERRA 1500 HYBRID CREW CAB S/BOX 2WD,2009-2013
gmc,sierra,SIERRA 1500 HYBRID CREW CAB S/BOX 4X4,2009-2013
gmc,sierra,SIERRA 1500 LIMITED DOUBLE CAB M/BOX 2WD,2019
gmc,sierra,SIERRA 1500 LIMITED DOUBLE CAB M/BOX 4X4,2019
gmc,sierra,SIERRA 1500 NEXT GENERATION CREW CAB M/BOX 2WD,2019
gmc,sierra,SIERRA 1500 NEXT GENERATION CREW CAB M/BOX 4WD,2019
gmc,sierra,SIERRA 1500 NEXT GENERATION CREW CAB S/BOX 2WD,2019
gmc,sierra,SIERRA 1500 NEXT GENERATION CREW CAB S/BOX 4WD,2019
gmc,sierra,SIERRA 1500 NEXT GENERATION DOUBLE CAB M/BOX 2WD,2019
gmc,sierra,SIERRA 1500 NEXT GENERATION DOUBLE CAB M/BOX 4WD,2019
gmc,sierra,SIERRA 1500 P/U CLUB COUPE L/BOX W/SIDE,1994-1998
gmc,sierra,SIERRA 1500 P/U CLUB COUPE L/BOX W/SIDE 4X4,1994-1998
gmc,sierra,SIERRA 1500 P/U CLUB COUPE S/BOX S/SIDE,1994-1998
gmc,sierra,SIERRA 1500 P/U CLUB COUPE S/BOX S/SIDE 4X4,1994-1998
gmc,sierra,SIERRA 1500 P/U CLUB COUPE S/BOX W/SIDE,1994-1998
gmc,sierra,SIERRA 1500 P/U CLUB COUPE S/BOX W/SIDE 4X4,1994-1998
gmc,sierra,SIERRA 1500 P/U REG CAB L/BOX W/SIDE,1994-1998
gmc,sierra,SIERRA 1500 P/U REG CAB L/BOX W/SIDE 4X4,1994-1998
gmc,sierra,SIERRA 1500 P/U REG CAB S/BOX S/SIDE,1994-1998
gmc,sierra,SIERRA 1500 P/U REG CAB S/BOX S/SIDE 4X4,1994-1998
gmc,sierra,SIERRA 1500 P/U REG CAB S/BOX W/SIDE,1994-1998
gmc,sierra,SIERRA 1500 P/U REG CAB S/BOX W/SIDE 4X4,1994-1998
gmc,sierra,SIERRA 1500 REG CAB L/BOX,2003-2006
gmc,sierra,SIERRA 1500 REG CAB L/BOX 2WD,"2008-2018,2020-2026"
gmc,sierra,SIERRA 1500 REG CAB L/BOX 4WD,2020-2026
gmc,sierra,SIERRA 1500 REG CAB L/BOX 4X4,"2003-2006,2008-2018"
gmc,sierra,SIERRA 1500 REG CAB L/BOX W/SIDE,1999-2001
gmc,sierra,SIERRA 1500 REG CAB L/BOX W/SIDE 4X4,1999-2001
gmc,sierra,SIERRA 1500 REG CAB L/BOX W/SIDE 4X4 SL/SLE,2002
gmc,sierra,SIERRA 1500 REG CAB L/BOX W/SIDE SL/SLE,2002
gmc,sierra,SIERRA 1500 REG CAB M/BOX,2005-2006
gmc,sierra,SIERRA 1500 REG CAB M/BOX 2WD,2008-2018
gmc,sierra,SIERRA 1500 REG CAB M/BOX 4X4,"2004-2006,2008-2018"
gmc,sierra,SIERRA 1500 REG CAB MBOX,2004
gmc,sierra,SIERRA 1500 REG CAB S/BOX,2003
gmc,sierra,SIERRA 1500 REG CAB S/BOX 2WD,2020-2026
gmc,sierra,SIERRA 1500 REG CAB S/BOX 4WD,2020-2026
gmc,sierra,SIERRA 1500 REG CAB S/BOX 4X4,2003
gmc,sierra,SIERRA 1500 REG CAB S/BOX S/SIDE,1999-2001
gmc,sierra,SIERRA 1500 REG CAB S/BOX S/SIDE 4X4,1999-2001
gmc,sierra,SIERRA 1500 REG CAB S/BOX S/SIDE 4X4 SL/SLE,2002
gmc,sierra,SIERRA 1500 REG CAB S/BOX S/SIDE SL/SLE,2002
gmc,sierra,SIERRA 1500 REG CAB S/BOX W/SIDE,1999-2002
gmc,sierra,SIERRA 1500 REG CAB S/BOX W/SIDE 4X4,1999-2002
gmc,sierra,SIERRA 1500HD CREW CAB M/BOX,2004-2006
gmc,sierra,SIERRA 1500HD CREW CAB M/BOX 4X4,2004-2006
gmc,sierra,SIERRA 1500HD CREW CAB M/BOX 4X4 QUADRASTEER,2004
gmc,sierra,SIERRA 1500HD CREW CAB M/BOX QUADRASTEER,2004
gmc,sierra,SIERRA 1500HD CREW CAB S/BOX,2003
gmc,sierra,SIERRA 1500HD CREW CAB S/BOX 4X4,2003
gmc,sierra,SIERRA 1500HD CREW CAB S/BOX 4X4 QUADRASTEER,"2003,2005"
gmc,sierra,SIERRA 1500HD CREW CAB S/BOX QUADRASTEER,"2003,2005"
gmc,sierra,SIERRA 2500 EXT CAB L/BOX W/SIDE,1999-2000
gmc,sierra,SIERRA 2500 EXT CAB L/BOX W/SIDE 4X4,1999-2000
gmc,sierra,SIERRA 2500 EXT CAB M/BOX 4X4,2004-2005
gmc,sierra,SIERRA 2500 EXT CAB S/BOX 4X4,2003
gmc,sierra,SIERRA 2500 EXT CAB S/BOX W/SIDE,1999-2000
gmc,sierra,SIERRA 2500 EXT CAB S/BOX W/SIDE 4X4,1999-2002
gmc,sierra,SIERRA 2500 P/U CLUB COUPE L/BOX W/SIDE,1994-1998
gmc,sierra,SIERRA 2500 P/U CLUB COUPE L/BOX W/SIDE 4X4,1994-1998
gmc,sierra,SIERRA 2500 P/U CLUB COUPE S/BOX W/SIDE,1994-1998
gmc,sierra,SIERRA 2500 P/U CLUB COUPE S/BOX W/SIDE 4X4,1994-1995
gmc,sierra,SIERRA 2500 P/U REG CAB L/BOX W/SIDE,1994-1998
gmc,sierra,SIERRA 2500 P/U REG CAB L/BOX W/SIDE 4X4,1994-1998
gmc,sierra,SIERRA 2500 P/U REG CAB S/BOX W/SIDE,1994
gmc,sierra,SIERRA 2500 P/U REG CAB S/BOX W/SIDE 4X4,1994
gmc,sierra,SIERRA 2500 REG CAB L/BOX,2003-2005
gmc,sierra,SIERRA 2500 REG CAB L/BOX W/SIDE,1999-2002
gmc,sierra,SIERRA 2500 REG CAB L/BOX W/SIDE 4X4,1999-2000
gmc,sierra,SIERRA 2500HD CREW CAB L/BOX,2001-2006
gmc,sierra,SIERRA 2500HD CREW CAB L/BOX 2WD,2008-2026
gmc,sierra,SIERRA 2500HD CREW CAB L/BOX 4X4,"2001-2006,2008-2026"
gmc,sierra,SIERRA 2500HD CREW CAB M/BOX,2004-2006
gmc,sierra,SIERRA 2500HD CREW CAB M/BOX 2WD,2008-2026
gmc,sierra,SIERRA 2500HD CREW CAB M/BOX 4X4,"2004-2006,2008-2026"
gmc,sierra,SIERRA 2500HD CREW CAB M/BOX 4X4 DENALI,2015-2019
gmc,sierra,SIERRA 2500HD CREW CAB M/BOX DENALI,2011-2014
gmc,sierra,SIERRA 2500HD CREW CAB S/BOX,2001-2003
gmc,sierra,SIERRA 2500HD CREW CAB S/BOX 4X4,2001-2003
gmc,sierra,SIERRA 2500HD DOUBLE CAB L/BOX 2WD,2015-2026
gmc,sierra,SIERRA 2500HD DOUBLE CAB L/BOX 4X4,2015-2026
gmc,sierra,SIERRA 2500HD DOUBLE CAB M/BOX 2WD,2015-2026
gmc,sierra,SIERRA 2500HD DOUBLE CAB M/BOX 4X4,2015-2026
gmc,sierra,SIERRA 2500HD EXT CAB L/BOX,2001-2006
gmc,sierra,SIERRA 2500HD EXT CAB L/BOX 2WD,2008-2013
gmc,sierra,SIERRA 2500HD EXT CAB L/BOX 4X4,"2001-2006,2008-2013"
gmc,sierra,SIERRA 2500HD EXT CAB M/BOX,2004-2006
gmc,sierra,SIERRA 2500HD EXT CAB M/BOX 2WD,2008-2013
gmc,sierra,SIERRA 2500HD EXT CAB M/BOX 4X4,"2004-2006,2008-2013"
gmc,sierra,SIERRA 2500HD EXT CAB S/BOX,2001-2003
gmc,sierra,SIERRA 2500HD EXT CAB S/BOX 4X4,2001-2003
gmc,sierra,SIERRA 2500HD REG CAB L/BOX,2001-2006
gmc,sierra,SIERRA 2500HD REG CAB L/BOX 2WD,2008-2026
gmc,sierra,SIERRA 2500HD REG CAB L/BOX 4X4,"2001-2006,2008-2026"
gmc,sierra,SIERRA 3500 CREW CAB L/BOX 2WD DRW,2008-2014
gmc,sierra,SIERRA 3500 CREW CAB L/BOX 2WD SRW,2008-2014
gmc,sierra,SIERRA 3500 CREW CAB L/BOX 4X4 DRW,2008-2014
gmc,sierra,SIERRA 3500 CREW CAB L/BOX 4X4 DRW DENALI,2011-2014
gmc,sierra,SIERRA 3500 CREW CAB L/BOX 4X4 SRW,2008-2014
gmc,sierra,SIERRA 3500 CREW CAB L/BOX DRW,2001-2006
gmc,sierra,SIERRA 3500 CREW CAB L/BOX DRW 4X4,2001-2006
gmc,sierra,SIERRA 3500 CREW CAB L/BOX SRW,2006
gmc,sierra,SIERRA 3500 CREW CAB L/BOX SRW 4X4,2006
gmc,sierra,SIERRA 3500 CREW CAB M/BOX 2X4 SRW,2011-2014
gmc,sierra,SIERRA 3500 CREW CAB M/BOX 4X4 SRW,2011-2014
gmc,sierra,SIERRA 3500 CREW CAB M/BOX 4X4 SRW DENALI,2011-2014
gmc,sierra,SIERRA 3500 EXT CAB L/BOX 2WD DRW,2008-2013
gmc,sierra,SIERRA 3500 EXT CAB L/BOX 2WD SRW,2008-2013
gmc,sierra,SIERRA 3500 EXT CAB L/BOX 4X4 DRW,2008-2013
gmc,sierra,SIERRA 3500 EXT CAB L/BOX 4X4 SRW,2008-2013
gmc,sierra,SIERRA 3500 EXT CAB L/BOX DRW,2001-2006
gmc,sierra,SIERRA 3500 EXT CAB L/BOX DRW 4X4,2001-2006
gmc,sierra,SIERRA 3500 EXT CAB L/BOX SRW,2006
gmc,sierra,SIERRA 3500 EXT CAB L/BOX SRW 4X4,2006
gmc,sierra,SIERRA 3500 P/U CLUB COUPE L/BOX 4X4 DRW,1994-1998
gmc,sierra,SIERRA 3500 P/U CLUB COUPE L/BOX DRW,1994-1998
gmc,sierra,SIERRA 3500 P/U CREW CAB L/BOX,1994-1998
gmc,sierra,SIERRA 3500 P/U CREW CAB L/BOX 4X4,1994-1998
gmc,sierra,SIERRA 3500 P/U CREW CAB L/BOX 4X4 DRW,1994-1998
gmc,sierra,SIERRA 3500 P/U CREW CAB L/BOX DRW,1994-1998
gmc,sierra,SIERRA 3500 P/U REG CAB L/BOX,1994-1998
gmc,sierra,SIERRA 3500 P/U REG CAB L/BOX 4X4,1994-1998
gmc,sierra,SIERRA 3500 P/U REG CAB L/BOX 4X4 DRW,1994-1998
gmc,sierra,SIERRA 3500 P/U REG CAB L/BOX DRW,1994-1998
gmc,sierra,SIERRA 3500 REG CAB L/BOX 2WD,2009-2010
gmc,sierra,SIERRA 3500 REG CAB L/BOX 2WD DRW,2011-2014
gmc,sierra,SIERRA 3500 REG CAB L/BOX 2WD SRW,2011-2014
gmc,sierra,SIERRA 3500 REG CAB L/BOX 4X4 DRW,2008-2014
gmc,sierra,SIERRA 3500 REG CAB L/BOX 4X4 SRW,2008-2014
gmc,sierra,SIERRA 3500 REG CAB L/BOX DRW,2001-2002
gmc,sierra,SIERRA 3500 REG CAB L/BOX DRW 4X4,2001-2006
gmc,sierra,SIERRA 3500 REG CAB L/BOX SRW 4X4,2006
gmc,sierra,SIERRA 3500HD CREW CAB L/BOX DRW 2WD,2015-2026
gmc,sierra,SIERRA 3500HD CREW CAB L/BOX DRW 4X4,2015-2026
gmc,sierra,SIERRA 3500HD CREW CAB L/BOX DRW 4X4 DENALI,2015-2019
gmc,sierra,SIERRA 3500HD CREW CAB L/BOX SRW 2WD,2015-2026
gmc,sierra,SIERRA 3500HD CREW CAB L/BOX SRW 4X4,2015-2026
gmc,sierra,SIERRA 3500HD CREW CAB M/BOX 2WD,2015-2026
gmc,sierra,SIERRA 3500HD CREW CAB M/BOX 4X4,2015-2026
gmc,sierra,SIERRA 3500HD CREW CAB M/BOX 4X4 DENALI,2015-2019
gmc,sierra,SIERRA 3500HD DOUBLE CAB L/BOX DRW 2WD,2015-2026
gmc,sierra,SIERRA 3500HD DOUBLE CAB L/BOX DRW 4X4,2015-2026
gmc,sierra,SIERRA 3500HD DOUBLE CAB L/BOX SRW 2WD,2015-2026
gmc,sierra,SIERRA 3500HD DOUBLE CAB L/BOX SRW 4X4,2015-2026
gmc,sierra,SIERRA 3500HD REG CAB L/BOX DRW 2WD,2015-2026
gmc,sierra,SIERRA 3500HD REG CAB L/BOX DRW 4X4,2015-2026
gmc,sierra,SIERRA 3500HD REG CAB L/BOX SRW 2WD,2015-2026
gmc,sierra,SIERRA 3500HD REG CAB L/BOX SRW 4X4,2015-2026
gmc,sierra,SIERRA CLASSIC 1500 CREW CAB S/BOX,2007
gmc,sierra,SIERRA CLASSIC 1500 CREW CAB S/BOX 4X4,2007
gmc,sierra,SIERRA CLASSIC 1500 CREW CAB S/BOX AWD DENALI,2007
gmc,sierra,SIERRA CLASSIC 1500 EXT CAB L/BOX,2007
gmc,sierra,SIERRA CLASSIC 1500 EXT CAB L/BOX 4X4,2007
gmc,sierra,SIERRA CLASSIC 1500 EXT CAB M/BOX,2007
gmc,sierra,SIERRA CLASSIC 1500 EXT CAB M/BOX 4X4,2007
gmc,sierra,SIERRA CLASSIC 1500 EXT CAB S/BOX,2007
gmc,sierra,SIERRA CLASSIC 1500 EXT CAB S/BOX 4X4,2007
gmc,sierra,SIERRA CLASSIC 1500 EXT CAB S/BOX W/SIDE,1999
gmc,sierra,SIERRA CLASSIC 1500 EXT CAB S/BOX W/SIDE 4X4,1999
gmc,sierra,SIERRA CLASSIC 1500 REG CAB L/BOX,2007
gmc,sierra,SIERRA CLASSIC 1500 REG CAB L/BOX 4X4,2007
gmc,sierra,SIERRA CLASSIC 1500 REG CAB M/BOX,2007
gmc,sierra,SIERRA CLASSIC 1500 REG CAB M/BOX 4X4,2007
gmc,sierra,SIERRA CLASSIC 1500HD CREW CAB M/BOX,2007
gmc,sierra,SIERRA CLASSIC 1500HD CREW CAB M/BOX 4X4,2007
gmc,sierra,SIERRA CLASSIC 2500 CREW CAB S/BOX,2000
gmc,sierra,SIERRA CLASSIC 2500 CREW CAB S/BOX 4X4,2000
gmc,sierra,SIERRA CLASSIC 2500 EXT CAB L/BOX,2000
gmc,sierra,SIERRA CLASSIC 2500 EXT CAB L/BOX 4X4,2000
gmc,sierra,SIERRA CLASSIC 2500 EXT CAB L/BOX W/SIDE,1999
gmc,sierra,SIERRA CLASSIC 2500 EXT CAB L/BOX W/SIDE 4X4,1999
gmc,sierra,SIERRA CLASSIC 2500 EXT CAB S/BOX 4X4,2000
gmc,sierra,SIERRA CLASSIC 2500 EXT CAB S/BOX W/SIDE,1999
gmc,sierra,SIERRA CLASSIC 2500 REG CAB L/BOX,2000
gmc,sierra,SIERRA CLASSIC 2500 REG CAB L/BOX 4X4,2000
gmc,sierra,SIERRA CLASSIC 2500 REG CAB L/BOX W/SIDE,1999
gmc,sierra,SIERRA CLASSIC 2500 REG CAB L/BOX W/SIDE 4X4,1999
gmc,sierra,SIERRA CLASSIC 2500HD CREW CAB L/BOX,2007
gmc,sierra,SIERRA CLASSIC 2500HD CREW CAB L/BOX 4X4,2007
gmc,sierra,SIERRA CLASSIC 2500HD CREW CAB M/BOX,2007
gmc,sierra,SIERRA CLASSIC 2500HD CREW CAB M/BOX 4X4,2007
gmc,sierra,SIERRA CLASSIC 2500HD EXT CAB L/BOX,2007
gmc,sierra,SIERRA CLASSIC 2500HD EXT CAB L/BOX 4X4,2007
gmc,sierra,SIERRA CLASSIC 2500HD EXT CAB M/BOX,2007
gmc,sierra,SIERRA CLASSIC 2500HD EXT CAB M/BOX 4X4,2007
gmc,sierra,SIERRA CLASSIC 2500HD REG CAB L/BOX,2007
gmc,sierra,SIERRA CLASSIC 2500HD REG CAB L/BOX 4X4,2007
gmc,sierra,SIERRA CLASSIC 3500 CREW CAB L/BOX,1999-2000
gmc,sierra,SIERRA CLASSIC 3500 CREW CAB L/BOX 4X4,1999-2000
gmc,sierra,SIERRA CLASSIC 3500 CREW CAB L/BOX 4X4 DRW,1999
gmc,sierra,SIERRA CLASSIC 3500 CREW CAB L/BOX DRW,"1999-2000,2007"
gmc,sierra,SIERRA CLASSIC 3500 CREW CAB L/BOX DRW 4X4,"2000,2007"
gmc,sierra,SIERRA CLASSIC 3500 CREW CAB L/BOX SRW,2007
gmc,sierra,SIERRA CLASSIC 3500 CREW CAB L/BOX SRW 4X4,2007
gmc,sierra,SIERRA CLASSIC 3500 CREW CAB S/BOX DRW,2000
gmc,sierra,SIERRA CLASSIC 3500 CREW CAB S/BOX DRW 4X4,2000
gmc,sierra,SIERRA CLASSIC 3500 EXT CAB L/BOX 4X4 DRW,1999
gmc,sierra,SIERRA CLASSIC 3500 EXT CAB L/BOX DRW,"1999-2000,2007"
gmc,sierra,SIERRA CLASSIC 3500 EXT CAB L/BOX DRW 4X4,"2000,2007"
gmc,sierra,SIERRA CLASSIC 3500 EXT CAB L/BOX SRW,2007
gmc,sierra,SIERRA CLASSIC 3500 EXT CAB L/BOX SRW 4X4,2007
gmc,sierra,SIERRA CLASSIC 3500 REG CAB L/BOX,1999-2000
gmc,sierra,SIERRA CLASSIC 3500 REG CAB L/BOX 4X4,1999-2000
gmc,sierra,SIERRA CLASSIC 3500 REG CAB L/BOX 4X4 DRW,1999
gmc,sierra,SIERRA CLASSIC 3500 REG CAB L/BOX DRW,1999-2000
gmc,sierra,SIERRA CLASSIC 3500 REG CAB L/BOX DRW 4X4,"2000,2007"
gmc,sierra,SIERRA CLASSIC 3500 REG CAB L/BOX SRW 4X4,2007
gmc,sierra,SIERRA CLASSIC HYBRID EXT CAB M/BOX RWD,2007
gmc,sierra,SIERRA DENALI P/U EXT/CAB S/BOX AWD,2002
gmc,sierra,SIERRA EV 4DR PICKUP,2024-2026
gmc,sierra,SIERRA HYBRID EXT CAB M/BOX,2005-2006
gmc,sonoma,SONOMA CREW CAB EXT/CAB REG/BOX 4WD,2002
gmc,sonoma,SONOMA P.U. CLUB COUPE,1991-1993
gmc,sonoma,SONOMA P.U. CLUB COUPE 4X4,1991-1993
gmc,sonoma,SONOMA P.U. REGULAR CAB LONG BOX,1991-1993
gmc,sonoma,SONOMA P.U. REGULAR CAB LONG BOX 4X4,1991-1993
gmc,sonoma,SONOMA P.U. REGULAR CAB SHORT BOX,1991-1993
gmc,sonoma,SONOMA P.U. REGULAR CAB SHORT BOX 4X4,1991-1993
gmc,sonoma,SONOMA P/U CLUB COUPE S/BOX,1994-1996
gmc,sonoma,SONOMA P/U CLUB COUPE S/BOX 4X4,1994-1996
gmc,sonoma,SONOMA P/U CLUB COUPE S/BOX 4X4 ZR2,1995-1996
gmc,sonoma,SONOMA P/U CLUB COUPE S/BOX S/SIDE,1997-2000
gmc,sonoma,SONOMA P/U CLUB COUPE S/BOX S/SIDE 4X4,1997-2000
gmc,sonoma,SONOMA P/U CLUB COUPE S/BOX W/SIDE,1997-2000
gmc,sonoma,SONOMA P/U CLUB COUPE S/BOX W/SIDE 4X4,1997-2000
gmc,sonoma,SONOMA P/U CLUB COUPE S/BOX W/SIDE 4X4 ZR2,1997-2000
gmc,sonoma,SONOMA P/U CREW CAB S/BOX 4WD,2003
gmc,sonoma,SONOMA P/U EXT CAB S/BOX,2003
gmc,sonoma,SONOMA P/U EXT CAB S/BOX 4X4,2003
gmc,sonoma,SONOMA P/U EXT CAB S/BOX S/SIDE,2001-2002
gmc,sonoma,SONOMA P/U EXT CAB S/BOX S/SIDE 4X4,2001-2002
gmc,sonoma,SONOMA P/U EXT CAB S/BOX W/SIDE,2001-2002
gmc,sonoma,SONOMA P/U EXT CAB S/BOX W/SIDE 4X4,2001-2002
gmc,sonoma,SONOMA P/U EXT CAB S/BOX W/SIDE 4X4 ZR2,2001-2002
gmc,sonoma,SONOMA P/U REG CAB L/BOX,"1994-1996,2003"
gmc,sonoma,SONOMA P/U REG CAB L/BOX 4X4,1994-1996
gmc,sonoma,SONOMA P/U REG CAB L/BOX W/SIDE,1997-2002
gmc,sonoma,SONOMA P/U REG CAB L/BOX W/SIDE 4X4,1997-1999
gmc,sonoma,SONOMA P/U REG CAB S/BOX,"1994-1996,2003"
gmc,sonoma,SONOMA P/U REG CAB S/BOX 4X4,1994-1996
gmc,sonoma,SONOMA P/U REG CAB S/BOX 4X4 ZR2,1994-1996
gmc,sonoma,SONOMA P/U REG CAB S/BOX S/SIDE,1997-2002
gmc,sonoma,SONOMA P/U REG CAB S/BOX S/SIDE 4X4,1997-2000
gmc,sonoma,SONOMA P/U REG CAB S/BOX W/SIDE,1997-2002
gmc,sonoma,SONOMA P/U REG CAB S/BOX W/SIDE 4X4,1997-2000
gmc,sonoma,SONOMA P/U REG CAB S/BOX W/SIDE 4X4 ZR2,1997-1999
gmc,suburban,C1500 SUBURBAN 4X2,1992-1993
gmc,suburban,C2500 SUBURBAN 4X2,1992-1993
gmc,suburban,K1500 SUBURBAN 4X4,1992-1993
gmc,suburban,K2500 SUBURBAN 4X4,1992-1993
gmc,suburban,R-1500 SUBURBAN,"1988-1989,1991"
gmc,suburban,R-1500 SUBURBAN 4X2,1990
gmc,suburban,R-2500 SUBURBAN,"1988-1989,1991"
gmc,suburban,R-2500 SUBURBAN 4X2,1990
gmc,suburban,SUBURBAN,1981
gmc,suburban,SUBURBAN 1500 4DR,1994
gmc,suburban,SUBURBAN 1500 4DR 2X4 SL/SLE/SLT,1995-1999
gmc,suburban,SUBURBAN 1500 4DR 4X4,1994
gmc,suburban,SUBURBAN 1500 4DR 4X4 SL/SLE/SLT,1995-1999
gmc,suburban,SUBURBAN 2500 4DR,1994
gmc,suburban,SUBURBAN 2500 4DR 2X4 SL/SLE/SLT,1995-1999
gmc,suburban,SUBURBAN 2500 4DR 4X4,1994
gmc,suburban,SUBURBAN 2500 4DR 4X4 SL/SLE/SLT,1995-1999
gmc,suburban,SUBURBAN 4 X 2,1985-1987
gmc,suburban,SUBURBAN 4 X 4,1985-1987
gmc,suburban,V-1500 SUBURBAN 4X4,1988-1991
gmc,suburban,V-2500 SUBURBAN 4X4,1988-1991
gmc,terrain,TERRAIN 4DR SUV AWD,2016-2026
gmc,terrain,TERRAIN 4DR SUV AWD DENALI,2020-2024
gmc,terrain,TERRAIN 4DR SUV FWD,2016-2026
gmc,terrain,TERRAIN SLE/SLT 4DR SUV AWD,2010-2013
gmc,terrain,TERRAIN SLE/SLT 4DR SUV FWD,2010-2013
gmc,terrain,TERRAIN SLE/SLT/DENALI 4DR SUV AWD,2014-2015
gmc,terrain,TERRAIN SLE/SLT/DENALI 4DR SUV FWD,2014-2015
gmc,vandura,G-1500 VANDURA,1988-1989
gmc,vandura,G-1500 VANDURA LONG W.B.,1991
gmc,vandura,G-1500 VANDURA SHORT W.B.,1991
gmc,vandura,G-2500 VANDURA,1988-1989
gmc,vandura,G-2500 VANDURA LONG W.B.,1991
gmc,vandura,G-2500 VANDURA SHORT W.B.,1991
gmc,vandura,G-3500 VANDURA,1988-1989
gmc,vandura,G-3500 VANDURA EXTENDED BODY,1991
gmc,vandura,G-3500 VANDURA LONG W.B.,1991
gmc,vandura,G-3500/C6P VANDURA,1988-1989
gmc,vandura,G10 VANDURA,1990
gmc,vandura,G1500 VANDURA LONG W.B.,1992-1993
gmc,vandura,G1500 VANDURA SHORT W.B.,1992-1993
gmc,vandura,G20 VANDURA,1990
gmc,vandura,G2500 VANDURA LONG W.B.,1992-1993
gmc,vandura,G2500 VANDURA SHORT W.B.,1992-1993
gmc,vandura,G30 VANDURA,1990
gmc,vandura,G30/C6P VANDURA,1990
gmc,vandura,G3500 VANDURA EXTENDED BODY,1992-1993
gmc,vandura,G3500 VANDURA LONG W.B.,1992-1993
gmc,vandura,VANDURA 1500 LONG W/B,1994-1995
gmc,vandura,VANDURA 1500 REGULAR W/B,1996
gmc,vandura,VANDURA 1500 SHORT W/B,1994-1995
gmc,vandura,VANDURA 2500 EXTENDED W/B,1996
gmc,vandura,VANDURA 2500 LONG W/B,1994-1995
gmc,vandura,VANDURA 2500 REGULAR W/B,1996
gmc,vandura,VANDURA 2500 SHORT W/B,1994-1995
gmc,vandura,VANDURA 3500 EXTENDED W/B,1996
gmc,vandura,VANDURA 3500 EXTRA LONG W/B,1994-1995
gmc,vandura,VANDURA 3500 LONG W/B,1994-1995
gmc,vandura,VANDURA 3500 REGULAR W/B,1996
gmc,yukon,K1500 YUKON 4X4,1992-1993
gmc,yukon,YUKON  AT4 / DENALI 4DR SUV AWD,2021-2026
gmc,yukon,YUKON 1500 2DR SUV 4X2 SL/SLE/SLT/GT,1996-1997
gmc,yukon,YUKON 1500 2DR SUV 4X4 SL/SLE/GT,1994
gmc,yukon,YUKON 1500 2DR SUV 4X4 SL/SLE/SLT/GT,1995-1997
gmc,yukon,YUKON 1500 4DR 4WD DENALI,2002-2003
gmc,yukon,YUKON 1500 4DR 4X2,"2000-2001,2003"
gmc,yukon,YUKON 1500 4DR 4X2 SL,2002
gmc,yukon,YUKON 1500 4DR 4X2 SLT,2002
gmc,yukon,YUKON 1500 4DR 4X4,"2000-2001,2003"
gmc,yukon,YUKON 1500 4DR 4X4 /DENALI,2004-2006
gmc,yukon,YUKON 1500 4DR 4X4 DENALI,2000
gmc,yukon,YUKON 1500 4DR AWD DENALI,2001
gmc,yukon,YUKON 1500 4DR RWD /SLE/SLT,2004-2006
gmc,yukon,YUKON 1500 4DR SUV 4X2 SL/SLE/SLT/GT,1996-1997
gmc,yukon,YUKON 1500 4DR SUV 4X2 SLE/SLT,1998-1999
gmc,yukon,YUKON 1500 4DR SUV 4X4 DENALI,1999
gmc,yukon,YUKON 1500 4DR SUV 4X4 SL/SLE/SLT/GT,1995-1997
gmc,yukon,YUKON 1500 4DR SUV 4X4 SLE/SLT,1998-1999
gmc,yukon,YUKON 2500-XL 4DR SUV 4WD SLE/SLT,2011-2013
gmc,yukon,YUKON 2500-XL 4DR SUV 4WD SLE/SLT/DENALI,2010
gmc,yukon,YUKON 2500-XL 4DR SUV RWD SLE/SLT,2010-2013
gmc,yukon,YUKON 4DR SUV 4WD DENALI,"2008-2009,2015-2020"
gmc,yukon,YUKON 4DR SUV 4WD SLE/SLT,2015-2020
gmc,yukon,YUKON 4DR SUV 4WD SLE/SLT/DENALI,"2007,2010-2014"
gmc,yukon,YUKON 4DR SUV AWD,2021-2026
gmc,yukon,YUKON 4DR SUV RWD,2021-2026
gmc,yukon,YUKON 4DR SUV RWD SL/SLE,2008-2009
gmc,yukon,YUKON 4DR SUV RWD SLE/SLT,"2007,2010-2020"
gmc,yukon,YUKON HYBRID 4DR SUV 4WD,2008-2010
gmc,yukon,YUKON HYBRID 4DR SUV 4WD/DENALI,2011-2013
gmc,yukon,YUKON HYBRID 4DR SUV RWD,2008-2013
gmc,yukon_xl,YUKON XL 4DR SUV AWD,2021-2026
gmc,yukon_xl,YUKON XL 4DR SUV RWD,2021-2026
gmc,yukon_xl,YUKON XL AT4 / DENALI 4DR SUV AWD,2021-2026
gmc,yukon_xl,YUKON-XL 1500 4DR 4X2,"2000-2001,2003-2006"
gmc,yukon_xl,YUKON-XL 1500 4DR 4X2 SLE,2002
gmc,yukon_xl,YUKON-XL 1500 4DR 4X2 SLT,2002
gmc,yukon_xl,YUKON-XL 1500 4DR 4X4,"2000-2001,2003-2006"
gmc,yukon_xl,YUKON-XL 1500 4DR AWD DENALI,2001-2006
gmc,yukon_xl,YUKON-XL 2500 4DR 4X2,2000-2006
gmc,yukon_xl,YUKON-XL 2500 4DR 4X4,2000-2006
gmc,yukon_xl,YUKON-XL 4DR SUV 4WD DENALI,"2008-2009,2015-2020"
gmc,yukon_xl,YUKON-XL 4DR SUV 4WD SLE/SLT,2015-2020
gmc,yukon_xl,YUKON-XL 4DR SUV 4WD SLE/SLT/DENALI,"2007,2010-2014"
gmc,yukon_xl,YUKON-XL 4DR SUV RWD SL/SLE,2008-2009
gmc,yukon_xl,YUKON-XL 4DR SUV RWD SLE/SLT,"2007,2010-2020"
honda,accord,ACCORD  2DR COUPE EX/EX-L NAVI,2015-2016
honda,accord,ACCORD 2 DR AUTO.,1983
honda,accord,ACCORD 2 DR HB 5SP,1983
honda,accord,ACCORD 2DR COUPE EX,2001-2002
honda,accord,ACCORD 2DR COUPE EX V6,2001
honda,accord,ACCORD 2DR COUPE EX-L,2002
honda,accord,ACCORD 2DR COUPE EX-L V6,"2008-2012,2015-2018"
honda,accord,ACCORD 2DR COUPE EX-R,1994-1997
honda,accord,ACCORD 2DR COUPE EX-V6,"1998-2000,2002"
honda,accord,ACCORD 2DR COUPE EX-V6/EX-V6 MT,2003-2007
honda,accord,ACCORD 2DR COUPE EX/EX-L,2008-2012
honda,accord,ACCORD 2DR COUPE EX/EX-L NAVI,2017-2018
honda,accord,ACCORD 2DR COUPE LX,1994-1997
honda,accord,ACCORD 2DR COUPE LX-G/EX-L,2003-2006
honda,accord,ACCORD 2DR COUPE LX/EX,1998-2000
honda,accord,ACCORD 2DR COUPE SE/EX-L,2007
honda,accord,ACCORD 2DR COUPE Special Edition,2002
honda,accord,ACCORD 4 DR SD 5SP,1983
honda,accord,ACCORD 4 DR SD AUTO.,1983
honda,accord,ACCORD 4DR SEDAN  LX/SPORT MANUAL,2018
honda,accord,ACCORD 4DR SEDAN 2.0 AUTOMATIC,2019-2022
honda,accord,ACCORD 4DR SEDAN 2.0 MANUAL,2019-2020
honda,accord,ACCORD 4DR SEDAN DX,1998
honda,accord,ACCORD 4DR SEDAN DX-G/SE/EX-L,2006-2007
honda,accord,ACCORD 4DR SEDAN DX/LX,1999-2000
honda,accord,ACCORD 4DR SEDAN DX/LX-G/EX-L,2003-2005
honda,accord,ACCORD 4DR SEDAN EX,"1994-1996,1999-2000"
honda,accord,ACCORD 4DR SEDAN EX-L V6/TOURING V6,2015-2017
honda,accord,ACCORD 4DR SEDAN EX-R,1994-1996
honda,accord,ACCORD 4DR SEDAN EX-R/SE,1997
honda,accord,ACCORD 4DR SEDAN EX-V6,1998-2000
honda,accord,ACCORD 4DR SEDAN EX-V6/EX-L V6,2008-2012
honda,accord,ACCORD 4DR SEDAN EX/EX-L,2008-2012
honda,accord,ACCORD 4DR SEDAN EX/LX,1997
honda,accord,ACCORD 4DR SEDAN HYBRID,2019-2022
honda,accord,ACCORD 4DR SEDAN LX,"1994-1996,2008-2010"
honda,accord,ACCORD 4DR SEDAN LX CVT,2018-2022
honda,accord,ACCORD 4DR SEDAN LX V6/EX V6,2003-2005
honda,accord,ACCORD 4DR SEDAN LX/EX,"1998,2001"
honda,accord,ACCORD 4DR SEDAN LX/EX V6,2001
honda,accord,ACCORD 4DR SEDAN LX/SPORT/EX-L/TOURING,2015-2017
honda,accord,ACCORD 4DR SEDAN LX/Special Edition/EX,2002
honda,accord,ACCORD 4DR SEDAN MANUAL,2019-2020
honda,accord,ACCORD 4DR SEDAN SE,2011-2012
honda,accord,ACCORD 4DR SEDAN SE V6/EX V6,2006
honda,accord,ACCORD 4DR SEDAN SE V6/EX V6/EX V6 MT,2007
honda,accord,ACCORD 4DR SEDAN SPORT 2.0 / TOURING 2.0 AUTO,2018
honda,accord,ACCORD 4DR SEDAN SPORT 2.0 MANUAL,2018
honda,accord,ACCORD 4DR SEDAN SPORT/EX-L/TOURING CVT,2018-2022
honda,accord,ACCORD 4DR SEDAN Special Edition/LX/EX V6,2002
honda,accord,ACCORD 4DR SEDAN V6 EX,1995-1996
honda,accord,ACCORD 4DR SEDAN V6 EX-R,1995-1997
honda,accord,ACCORD 4DR WAGON EX,1994-1995
honda,accord,ACCORD BASE 4DR SEDAN,2023-2026
honda,accord,ACCORD EX SD,1984
honda,accord,ACCORD EX SEDAN,1985
honda,accord,ACCORD EX-L V6 2DR COUPE,2013-2014
honda,accord,ACCORD EX-L V6 4DR SEDAN,2013
honda,accord,ACCORD EX-L V6/TOURING V6 4DR SEDAN,2014
honda,accord,ACCORD EX/EX-L NAVI 2DR COUPE,2013-2014
honda,accord,ACCORD EXI 4 DR SEDAN,1987-1988
honda,accord,ACCORD EXI SEDAN,1986
honda,accord,ACCORD EXI/SEI 4 DR SEDAN,1989
honda,accord,ACCORD HATCHBACK,1981
honda,accord,ACCORD HB,"1982,1984"
honda,accord,ACCORD HYBRID 4DR SEDAN,"2014-2015,2017,2023-2026"
honda,accord,ACCORD HYBRID 4DR SEDAN FWD,2005-2007
honda,accord,ACCORD LX 4 DR SEDAN,1987
honda,accord,ACCORD LX AUTO/SPORT/EX-L/TOURING 4DR SEDAN,2013
honda,accord,ACCORD LX MANUAL 4DR SEDAN,2013
honda,accord,ACCORD LX SD,"1981-1982,1984"
honda,accord,ACCORD LX SEDAN,1985-1986
honda,accord,ACCORD LX/EX 4 DR SEDAN,1989
honda,accord,ACCORD LX/EX-R 2DR COUPE,1990-1993
honda,accord,ACCORD LX/EX/EX-R 4DR SEDAN,1990
honda,accord,ACCORD LX/EX/EX-R/EX-R ALB 4DR SEDAN,1991-1993
honda,accord,ACCORD LX/EXi/SEi COUPE,1989
honda,accord,ACCORD LX/LX LIMITED 4 DR SEDAN,1988
honda,accord,ACCORD LX/SPORT/EX-L/TOURING 4DR SEDAN,2014
honda,accord,ACCORD S 2 DR HATCHBACK,1987-1989
honda,accord,ACCORD S HATCHBACK,1985-1986
honda,accord,ACCORD WAGON EX-R,1991-1993
honda,civic,CIVIC 1.5L 4DR SEDAN,2022-2026
honda,civic,CIVIC 1.5L 5DR HATCH,2022-2026
honda,civic,CIVIC 1500 4 DR 5SP,1983
honda,civic,CIVIC 1500 4 DR AUTO.,1983
honda,civic,CIVIC 1500 S 2 DR HATCHBACK,1987
honda,civic,CIVIC 1500 S HATCHBACK,1985-1986
honda,civic,CIVIC 1500S HB,1984
honda,civic,CIVIC 2 DR DX HB,1981
honda,civic,CIVIC 2 DR HB 4SP,1983
honda,civic,CIVIC 2 DR HB 5SP,1983
honda,civic,CIVIC 2 DR HB AUTO.,1983
honda,civic,CIVIC 2 DR HB DX,1982
honda,civic,CIVIC 2.0L 4DR SEDAN,2022-2026
honda,civic,CIVIC 2.0L 5DR HATCH,2022-2026
honda,civic,CIVIC 2DR COUPE DX,"1999-2000,2002"
honda,civic,CIVIC 2DR COUPE DX/LX/Si,"2001,2003"
honda,civic,CIVIC 2DR COUPE DX/Si,1994-1998
honda,civic,CIVIC 2DR COUPE FWD DX-G/SE,2011
honda,civic,CIVIC 2DR COUPE FWD DX/DG-G/LX/EX,2006-2007
honda,civic,CIVIC 2DR COUPE FWD DX/DX-G/LX,2008-2010
honda,civic,CIVIC 2DR COUPE FWD DX/LX/Si,2004-2005
honda,civic,CIVIC 2DR COUPE FWD EX-L,2008-2011
honda,civic,CIVIC 2DR COUPE FWD LX/EX (manual),2012-2013
honda,civic,CIVIC 2DR COUPE FWD LX/EX/EX-L (automatic) /,2012-2013
honda,civic,CIVIC 2DR COUPE FWD Si,2006-2011
honda,civic,CIVIC 2DR COUPE LX,2002
honda,civic,CIVIC 2DR COUPE LX/EX/EX-L NAVI,2014-2015
honda,civic,CIVIC 2DR COUPE Si,"1999-2000,2014-2015"
honda,civic,CIVIC 2DR COUPE Si/Si-G,2002
honda,civic,CIVIC 2DR COUPE SiR,1999-2000
honda,civic,CIVIC 2DR HATCHBACK CX,1995-1998
honda,civic,CIVIC 2DR HATCHBACK CX/DX,"1994,1999-2000"
honda,civic,CIVIC 4 DR AUTO.,1983
honda,civic,CIVIC 4 DR DX HB,1981
honda,civic,CIVIC 4 DR HB DX,1982
honda,civic,CIVIC 4DR SEDAN DX,"2003,2015"
honda,civic,CIVIC 4DR SEDAN DX-G,2002
honda,civic,CIVIC 4DR SEDAN DX/EX/LX (manual),2012
honda,civic,CIVIC 4DR SEDAN DX/LX,2001-2002
honda,civic,CIVIC 4DR SEDAN EX (automatic) / Si (manual),2012
honda,civic,CIVIC 4DR SEDAN EX-L/LX (automatic),2012
honda,civic,CIVIC 4DR SEDAN FWD DX,2004-2005
honda,civic,CIVIC 4DR SEDAN FWD DX/DX-G/LX/EX,2006-2007
honda,civic,CIVIC 4DR SEDAN FWD DX/DX-G/LX/EX-L,2008-2010
honda,civic,CIVIC 4DR SEDAN FWD DX/DX-G/SE/EX-L,2011
honda,civic,CIVIC 4DR SEDAN FWD LX,2004-2005
honda,civic,CIVIC 4DR SEDAN FWD Si,2004-2005
honda,civic,CIVIC 4DR SEDAN LX,2003
honda,civic,CIVIC 4DR SEDAN LX SPORT,2003
honda,civic,CIVIC 4DR SEDAN LX/EX,"1994-1999,2015"
honda,civic,CIVIC 4DR SEDAN LX/LX-G,2002
honda,civic,CIVIC 4DR SEDAN LX/SE/EX,2000
honda,civic,CIVIC 4DR SEDAN Si,2008-2011
honda,civic,CIVIC 4DR SEDAN TOURING/Si,2015
honda,civic,CIVIC 5DR HATCH,2017-2021
honda,civic,CIVIC BASE/4WD WAGON,1989-1990
honda,civic,CIVIC COUPE DX/Si 2DR,1993
honda,civic,CIVIC CRX 1.5 2 DR HATCHBACK,1987
honda,civic,CIVIC CRX 1.5 COUPE,1985-1986
honda,civic,CIVIC CRX BASE/SI 2 DR COUPE,1988-1991
honda,civic,CIVIC CRX CP,1984
honda,civic,CIVIC CX/DX/VX 2 DR HATCHBACK,1992-1993
honda,civic,CIVIC DEL SOL 2DR COUPE S/Si/VTEC,1994
honda,civic,CIVIC DEL SOL 2DR COUPE Si/VTEC,1995-1997
honda,civic,CIVIC DEL SOL S/Si 2DR COUPE,1993
honda,civic,CIVIC DELUXE 2 DR KAMBACK,1987
honda,civic,CIVIC DX 4DR SEDAN,2013-2014
honda,civic,CIVIC DX WAGON,1991
honda,civic,CIVIC DX/LX 4 DR SEDAN,1988-1991
honda,civic,CIVIC DX/LX/EX 4DR SEDAN,2016-2021
honda,civic,CIVIC EX-T/TOURING 2DR COUPE,2016-2018
honda,civic,CIVIC EX-T/TOURING 4DR SEDAN,2016-2018
honda,civic,CIVIC EX/LX/EX-V 4 DR SEDAN,1992-1993
honda,civic,CIVIC FE,1981-1982
honda,civic,CIVIC FWD/4WD WAGON,1988
honda,civic,CIVIC GL 4 DR SEDAN,1987
honda,civic,CIVIC GL HATCHBACK,1981
honda,civic,CIVIC GL HB,1982
honda,civic,CIVIC GL SD,"1981-1982,1984"
honda,civic,CIVIC GL SEDAN,1985-1986
honda,civic,CIVIC HATCHBACK,1985-1986
honda,civic,CIVIC HATCHBACK STANDARD/DELUXE,1986
honda,civic,CIVIC HB,"1982,1984"
honda,civic,CIVIC HB DELUXE,1984
honda,civic,CIVIC HYBRID 4DR SEDAN,"2013-2015,2025-2026"
honda,civic,CIVIC HYBRID 4DR SEDAN FWD,2003-2012
honda,civic,CIVIC LX 2DR COUPE,2016-2021
honda,civic,CIVIC LX/EX 4DR SEDAN,2013-2014
honda,civic,CIVIC SPORT/TOURING 4DR SEDAN,2019-2021
honda,civic,CIVIC SPORT/TOURING/Si 2DR COUPE,2019-2021
honda,civic,CIVIC STANDARD 2 DR KAMBACK,1987
honda,civic,CIVIC STANDARD/CX/DX/2 DR HATCHBACK,1989-1991
honda,civic,CIVIC STANDARD/DELUXE 2 DR KAMBACK,1988
honda,civic,CIVIC TOURING/Si 4DR SEDAN,2013-2014
honda,civic,CIVIC WAGON,"1981-1982,1984-1987"
honda,civic,CIVIC WAGON 5SP,1983
honda,civic,CIVIC WAGON AUTO.,1983
honda,civic_si,CIVIC SI HATCHBACK,1989-1991
honda,civic_si,CIVIC SIR 3DR HATCH FWD,2004
honda,civic_si,CIVIC SIR HATCHBACK 3DR HATCH FWD,2002-2003
honda,civic_si,CIVIC Si HATCHBACK,1992-1993
honda,civic_type_r,CIVIC TYPE R 5DR HATCH,2019-2021
honda,civic_type_r,CIVIC TYPE-R 4DR HATCH,2025-2026
honda,clarity,CLARITY,2018-2022
honda,cr_v,CR-V 4DR SUV,1997
honda,cr_v,CR-V 4DR SUV AWD,2017-2026
honda,cr_v,CR-V 4DR SUV AWD /LX/EX/EX-L,2005
honda,cr_v,CR-V 4DR SUV AWD EX-L,2006
honda,cr_v,CR-V 4DR SUV AWD EX/EX-L,2007-2011
honda,cr_v,CR-V 4DR SUV AWD LX/EX/EX-L/TOURING,2012-2014
honda,cr_v,CR-V 4DR SUV AWD LX/SE/EX/EX-L/TOURING,2015-2016
honda,cr_v,CR-V 4DR SUV AWD SE/EX,2006
honda,cr_v,CR-V 4DR SUV FWD,2017-2026
honda,cr_v,CR-V 4DR SUV FWD LX,"2007-2011,2015-2016"
honda,cr_v,CR-V 4DR SUV FWD LX/EX,2012-2014
honda,cr_v,CR-V 4DR SUV LX/EX,1998-2000
honda,cr_v,CR-V 4DR SUV LX/EX/EW w/LEATHER,2002-2004
honda,cr_v,CR-V 4DR SUV LX/EX/LTD,2001
honda,cr_z,CR-Z 2 DR HATCHBACK,2011-2017
honda,crosstour,CROSSTOUR 4DR HATCHBACK EX-L/EX-L NAVI AWD,2013-2014
honda,crosstour,CROSSTOUR 4DR HATCHBACK EX/EX-L FWD,2013
honda,crosstour,CROSSTOUR EX-L AWD,2010-2012
honda,crosstour,CROSSTOUR EX-L FWD,2010-2012
honda,element,ELEMENT /Y PACKAGE 4DR SUV 4WD,2003-2006
honda,element,ELEMENT /Y PACKAGE 4DR SUV FWD,2004-2006
honda,element,ELEMENT 4DR SUV 4WD LX/EX-P/SC,2007
honda,element,ELEMENT 4DR SUV AWD EX,2010-2011
honda,element,ELEMENT 4DR SUV FWD LX/EX-P/SC,2007
honda,element,ELEMENT 4DR SUV FWD LX/EX/SC,2008-2011
honda,element,ELEMENT/Y PACKAGE 4DR SUV FWD,2003
honda,fit,FIT 4DR HATCH FWD /DX/LX/SPORT,2007-2008
honda,fit,FIT 4DR HATCH FWD DX/LX,2015-2022
honda,fit,FIT 4DR HATCH FWD DX/LX/SPORT,2009-2014
honda,fit,FIT 4DR HATCH FWD EX/EX-L NAVI,2015-2018
honda,fit,FIT 4DR HATCH FWD SPORT/EX//EX-L NAVI,2019-2022
honda,hr_v,HR-V 4DR CUV AWD,2017-2018
honda,hr_v,HR-V 4DR CUV FWD,2017-2018
honda,hr_v,HR-V 4DR SUV AWD,2019-2026
honda,hr_v,HR-V 4DR SUV FWD,2019-2026
honda,hr_v,HR-V AWD,2016
honda,hr_v,HR-V FWD,2016
honda,insight,INSIGHT 2DR HATCHBACK,2001-2006
honda,insight,INSIGHT 4DR HATCHBACK LX/EX,2012-2013
honda,insight,INSIGHT 4DR SEDAN,2019-2022
honda,insight,INSIGHT LX/EX,2010-2011
honda,odyssey,ODYSSEY 4DR MINIVAN,1995-1998
honda,odyssey,ODYSSEY 4DR MINIVAN DX/LX,2008-2010
honda,odyssey,ODYSSEY 4DR MINIVAN EX,2011-2013
honda,odyssey,ODYSSEY 4DR MINIVAN EX-L RES,2012-2013
honda,odyssey,ODYSSEY 4DR MINIVAN EX-L RES/EX-L NAVI/TOURIN,2014
honda,odyssey,ODYSSEY 4DR MINIVAN EX-L RES/EX-L NAVI/TOURING,2015-2017
honda,odyssey,ODYSSEY 4DR MINIVAN EX-L/TOURING/TOURING ELIT,2011
honda,odyssey,ODYSSEY 4DR MINIVAN EX/EX-L,2005-2010
honda,odyssey,ODYSSEY 4DR MINIVAN EX/EX-LEATHER,2002-2004
honda,odyssey,ODYSSEY 4DR MINIVAN LX,"2002-2007,2011-2013"
honda,odyssey,ODYSSEY 4DR MINIVAN LX/EX,1999-2001
honda,odyssey,ODYSSEY 4DR MINIVAN LX/SE/EX/EX RES,2014-2017
honda,odyssey,ODYSSEY 4DR MINIVAN TOURING,"2005-2010,2012-2013"
honda,odyssey,ODYSSEY EX-L/TOURING,2018-2020
honda,odyssey,ODYSSEY LX/EX,2018-2020
honda,odyssey,ODYSSEY MINIVAN,2021-2026
honda,passport,PASSPORT 4DR SUV,2019-2025
honda,passport,PASSPORT RTL 4DR SUV,2026-2027
honda,passport,PASSPORT TRAILSPORT 4DR SUV,2026-2027
honda,pilot,PILOT 4DR SUV,2019-2022
honda,pilot,PILOT 4DR SUV AWD,2016-2018
honda,pilot,PILOT 4DR SUV AWD LX/EX/EX-L/TOURING,2010-2014
honda,pilot,PILOT 4DR SUV AWD LX/SPECIAL EDITION/EX-L RES/TOURING,2015
honda,pilot,PILOT 4DR SUV FWD,2016-2018
honda,pilot,PILOT 4DR SUV FWD LX,2010-2015
honda,pilot,PILOT 4DR SUV LX/EX/EX-L,2009
honda,pilot,PILOT ES/EX-L 4DR SUV 4WD,2003-2007
honda,pilot,PILOT LX-2WD 4DR SUV FWD,2008
honda,pilot,PILOT LX/SE/EX-L 4DR SUV AWD,2008
honda,pilot,PILOT SPORT /EX-L 4DR SUV,2023-2026
honda,pilot,PILOT TOURING / BLACK EDITION 4DR SUV,2023-2026
honda,pilot,PILOT TRAILSPORT 4DR SUV,2023-2026
honda,prelude,PRELUDE,"1981-1982,1984-1985,2026-2027"
honda,prelude,PRELUDE 1.8,1986
honda,prelude,PRELUDE 1.8 2 DR COUPE,1987
honda,prelude,PRELUDE 2.0 SI 2 DR COUPE,1987
honda,prelude,PRELUDE 2.0 SPECIAL EDITION,1986
honda,prelude,PRELUDE 2DR COUPE,"1992-1994,2001"
honda,prelude,PRELUDE 2DR COUPE BASE,1998-2000
honda,prelude,PRELUDE 2DR COUPE BASE/TYPE SH,1997
honda,prelude,PRELUDE 2DR COUPE SR/SR-V,1994-1996
honda,prelude,PRELUDE 2DR COUPE TYPE SH,1998-2000
honda,prelude,PRELUDE S 2 DR COUPE,1988-1989
honda,prelude,PRELUDE S 2DR COUPE,1990-1991
honda,prelude,PRELUDE SI/SI 4WS 2 DR COUPE,1988-1989
honda,prelude,PRELUDE SR/4WS 2DR COUPE,1992
honda,prelude,PRELUDE SR/SR 4WS 2DR COUPE,1990
honda,prelude,PRELUDE SR/SR-ALB 2DR COUPE,1991
honda,prelude,PRELUDE SR/SRV/4WS 2DR COUPE,1993
honda,prologue,PROLOGUE 4DR SUV AWD,2024-2026
honda,prologue,PROLOGUE 4DR SUV FWD,2024-2026
honda,ridgeline,RIDGELINE 4DR PICKUP,2017-2026
honda,ridgeline,RIDGELINE 4DR PICKUP AWD,2010-2012
honda,ridgeline,RIDGELINE 4DR PICKUP AWD DX/SPORT/SPECIAL EDI,2014
honda,ridgeline,RIDGELINE 4DR PICKUP AWD DX/VP/SPORT/TOURING,2013
honda,ridgeline,RIDGELINE PICKUP,2006-2009
honda,s2000,S2000 CONVERTIBLE,2000-2009
hummer,h1,H1 OPEN TOP 4DR SUV 4WD,2005
hummer,h1,H1 WAGON 4DR SUV 4WD,2005
hummer,h1,HUMMER H1 OPEN TOP 4DR SUV 4WD,2002-2004
hummer,h1,HUMMER H1 WAGON 4DR SUV 4WD,2002-2004
hummer,h2,H2 4DR PICKUP 4WD,2009-2010
hummer,h2,H2 4DR SUV 4WD,2005-2010
hummer,h2,H2 SUT P/U REG CAB S/BOX 4WD,2005-2008
hummer,h2,HUMMER H2 4DR SUV 4WD,2002-2004
hummer,h3,H3 4DR SUV 4WD,2005-2006
hummer,h3,H3 4DR SUV 4WD /X,2007-2010
hummer,h3,H3 4DR SUV 4WD ALPHA,2008-2010
hummer,h3t,H3T 4DR PICKUP 4WD,2009-2010
hyundai,accent,ACCENT 2DR HATCHBACK GS/COMFORT/SPORT/PREMIUM,2007
hyundai,accent,ACCENT 2DR HATCHBACK GS/GSi,2000-2004
hyundai,accent,ACCENT 2DR HATCHBACK L/GL,1995
hyundai,accent,ACCENT 2DR HATCHBACK L/GL/GT,1996-1997
hyundai,accent,ACCENT 2DR HATCHBACK L/GL/SPORT,2010-2011
hyundai,accent,ACCENT 2DR HATCHBACK L/GL/SPORT/SR,2008-2009
hyundai,accent,ACCENT 2DR HATCHBACK L/GS,1998
hyundai,accent,ACCENT 2DR HATCHBACK L/GSi,1999
hyundai,accent,ACCENT 4DR HATCHBACK (auto),2017
hyundai,accent,ACCENT 4DR HATCHBACK (manual),2017
hyundai,accent,ACCENT 4DR HATCHBACK GL/GLS (auto),2014
hyundai,accent,ACCENT 4DR HATCHBACK GL/SE/GLS (auto),2015
hyundai,accent,ACCENT 4DR HATCHBACK L/GL/GLS (auto),2012-2013
hyundai,accent,ACCENT 4DR HATCHBACK L/GL/GLS (manual),2012-2016
hyundai,accent,ACCENT 4DR HATCHBACK LE/GL/SE/GLS (auto),2016
hyundai,accent,ACCENT 4DR SEDAN (auto),2017-2020
hyundai,accent,ACCENT 4DR SEDAN (manual),2017-2020
hyundai,accent,ACCENT 4DR SEDAN FWD GL/COMFORT,2007
hyundai,accent,ACCENT 4DR SEDAN FWD GLS,2007-2009
hyundai,accent,ACCENT 4DR SEDAN FWD L/GL,2008-2009
hyundai,accent,ACCENT 4DR SEDAN FWD L/GL/GLS,2010-2011
hyundai,accent,ACCENT 4DR SEDAN GL,1999-2004
hyundai,accent,ACCENT 4DR SEDAN GL/GLS (auto),2014
hyundai,accent,ACCENT 4DR SEDAN GL/SE/GLS (auto),2015
hyundai,accent,ACCENT 4DR SEDAN L (manual),2014-2016
hyundai,accent,ACCENT 4DR SEDAN L/GL,1995-1998
hyundai,accent,ACCENT 4DR SEDAN L/GL (manual),2012-2013
hyundai,accent,ACCENT 4DR SEDAN L/GL/GLS (auto),2012-2013
hyundai,accent,ACCENT 4DR SEDAN LE/GL/SE/GLS (auto),2016
hyundai,accent,ACCENT 5 4DR HATCH FWD,2005-2006
hyundai,accent,ACCENT 5DR HATCH,2018-2020
hyundai,accent,ACCENT GL 4DR SEDAN FWD,2005-2006
hyundai,accent,ACCENT GLS 4DR SEDAN FWD,2006
hyundai,accent,ACCENT GS/GSi 2DR HATCHBACK,2005-2006
hyundai,azera,AZERA 4DR SEDAN FWD,2006
hyundai,azera,AZERA 4DR SEDAN FWD GLS/LIMITED,2007-2009
hyundai,elantra,ELANTRA 4 DR SEDAN AUTO L/GL/GLS/LIMITED,2011-2013
hyundai,elantra,ELANTRA 4 DR SEDAN MANUAL L/GL/GLS,2011-2013
hyundai,elantra,ELANTRA 4DR HATCH FWD /GL/VE/GT,2005-2006
hyundai,elantra,ELANTRA 4DR SEDAN,2016-2026
hyundai,elantra,ELANTRA 4DR SEDAN FWD /GL,2004-2006
hyundai,elantra,ELANTRA 4DR SEDAN FWD /VE,2004-2006
hyundai,elantra,ELANTRA 4DR SEDAN FWD GL/COMFORT/COMFORT PLUS,2007
hyundai,elantra,ELANTRA 4DR SEDAN FWD GLS/SE,2008-2009
hyundai,elantra,ELANTRA 4DR SEDAN FWD L/GL/GLS/LIMITED,2010
hyundai,elantra,ELANTRA 4DR SEDAN GL,1998-2000
hyundai,elantra,ELANTRA 4DR SEDAN GL/GLS,1994-1997
hyundai,elantra,ELANTRA 4DR SEDAN GL/VE,2001-2003
hyundai,elantra,ELANTRA 4DR SEDAN GLS,1998-1999
hyundai,elantra,ELANTRA 4DR SEDAN L/GL/GLS/LIMITED,2014-2015
hyundai,elantra,ELANTRA 4DR SEDAN VE,2000
hyundai,elantra,ELANTRA 4DR WAGON GL,1998-2000
hyundai,elantra,ELANTRA 4DR WAGON GL/GLS,1996-1997
hyundai,elantra,ELANTRA 4DR WAGON GLS,1998-1999
hyundai,elantra,ELANTRA 4DR WAGON VE,2000
hyundai,elantra,ELANTRA COUPE 2DR GLS/SE,2013-2015
hyundai,elantra,ELANTRA GL/GLS 4DR SEDAN,1992-1993
hyundai,elantra,ELANTRA HYBRID,2022-2026
hyundai,elantra_gt,ELANTRA GT,2003-2004
hyundai,elantra_gt,ELANTRA GT 1.6T 5DR HATCHBACK,2018
hyundai,elantra_gt,ELANTRA GT 2.0L 5DR HATCHBACK,2018
hyundai,elantra_gt,ELANTRA GT 5DR GL/GLS/SE,2013-2015
hyundai,elantra_gt,ELANTRA GT 5DR HATCHBACK,"2016-2017,2019-2020"
hyundai,elantra_n,ELANTRA N-LINE 4DR SEDAN,2021-2026
hyundai,elantra_touring,ELANTRA TOURING 5DR HATCH FWD,2009
hyundai,elantra_touring,ELANTRA TOURING 5DR HATCH FWD GL/GLS,2010-2012
hyundai,elantra_touring,ELANTRA TOURING 5DR HATCH FWD L,2010-2011
hyundai,entourage,ENTOURAGE 4DR VAN FWD GL/COMFORT/GLS/GLS PREM,2007
hyundai,entourage,ENTOURAGE 4DR VAN FWD L/GL/GLS/LIMITED,2008-2009
hyundai,equus,EQUUS 4 DR SEDAN SIGNATURE/ULTIMATE,2011-2014
hyundai,equus,EQUUS 4DR SEDAN SIGNATURE/ULTIMATE,2015-2016
hyundai,excel,EXCEL 2DR HATCHBACK CX/CXL,1994
hyundai,excel,EXCEL 4DR SEDAN CX/CXL,1994
hyundai,excel,EXCEL BASE/L/CX 2DR HATCHBACK,1991
hyundai,excel,EXCEL BASIC/L/CX 2DR HATCHBACK,1990
hyundai,excel,EXCEL CX/CXL 4 DR SEDAN,1989
hyundai,excel,EXCEL CX/CXL 4DR HATCHBACK,1989-1991
hyundai,excel,EXCEL CX/CXL 4DR SEDAN,1990-1993
hyundai,excel,EXCEL GL/GLS,1986
hyundai,excel,EXCEL GL/GLS 4 DR HATCHBACK,1987
hyundai,excel,EXCEL GL/GLS 4 DR SEDAN,1987-1988
hyundai,excel,EXCEL L/CX 2 DR HATCHBACK,1989
hyundai,excel,EXCEL L/CX/CXL 2DR HATCHBACK,1992-1993
hyundai,excel,EXCEL L/GL 2 DR HATCHBACK,1987-1988
hyundai,excel,EXCEL L/GL/GLS 4 DR HATCHBACK,1988
hyundai,genesis,GENESIS  2DR COUPE RWD 2.0T/2.0T PREMIUM/2.0T,2013-2014
hyundai,genesis,GENESIS 2DR COUPE RWD 2.0T,2010
hyundai,genesis,GENESIS 2DR COUPE RWD 2.0T/2.0T PREMIUM/2.0T,2011-2012
hyundai,genesis,GENESIS 2DR COUPE RWD 2.0T/3.8,2009
hyundai,genesis,GENESIS 2DR COUPE RWD 3.8,2010
hyundai,genesis,GENESIS 2DR COUPE RWD 3.8 GT,2013-2016
hyundai,genesis,GENESIS 2DR COUPE RWD 3.8/3.8 GT,2011-2012
hyundai,genesis,GENESIS 4DR SEDAN AWD 3.8 PREMIUM/3.8 LUX/3.8 TEC,2015-2016
hyundai,genesis,GENESIS 4DR SEDAN AWD 5.0 ULTIMATE,2015-2016
hyundai,genesis,GENESIS 4DR SEDAN RWD 3.8,2010
hyundai,genesis,GENESIS 4DR SEDAN RWD 3.8/3.8 PREMIUM/3.8 TEC,2011-2014
hyundai,genesis,GENESIS 4DR SEDAN RWD 3.8/4.6,2009
hyundai,genesis,GENESIS 4DR SEDAN RWD 4.6,2010-2012
hyundai,genesis,GENESIS 4DR SEDAN RWD 5.0L R-SPEC,2013-2014
hyundai,ioniq,IONIQ 4DR HATCH,2017-2018
hyundai,ioniq,IONIQ ELECTRIC 4DR HATCH,2021-2022
hyundai,ioniq,IONIQ HYBRID ESSENTIAL 4DR HATCH,2019-2022
hyundai,ioniq,IONIQ HYBRID PREFERRED/LUXURY4DR HATCH,2019-2022
hyundai,ioniq_5,IONIQ 5 4DR HATCH RWD,2022-2026
hyundai,ioniq_5,IONIQ 5 LONG RANGE 4DR HATCH AWD,2022-2026
hyundai,ioniq_5,IONIQ 5 LONG RANGE 4DR HATCH RWD,2022-2026
hyundai,ioniq_6,IONIQ 6 4DR SEDAN AWD,2023-2026
hyundai,ioniq_6,IONIQ 6 4DR SEDAN RWD,2023-2026
hyundai,ioniq_9,IONIQ 9 PREFERRED AWD 4DR SUV,2025-2027
hyundai,ioniq_9,IONIQ 9 PREFERRED LUXURY / ULTIMATE AWD 4DR SUV,2025-2027
hyundai,ioniq_9,IONIQ 9 RWD 4DR SUV,2025-2027
hyundai,kona,KONA 1.6L AWD 4DR SUV,2022-2023
hyundai,kona,KONA 1.6T AWD 4DR SUV,2018
hyundai,kona,KONA 2.0 AWD 4DR SUV,2018-2021
hyundai,kona,KONA 2.0 FWD 4DR SUV,2018-2021
hyundai,kona,KONA 2.0L AWD 4DR SUV,2022-2023
hyundai,kona,KONA 2.0L FWD 4DR SUV,2022-2023
hyundai,kona,KONA 4DR SUV AWD,2024-2026
hyundai,kona,KONA 4DR SUV FWD,2024-2026
hyundai,kona,KONA ELECTRIC 4DR SUV,2019-2026
hyundai,kona_n,KONA N-SERIES 4DR SUV,2024-2026
hyundai,nexo,NEXO 4DR SUV,2019-2022
hyundai,nexo,NEXOS,2024
hyundai,palisade,PALISADE 4DR SUV AWD,2020-2025
hyundai,palisade,PALISADE 4DR SUV FWD,2020-2025
hyundai,pony,PONY CX 1.6 4 DR HATCHBACK,1987
hyundai,pony,PONY GL,1986
hyundai,pony,PONY GLS,1986
hyundai,pony,PONY L,1986
hyundai,pony,PONY L 1.4 4 DR HATCHBACK,1987
hyundai,santa_cruz,SANTA CRUZ 4DR PICKUP,2022-2025
hyundai,santa_fe,SANTA FE 4DR SUV 2.0L AWD,2019-2020
hyundai,santa_fe,SANTA FE 4DR SUV AWD,"2019-2021,2024-2025"
hyundai,santa_fe,SANTA FE 4DR SUV AWD /GL AWD/GLS,2004-2006
hyundai,santa_fe,SANTA FE 4DR SUV AWD /GLS 3.5 AWD,2004-2006
hyundai,santa_fe,SANTA FE 4DR SUV AWD 2.4 GL PREMIUM,2011-2012
hyundai,santa_fe,SANTA FE 4DR SUV AWD 3.3 GLS,2007
hyundai,santa_fe,SANTA FE 4DR SUV AWD 3.5 GL/3.5 GL SPORT/3.5,2011-2012
hyundai,santa_fe,SANTA FE 4DR SUV AWD HEV,2026
hyundai,santa_fe,SANTA FE 4DR SUV AWD LIMITED,2008-2009
hyundai,santa_fe,SANTA FE 4DR SUV AWD PREFERRED,2022-2023
hyundai,santa_fe,SANTA FE 4DR SUV AWD URBAN / ULTIMATE,2022-2023
hyundai,santa_fe,SANTA FE 4DR SUV AWD/LIMITED,2010
hyundai,santa_fe,SANTA FE 4DR SUV FWD,"2019-2021,2024-2025"
hyundai,santa_fe,SANTA FE 4DR SUV FWD 2.4 GL,2010
hyundai,santa_fe,SANTA FE 4DR SUV FWD 2.4 GL/GL PREMIUM,2011-2012
hyundai,santa_fe,SANTA FE 4DR SUV FWD 2.7 GL,2007
hyundai,santa_fe,SANTA FE 4DR SUV FWD 3.3 GL,2007
hyundai,santa_fe,SANTA FE 4DR SUV FWD 3.5 GL/3.5 GL SPORT,"2010,2012"
hyundai,santa_fe,SANTA FE 4DR SUV FWD 3.5 GL/3.5 GL SPORT/3.5,2011
hyundai,santa_fe,SANTA FE 4DR SUV FWD GL,2008-2009
hyundai,santa_fe,SANTA FE 4DR SUV FWD GL/GL V6,2004-2006
hyundai,santa_fe,SANTA FE 4DR SUV FWD GLS,2008-2009
hyundai,santa_fe,SANTA FE 4DR SUV GL/GLS,2001-2002
hyundai,santa_fe,SANTA FE GL V6/GLS AWD 4DR SUV,2003
hyundai,santa_fe,SANTA FE GL/GL V6 FWD 4DR SUV,2003
hyundai,santa_fe,SANTA FE HEV 4DR SUV,2022-2023
hyundai,santa_fe,SANTA FE PHEV 4DR SUV,2022-2023
hyundai,santa_fe_sport,SANTA FE SPORT 2.4L LUXURY/2.0T PREMIUM/2.0T,2013
hyundai,santa_fe_sport,SANTA FE SPORT 2.4L/2.4L PREMIUM/2.0T PREMIUM,2013
hyundai,santa_fe_sport,SANTA FE SPORT AWD 2.4L PREMIUM/2.4L LUXURY/2,2014
hyundai,santa_fe_sport,SANTA FE SPORT AWD 2.4L PREMIUM/2.4L LUXURY/2.0T PREMIUM/2.0T SE/2.0T LIMITED,2015
hyundai,santa_fe_sport,SANTA FE SPORT AWD 4DR SUV,2016-2018
hyundai,santa_fe_sport,SANTA FE SPORT FWD 2.4L/2.4L PREMIUM/2.0T,2014-2015
hyundai,santa_fe_sport,SANTA FE SPORT FWD 4DR SUV,2016-2018
hyundai,santa_fe_xl,SANTA FE XL  FWD 4DR SUV,2014
hyundai,santa_fe_xl,SANTA FE XL AWD 4DR SUV,2016-2019
hyundai,santa_fe_xl,SANTA FE XL AWD 4DR SUV PREMIUM/LUXURY/LIMITED,2015
hyundai,santa_fe_xl,SANTA FE XL FWD 4DR SUV,2015-2019
hyundai,santa_fe_xl,SANTA FE XL GLS/LIMITED AWD 4DR SUV,2013
hyundai,santa_fe_xl,SANTA FE XL GLS/LIMITED FWD 4DR SUV,2013
hyundai,santa_fe_xl,SANTA FE XL PREMIUM/LUXURY/LIMITED AWD 4DR SU,2014
hyundai,scoupe,S COUPE BASE/LS 2DR,1991-1993
hyundai,scoupe,S COUPE GL/GLS 2DR,1990
hyundai,scoupe,SCOUPE 2DR COUPE BASE/LS,1994-1995
hyundai,scoupe,SCOUPE 2DR COUPE LS TURBO,1994
hyundai,sonata,SONATA,1989
hyundai,sonata,SONATA 4DR SEDAN,2020-2023
hyundai,sonata,SONATA 4DR SEDAN 2.0L,2019
hyundai,sonata,SONATA 4DR SEDAN 2.0T LIMITED,2013-2014
hyundai,sonata,SONATA 4DR SEDAN 2.0T/2.0T LIMITED,2011-2012
hyundai,sonata,SONATA 4DR SEDAN 2.4,2016-2017
hyundai,sonata,SONATA 4DR SEDAN AWD,2024-2026
hyundai,sonata,SONATA 4DR SEDAN BASE/GL,1996-1998
hyundai,sonata,SONATA 4DR SEDAN BASE/GL/GLS,1995
hyundai,sonata,SONATA 4DR SEDAN ESSENTIAL,2019
hyundai,sonata,SONATA 4DR SEDAN FWD,2024-2026
hyundai,sonata,SONATA 4DR SEDAN FWD HEV,2026
hyundai,sonata,SONATA 4DR SEDAN FWD N-LINE,2024-2026
hyundai,sonata,SONATA 4DR SEDAN GL,"1999-2006,2018"
hyundai,sonata,SONATA 4DR SEDAN GL V6/GLS,2006-2007
hyundai,sonata,SONATA 4DR SEDAN GL V6/GLX,2002-2005
hyundai,sonata,SONATA 4DR SEDAN GL/GLS,2008-2009
hyundai,sonata,SONATA 4DR SEDAN GL/GLS-I4,2007
hyundai,sonata,SONATA 4DR SEDAN GL/GLS/LIMITED,2010-2012
hyundai,sonata,SONATA 4DR SEDAN GL/GLS/LIMITED/SPORT,2015
hyundai,sonata,SONATA 4DR SEDAN GL/GLS/SE/LIMITED,2013-2014
hyundai,sonata,SONATA 4DR SEDAN GLS V6,1999
hyundai,sonata,SONATA 4DR SEDAN GLS V6/LIMITED V6,2010
hyundai,sonata,SONATA 4DR SEDAN HYBRID,2016-2018
hyundai,sonata,SONATA 4DR SEDAN HYBRID /LIMITED,2015
hyundai,sonata,SONATA 4DR SEDAN HYBRID /PREMIUM,2013-2014
hyundai,sonata,SONATA 4DR SEDAN HYBRID GL,2019
hyundai,sonata,SONATA 4DR SEDAN HYBRID GLS/LIMITED,2019
hyundai,sonata,SONATA 4DR SEDAN HYBRID LIMITED/ULTIMATE,2018
hyundai,sonata,SONATA 4DR SEDAN HYBRID STANDARD/LIMITED,2011-2012
hyundai,sonata,SONATA 4DR SEDAN LIMITED,2008-2009
hyundai,sonata,SONATA 4DR SEDAN PHEV,2016-2019
hyundai,sonata,SONATA 4DR SEDAN SPORT 2.0/2.0T ULTIMATE,2015
hyundai,sonata,SONATA 4DR SEDAN SPORT 2.0T,2016-2017
hyundai,sonata,SONATA 4DR SEDAN SPORT/GLS/LIMITED,2018
hyundai,sonata,SONATA 4DR SEDAN SPORT/PREFERRED/LUXURY,2019
hyundai,sonata,SONATA 4DR SEDAN V6 GL/GLS,"1995-1996,2000-2001"
hyundai,sonata,SONATA 4DR SEDAN V6 GLS,1997-1998
hyundai,sonata,SONATA GL/GLS 4DR SEDAN,1990-1993
hyundai,sonata,SONATA HYBRID 4DR SEDAN,2021-2023
hyundai,sonata,SONATA N-LINE 4DR SEDAN,2021-2023
hyundai,stellar,STELLAR CL/CXL 4 DR SEDAN,1987
hyundai,stellar,STELLAR SL,1986
hyundai,tiburon,TIBURON / SE,2003
hyundai,tiburon,TIBURON 2DR HATCH FWD,2006
hyundai,tiburon,TIBURON 2DR HATCH FWD / SE,2004-2005
hyundai,tiburon,TIBURON 2DR HATCH FWD /TUSCANI,2004-2006
hyundai,tiburon,TIBURON 2DR HATCH FWD GS,2007-2009
hyundai,tiburon,TIBURON 2DR HATCH FWD GS SPORT,2007
hyundai,tiburon,TIBURON 2DR HATCH FWD GS SPORT/GT,2008-2009
hyundai,tiburon,TIBURON 2DR HATCH FWD GT/GT LIMITED,2007
hyundai,tiburon,TIBURON 2DR HATCH FWD GT/TUSCANI,2003
hyundai,tiburon,TIBURON 2DR HATCH FWD GTP,2008-2009
hyundai,tiburon,TIBURON 2DR HATCH FWD SE,2006
hyundai,tiburon,TIBURON 2DR HATCHBACK BASE/FX,1997-1999
hyundai,tiburon,TIBURON 2DR HATCHBACK BASE/SE,2000-2002
hyundai,tucson,TUCSON 4DR SUV AWD,2016-2026
hyundai,tucson,TUCSON 4DR SUV AWD GL,"2011-2012,2014-2015"
hyundai,tucson,TUCSON 4DR SUV AWD GL/GLS/LIMITED,2010
hyundai,tucson,TUCSON 4DR SUV AWD GL/PREMIUM,2013
hyundai,tucson,TUCSON 4DR SUV AWD GLS,2005-2007
hyundai,tucson,TUCSON 4DR SUV AWD GLS/LIMITED,2011-2015
hyundai,tucson,TUCSON 4DR SUV AWD HEV,2022-2026
hyundai,tucson,TUCSON 4DR SUV AWD PHEV,2022-2026
hyundai,tucson,TUCSON 4DR SUV FCEV,2015-2016
hyundai,tucson,TUCSON 4DR SUV FWD,2016-2026
hyundai,tucson,TUCSON 4DR SUV FWD GL,2005-2007
hyundai,tucson,TUCSON 4DR SUV FWD GL (manual),2014-2015
hyundai,tucson,TUCSON 4DR SUV FWD GL V6/GLS,2005-2007
hyundai,tucson,TUCSON 4DR SUV FWD GL/GLS,2010
hyundai,tucson,TUCSON 4DR SUV FWD GL/GLS (auto),2015
hyundai,tucson,TUCSON 4DR SUV FWD GLS,2011-2013
hyundai,tucson,TUCSON 4DR SUV FWD GLS (auto),2014
hyundai,tucson,TUCSON 4DR SUV FWD L/GL,2011-2012
hyundai,tucson,TUCSON 4DR SUV FWD L/GL/PTRMIUM,2013
hyundai,tucson,TUCSON 4DR SUV GLS FWD,2008-2009
hyundai,tucson,TUCSON 4DR SUV SE/LIMITED AWD,2008-2009
hyundai,tucson,TUCSON 4DR SUV SE/LIMITED FWD,2008-2009
hyundai,veloster,VELOSTER 3DR COUPE,2019-2022
hyundai,veloster,VELOSTER 3DR HATCHBACK,2016-2017
hyundai,veloster,VELOSTER 3DR HATCHBACK /SE/TECH,2015
hyundai,veloster,VELOSTER 3DR HATCHBACK /TECH PACKAGE,2013-2014
hyundai,veloster,VELOSTER 3DR HATCHBACK /TECH PACKAGE (auto),2012
hyundai,veloster,VELOSTER 3DR HATCHBACK /TECH PACKAGE (manual),2012
hyundai,veloster,VELOSTER TURBO 3DR COUPE,2019-2022
hyundai,veloster,VELOSTER TURBO 3DR HATCHBACK,2013-2017
hyundai,veloster_n,VELOSTER N 3DR COUPE,2019-2022
hyundai,venue,VENUE 4DR SUV,2020-2026
hyundai,veracruz,VERACRUZ 4DR CUV AWD GL PREMIUM/GLS/LIMITED,2011-2012
hyundai,veracruz,VERACRUZ 4DR CUV AWD GLS/LIMITED,2008-2010
hyundai,veracruz,VERACRUZ 4DR CUV FWD GL,2010
hyundai,veracruz,VERACRUZ 4DR CUV FWD GL/GL PREMIUM,2011
hyundai,veracruz,VERACRUZ 4DR CUV FWD GL/GLS,2012
hyundai,veracruz,VERACRUZ GLS/LIMITED,2007
hyundai,xg300,XG300 4DR SEDAN,2001
hyundai,xg350,XG350 4DR SEDAN FWD,2002-2005
infiniti,ex35,EX35 4DR CUV AWD LUXURY/JOURNEY,2010-2013
infiniti,fx35,FX35 4DR SUV AWD,2003-2012
infiniti,fx35,FX35 4DR SUV AWD /LIMITED,2013
infiniti,fx45,FX45 4DR SUV AWD,2003-2008
infiniti,fx50,FX50 4DR SUV AWD,2009-2013
infiniti,g20,G-20 4DR SEDAN,1991-1996
infiniti,g20,G20/G20t 4DR SEDAN,1999-2002
infiniti,g25,G SEDAN /G25 SPORT M6 RWD,2008-2009
infiniti,g25,G25 4DR SEDAN RWD,2012
infiniti,g25,G25/G37 4DR SEDAN G25/G37 M6 SPORT RWD,2011
infiniti,g25,G25/G37 4DR SEDAN G25x AWD/G37x AWD,2011-2012
infiniti,g35,G SEDAN G35 SPORT M6/G35X AWD SPORT,2008-2009
infiniti,g35,G35 2DR COUPE RWD,2003-2007
infiniti,g35,G35 4DR SEDAN RWD,2004-2006
infiniti,g35,G35 LUXURY SEDAN,2003
infiniti,g35,G35X 4DR SEDAN AWD,2004-2007
infiniti,g37,G37 2DR CABRIO,2011-2013
infiniti,g37,G37 2DR COUPE,2011-2013
infiniti,g37,G37 2DR COUPE G37x AWD,2011-2013
infiniti,g37,G37 2DR COUPE ISP CONVERTIBLE,2013
infiniti,g37,G37 2DR COUPE ISP COUPE,2011-2013
infiniti,g37,G37 2DR COUPE/CABRIO G37/G37X,2010
infiniti,g37,G37 4DR SEDAN G37/SPORT RWD,2010
infiniti,g37,G37 4DR SEDAN G37X/AWD,2010
infiniti,g37,G37 4DR SEDAN RWD M6 SPORT,2012-2013
infiniti,g37,G37X 4DR SEDAN AWD /XAWD SPORT,2013
infiniti,i30,I30/I30t 4DR SEDAN,1996-2001
infiniti,i35,I35 LUXURY 4DR SEDAN FWD,2002-2004
infiniti,i35,I35 SPORT 4DR SEDAN FWD,2002-2004
infiniti,j30,J30 4DR SEDAN,1992-1997
infiniti,jx35,JX35 4DR SUV AWD,2013
infiniti,m35,M35 4DR SEDAN RWD,2006-2009
infiniti,m35,M35X 4DR SEDAN AWD,2006-2010
infiniti,m35h,M35H 4DR SEDAN M HYBRID,2012-2013
infiniti,m37,M37 4DR SEDAN,2011-2013
infiniti,m37,M37/M56 4DR SEDAN M37x AWD/M37 SPORT/M56,2011-2013
infiniti,m45,M45 4DR SEDAN RWD,"2003-2004,2008-2010"
infiniti,m45,M45 4DR SEDAN RWD /SPORT,2006-2007
infiniti,m45,M45X 4DR SEDAN AWD,2008-2010
infiniti,m56,M56 4DR SEDAN M56x AWD/M56 SPORT,2011-2013
infiniti,q45,Q45 4 DR SEDAN,1990-1993
infiniti,q45,Q45 4DR SEDAN,1994-2001
infiniti,q45,Q45 4DR SEDAN LUXURY/PREMIUM,2002-2003
infiniti,q45,Q45 4DR SPORT/PREMIUM,2004-2006
infiniti,q50,Q50 3.7 PREMIUM/Q50S 3.7 AWD 4DR SEDAN,2014
infiniti,q50,Q50 3.7/Q50S 3.7 RWD 4DR SEDAN,2014
infiniti,q50,Q50 4DR SEDAN 2.0 AWD,2018-2022
infiniti,q50,Q50 4DR SEDAN 3.0 AWD,2018-2024
infiniti,q50,Q50 4DR SEDAN AWD,2016-2017
infiniti,q50,Q50 4DR SEDAN AWD 3.7 AWD/3.7 SPORT AWD,2015
infiniti,q50,Q50 4DR SEDAN REDSPORT 400 AWD,2018-2024
infiniti,q50,Q50 4DR SEDAN RWD,2016-2017
infiniti,q50,Q50 4DR SEDAN RWD 3.7/3.7 SPORT,2015
infiniti,q50,Q50 HYBRID AWD 4DR SEDAN,2015-2022
infiniti,q50,Q50 HYBRID AWD PREMIUM 4DR SEDAN,2014
infiniti,q50,Q50 HYBRID PREMIUM 4DR SEDAN,2014
infiniti,q60,Q60 2DR CABRIO,2014
infiniti,q60,Q60 2DR COUPE,"2014,2017-2023"
infiniti,q60,Q60 2DR COUPE AWD,2015-2016
infiniti,q60,Q60 2DR COUPE ISP CONVERTIBLE,2014
infiniti,q60,Q60 2DR COUPE RWD,2015-2016
infiniti,q60,Q60 CONVERTIBLE 2DR CABRIO,2015-2016
infiniti,q60,Q60 ISP 2DR CONVERTIBLE,2015
infiniti,q70,Q70 3.7 AWD 4DR SEDAN,2015-2016
infiniti,q70,Q70 3.7 AWD PREMIUM/SPORT 4DR SEDAN,2014
infiniti,q70,Q70 3.7 AWD SPORT 4DR SEDAN,2015-2016
infiniti,q70,Q70 4DR SEDAN,2019-2020
infiniti,q70,Q70 5.6 AWD PREMIUM/SPORT 4DR SEDAN,2014-2015
infiniti,q70,Q70 AWD 4DR SEDAN,2017-2018
infiniti,q70,Q70 AWD SPORT 4DR SEDAN,2017-2018
infiniti,q70,Q70 HYBRID 4DR SEDAN,2015
infiniti,q70l,Q70L 5.6 AWD 4DR SEDAN,2015
infiniti,q70l,Q70L AWD 4DR SEDAN,2016-2018
infiniti,q70l,Q70L V6 4DR SEDAN,2019-2020
infiniti,q70l,Q70L V8 4DR SEDAN,2019-2020
infiniti,qx30,QX30 AWD 4DR SUV,2017-2020
infiniti,qx30,QX30 FWD 4DR SUV,2017-2020
infiniti,qx4,QX4 4DR SUV 4X4,1997-2003
infiniti,qx50,QX50 4DR SUV,2019-2026
infiniti,qx50,QX50 AWD 4DR CUV,2015
infiniti,qx50,QX50 AWD 4DR SUV,2016-2018
infiniti,qx50,QX50 AWD JOURNEY 4DR CUV,2014
infiniti,qx55,QX55 4DR SUV AWD,2022-2026
infiniti,qx56,QX56 4 DR SUV,2011
infiniti,qx56,QX56 4 DR SUV AWD,2012-2013
infiniti,qx56,QX56 4DR SUV 4X4,2004-2010
infiniti,qx60,QX60 3.5 4DR SUV FWD,2014-2016
infiniti,qx60,QX60 3.5 AWD 4DR SUV AWD,2014-2016
infiniti,qx60,QX60 4DR SUV AWD,2017-2026
infiniti,qx60,QX60 4DR SUV FWD,2017
infiniti,qx60,QX60 HYBRID AWD 4DR SUV,2015-2018
infiniti,qx60,QX60 HYBRID AWD PREMIUM 4DR SUV,2014
infiniti,qx70,QX70 3.7 4DR SUV AWD,2015-2016
infiniti,qx70,QX70 3.7 SPORT 4DR SUV AWD,2015-2016
infiniti,qx70,QX70 4DR SUV AWD,2017
infiniti,qx70,QX70 AWD V6 PREMIUM 4DR SUV,2014
infiniti,qx70,QX70 AWD V8 PREMIUM 4DR SUV,2014
infiniti,qx70,QX70 SPORT 4DR SUV AWD,2017
infiniti,qx80,QX80 4DR SUV,2025-2026
infiniti,qx80,QX80 AWD 4DR SUV,2016-2024
infiniti,qx80,QX80 AWD 7 PASSENGER 4 DR SUV AWD,2014
infiniti,qx80,QX80 AWD 7 PASSENGER 4DR SUV AWD,2015
infiniti,qx80,QX80 AWD 8 PASSENGER 4 DR SUV AWD,2014
infiniti,qx80,QX80 AWD 8 PASSENGER 4DR SUV AWD,2015
isuzu,ascender,ASCENDER S/LS/LIMITED 4DR SUV RWD,2003
isuzu,hombre,HOMBRE P/U 2DR EXTENDED CAB S/BOX,1997
isuzu,hombre,HOMBRE P/U 2DR REG CAB S/BOX,"1997,2000"
isuzu,hombre,HOMBRE P/U 2DR SPACECAB S/BOX,1998-2000
isuzu,hombre,HOMBRE P/U 2DR SPACECAB S/BOX V6 4X4,1999-2000
isuzu,hombre,HOMBRE P/U 2DR STD CAB S/BOX,1998-1999
isuzu,impulse,IMPULSE XS 2DR HATCHBACK,1990
isuzu,impulse,IMPULSE XS/RS 2DR HATCHBACK,1991
isuzu,pickup,PICKUP S SHORTBED 4X2,1992-1993
isuzu,pickup,PICKUP XS LONGBED 4X2,1991-1993
isuzu,rodeo,RODEO 4DR SUV S/LS 4X4,1994-1998
isuzu,rodeo,RODEO 4DR SUV S/LS/LSE 4X4,1999-2001
isuzu,rodeo,RODEO 4DR SUV S/SE/LS/LSE 4X4,2002
isuzu,rodeo,RODEO 4DR SUV SE 4X4,2002
isuzu,rodeo,RODEO LS/LSE 4DR SUV 4WD,2003
isuzu,rodeo,RODEO S 4X2,1991-1992
isuzu,rodeo,RODEO S 4X4,1991-1993
isuzu,rodeo,RODEO S/SE 4DR SUV 4WD,2003
isuzu,stylus,STYLUS S/XS 4DR SEDAN,1991
isuzu,trooper,TROOPER 4DR SUV S/LS/LTD 4X4,1998-2005
isuzu,trooper,TROOPER LS 4x4,1990-1991
isuzu,trooper,TROOPER XS 4x4,1990-1991
isuzu,trooper_ii,TROOPER II 4DR SUV 4X4,1994
isuzu,trooper_ii,TROOPER II 4DR SUV S/LS/LTD 4X4,1995-1997
isuzu,trooper_ii,TROOPER II 4x4,1992-1993
jaguar,e_pace,E-PACE 4DR SUV,"2018-2020,2025-2026"
jaguar,e_pace,E-PACE P250 4DR SUV,2021-2024
jaguar,e_pace,E-PACE P300 MHEV 4DR SUV,2021-2022
jaguar,f_pace,F-PACE 2.0L 4DR SUV,2018-2022
jaguar,f_pace,F-PACE 2.0L DIESEL 4DR SUV,2016-2022
jaguar,f_pace,F-PACE 3.0L V6 4DR SUV,2016-2022
jaguar,f_pace,F-PACE 4DR SUV,2023-2025
jaguar,f_pace,F-PACE P250 4DR SUV,2026
jaguar,f_pace,F-PACE P400 HEV 4DR SUV,2026
jaguar,f_pace,F-PACE SVR V8 4DR SUV,2019-2026
jaguar,f_type,F-TYPE /TYPE S 2DR CONVERTIBLE,2015
jaguar,f_type,F-TYPE /TYPE S 2DR COUPE,2015
jaguar,f_type,F-TYPE 2.0L RWD 2DR COUPE/CONVERTIBLE,2018-2021
jaguar,f_type,F-TYPE 2DR CONVERTIBLE,2014
jaguar,f_type,F-TYPE 2DR COUPE,2014
jaguar,f_type,F-TYPE AWD 2DR COUPE/CONVERTIBLE,2022-2026
jaguar,f_type,F-TYPE R 2DR COUPE,2015
jaguar,f_type,F-TYPE RWD 2DR COUPE/CONVERTIBLE,2022-2026
jaguar,f_type,F-TYPE V6 AWD 2DR COUPE/CONVERTIBLE,2016-2021
jaguar,f_type,F-TYPE V6 RWD 2DR COUPE/CONVERTIBLE,2016-2021
jaguar,f_type,F-TYPE V8 AWD 2DR COUPE/CONVERTIBLE,2016-2021
jaguar,f_type,F-TYPE V8 S 2DR CONVERTIBLE,2015
jaguar,i_pace,I-PACE 4DR SUV,2019-2026
jaguar,s_type,S-TYPE 4DR SEDAN 3.0 V6,2000-2002
jaguar,s_type,S-TYPE 4DR SEDAN 4.0 V8,2000-2002
jaguar,s_type,S-TYPE 4DR SEDAN RWD /3.0 V6,2003-2008
jaguar,s_type,S-TYPE 4DR SEDAN RWD /4.2 V8,2003-2008
jaguar,s_type,S-TYPE 4DR SEDAN RWD /R,2003-2008
jaguar,vanden_plas,VANDEN PLAS 4 DR SEDAN,1988-1992
jaguar,vanden_plas,VANDEN PLAS 4DR SEDAN,2003
jaguar,vanden_plas,VANDEN PLAS SUPERV8 4DR SEDAN,2003
jaguar,vanden_plas,XJ12 VANDEN PLAS,1983-1986
jaguar,vanden_plas,XJ12 VANDEN PLAS 4 DR SEDAN,1987
jaguar,vanden_plas,XJ6 4DR SEDAN VANDEN PLAS,1994-1997
jaguar,vanden_plas,XJ6 VANDEN PLAS 4DR SEDAN,1993
jaguar,vanden_plas,XJ8 4DR SEDAN RWD BASE/VANDEN PLAS,2004
jaguar,vanden_plas,XJ8 4DR SEDAN RWD VANDEN PLAS,2005-2006
jaguar,vanden_plas,XJ8 4DR SEDAN VANDEN PLAS,1998-2002
jaguar,vanden_plas,XJ8 4DR SEDAN VANDEN PLAS SUPERCHARGED,2000-2001
jaguar,vanden_plas,XJ8 4DR SEDAN VANDEN PLAS SUPERV8,2002
jaguar,vanden_plas,XJ8 L 4DR SEDAN RWD VANDEN PLAS,2007
jaguar,x_type,X-TYPE 3.0 4DR SEDAN AWD,2008
jaguar,x_type,X-TYPE 4DR SEDAN AWD,2002-2003
jaguar,x_type,X-TYPE 4DR SEDAN AWD /2.5,2004-2005
jaguar,x_type,X-TYPE 4DR SEDAN AWD /3.0,2004
jaguar,x_type,X-TYPE 4DR SEDAN AWD /3.0/SPORT,2005-2006
jaguar,x_type,X-TYPE 4DR SEDAN AWD 3.0,2007
jaguar,x_type,X-TYPE 4DR WAGON AWD /3.0,2004-2006
jaguar,x_type,X-TYPE 4DR WAGON AWD 3.0 SPORTWAGON,2007
jaguar,x_type,X-TYPE SPORTWAGON 3.0 4DR WAGON AWD,2008
jaguar,xe,XE 2.0L 4DR SEDAN,2018
jaguar,xe,XE 2.0L DIESEL 4DR SEDAN,2016-2018
jaguar,xe,XE 3.0L V6 4DR SEDAN,2016-2018
jaguar,xe,XE 4DR SEDAN,2019-2021
jaguar,xe,XE SV PROJECT 8 4DR SEDAN,2018
jaguar,xf,XF 2.0 4DR SEDAN,2014-2015
jaguar,xf,XF 2.0L 4DR SEDAN,2018-2021
jaguar,xf,XF 2.0L DIESEL 4DR SEDAN,2018-2021
jaguar,xf,XF 3.0 AWD 4DR SEDAN,2014-2015
jaguar,xf,XF 3.0L V6 4DR SEDAN,2018-2024
jaguar,xf,XF 4DR SEDAN,"2016-2017,2025-2026"
jaguar,xf,XF 4DR SEDAN RWD,2012
jaguar,xf,XF 4DR SEDAN RWD LUXURY/PREMIUM LUXURY,2009-2011
jaguar,xf,XF 4DR SEDAN RWD PREMIUM,2012
jaguar,xf,XF AWD 4DR SEDAN,2013
jaguar,xf,XFR SUPERCHARGED 4DR SEDAN RWD,2009-2015
jaguar,xf,XFR-S SUPERCHARGED 4DR SEDAN RWD,2014-2015
jaguar,xj,XJ 4DR SEDAN RWD,2010-2012
jaguar,xj,XJ 4DR SEDAN SUPERCHARGED,2014
jaguar,xj,XJ 4DR SEDAN SUPERCHARGED/SUPERSPORT,2012-2013
jaguar,xj,XJ 4DR SEDAN SUPERSPORT,2010-2011
jaguar,xj,XJ AWD 4DR SEDAN,2013-2015
jaguar,xj,XJ LWB 4DR SEDAN XJL/XJR,2016-2018
jaguar,xj,XJ VANDEN PLAS 4DR SEDAN RWD,2008-2009
jaguar,xj,XJ XJ8/XJR 4DR SEDAN RWD,2008-2009
jaguar,xj,XJ-L 4DR SEDAN RWD,2010-2012
jaguar,xj,XJ-L 4DR SEDAN SUPERCHARGED,2010-2012
jaguar,xj,XJ-L 4DR SEDAN SUPERCHARGED/SUPERSPORT,2013
jaguar,xj,XJ-L PORTFOLIO AWD 4DR SEDAN,2013
jaguar,xj,XJL 4DR SEDAN SUPERCHARGED,2014
jaguar,xj,XJL AWD 4DR SEDAN,2014
jaguar,xj,XJL AWD 4DR SEDAN LWB,2015
jaguar,xj,XJL LWB 4DR SEDAN V6,2019-2020
jaguar,xj,XJL LWB 4DR SEDAN V8,2019-2020
jaguar,xj,XJL S/C 4DR SEDAN LWB RWD SUPERCHARGED,2015
jaguar,xj12,XJ12 4DR SEDAN,1994-1996
jaguar,xj6,SOVEREIGN XJ-6,1985
jaguar,xj6,XJ-6 EXECUTIVE/BASE/SOVEREIGN 4DR SEDAN,1990-1991
jaguar,xj6,XJ-6 EXECUTIVE/SOVEREIGN 4DR SEDAN,1992
jaguar,xj6,XJ-6 SOVEREIGN 4DR SEDAN,1993
jaguar,xj6,XJ-6SERIES III/SOVEREIGN,1986
jaguar,xj6,XJ6 4DR SEDAN,1994-1997
jaguar,xj6,XJ6 SERIES III,1981
jaguar,xj6,XJ6 SOVEREIGN 4 DR SEDAN,1987
jaguar,xj6,XJ6/ SOVEREIGN 4 DR SEDAN,1988-1989
jaguar,xj6,XJ6/SOVEREIGN,1983-1984
jaguar,xj6,XJ6/SOVEREIGN SERIES III 4 DR SEDAN,1987
jaguar,xj8,XJ8 4DR SEDAN,1998-2003
jaguar,xj8,XJ8 4DR SEDAN RWD,2005-2007
jaguar,xj8,XJ8 4DR SEDAN RWD SUPER V8,2005-2006
jaguar,xj8,XJ8 4DR SEDAN RWD XJR,2005-2006
jaguar,xj8,XJ8 L 4DR SEDAN RWD SUPER V8,2007
jaguar,xj8,XJ8L 4DR SEDAN,1999
jaguar,xjr,XJ SWB 4DR SEDAN XJ/XJR,2016-2018
jaguar,xjr,XJR 4DR SEDAN,"1995-2003,2014-2015"
jaguar,xjr,XJR 4DR SEDAN RWD,"2004,2006-2007"
jaguar,xjr,XJR LWB 4DR SEDAN,2014-2015
jaguar,xjs,XJ S/C 4DR SEDAN RWD SUPERCHARGED,2015
jaguar,xjs,XJ SUPER V8 4DR SEDAN RWD,2008-2009
jaguar,xjs,XJ SWB 4DR SEDAN,2019-2020
jaguar,xjs,XJ-S,1985-1986
jaguar,xjs,XJ-S 2 DR COUPE,1987-1992
jaguar,xjs,XJ-S CONVERTIBLE,1989-1992
jaguar,xjs,XJ-SC CABRIOLET,1988
jaguar,xjs,XJ-SC CONVERTIBLE,1987
jaguar,xjs,XJS,1983-1984
jaguar,xjs,XJS 2DR CONVERTIBLE 4.0L,1994-1996
jaguar,xjs,XJS 2DR CONVERTIBLE V12,1994-1995
jaguar,xjs,XJS 2DR COUPE 4.0L,1994-1995
jaguar,xjs,XJS 2DR COUPE V12,1994-1995
jaguar,xjs,XJS 4.0L 2DR CONVERTIBLE,1993
jaguar,xjs,XJS 4.0L 2DR COUPE,1993
jaguar,xk,XK /XKR CONVERTIBLE,2008-2009
jaguar,xk,XK /XKR COUPE,2008-2009
jaguar,xk,XK CABRIO,2012
jaguar,xk,XK CONVERTIBLE,2013-2014
jaguar,xk,XK COUPE,2012-2014
jaguar,xk,XK COUPE/CABRIO,2010-2011
jaguar,xk,XK/XKR CONVERTIBLE,2007
jaguar,xk,XK/XKR COUPE,2007
jaguar,xk,XKR 2DR CONVERTIBLE,2000-2006
jaguar,xk,XKR 2DR COUPE,2000-2006
jaguar,xk,XKR CABRIO,2012
jaguar,xk,XKR CONVERTIBLE/XKR-S CONVERTIBLE,2013-2015
jaguar,xk,XKR COUPE/CABRIO,2010-2011
jaguar,xk,XKR COUPE/XKR-S COUPE,"2012-2013,2015"
jaguar,xk,XKR COUPE/XKR-S COUPE/XKR-S GT COUPE,2014
jaguar,xk8,XK8 2DR CONVERTIBLE,1997-2006
jaguar,xk8,XK8 2DR COUPE,1997-2002
jaguar,xk8,XK8 2DR COUPE RWD,2003-2006
jeep,cherokee,CHEROKEE 2 DR,"1981-1982,1984-1986,1988-1989"
jeep,cherokee,CHEROKEE 2 DR 4X4,1988
jeep,cherokee,CHEROKEE 2 DR WIDE WHEEL,1981-1982
jeep,cherokee,CHEROKEE 2DR 4X2,1987
jeep,cherokee,CHEROKEE 2DR 4X4,1987
jeep,cherokee,CHEROKEE 2DR SE/SPORT/COUNTRY 4X2,1994
jeep,cherokee,CHEROKEE 2DR SE/SPORT/COUNTRY 4X4,1994
jeep,cherokee,CHEROKEE 2DR/2WD 2.5L SE,1997-1999
jeep,cherokee,CHEROKEE 2DR/2WD 4.0L SE/SPORT/CLASSIC/LTD,1998
jeep,cherokee,CHEROKEE 2DR/2WD 4.0L SE/SPORT/COUNTRY,1997
jeep,cherokee,CHEROKEE 2DR/2WD 4.0L SPORT,1999
jeep,cherokee,CHEROKEE 2DR/2WD SE/SPORT/COUNTRY,1995-1996
jeep,cherokee,CHEROKEE 2DR/4WD 2.5L SE,1997-1999
jeep,cherokee,CHEROKEE 2DR/4WD 4.0L SE/SPORT/CLASSIC/LTD,1998
jeep,cherokee,CHEROKEE 2DR/4WD 4.0L SE/SPORT/COUNTRY,1997
jeep,cherokee,CHEROKEE 2DR/4WD 4.0L SPORT,1999-2001
jeep,cherokee,CHEROKEE 2DR/4WD SE/SPORT/COUNTRY,1995-1996
jeep,cherokee,CHEROKEE 4 DR,"1981-1982,1984-1985,1988"
jeep,cherokee,CHEROKEE 4 DR 4X4,"1986,1988"
jeep,cherokee,CHEROKEE 4 DR 4X4/PIONEER/LAREDO/LTD 4X4,1989
jeep,cherokee,CHEROKEE 4 DR PIONEER/LAREDO 4X2,1989
jeep,cherokee,CHEROKEE 4DR 4X2,1987
jeep,cherokee,CHEROKEE 4DR 4X4,1987
jeep,cherokee,CHEROKEE 4DR SE/SPORT/COUNTRY 4x2,1994
jeep,cherokee,CHEROKEE 4DR SE/SPORT/COUNTRY 4x4,1994
jeep,cherokee,CHEROKEE 4DR SUV,2026-2027
jeep,cherokee,CHEROKEE 4DR SUV 2WD I4,2019-2025
jeep,cherokee,CHEROKEE 4DR SUV 2WD V6,2019-2025
jeep,cherokee,CHEROKEE 4DR SUV 4WD I4,2019-2025
jeep,cherokee,CHEROKEE 4DR SUV 4WD V6,2019-2025
jeep,cherokee,CHEROKEE 4DR SUV AWD,2016-2018
jeep,cherokee,CHEROKEE 4DR SUV FWD,2016-2018
jeep,cherokee,CHEROKEE 4DR/2WD 2.5L SE,1997-1999
jeep,cherokee,CHEROKEE 4DR/2WD 4.0L SE/SPORT/CLASSIC/LTD,1998
jeep,cherokee,CHEROKEE 4DR/2WD 4.0L SE/SPORT/COUNTRY,1997
jeep,cherokee,CHEROKEE 4DR/2WD 4.0L SPORT/CLASSIC/LTD,1999
jeep,cherokee,CHEROKEE 4DR/2WD SE/SPORT/COUNTRY,1995-1996
jeep,cherokee,CHEROKEE 4DR/4WD 2.5L SE,1997-1999
jeep,cherokee,CHEROKEE 4DR/4WD 4.0L SE/SPORT/CLASSIC/LTD,1998
jeep,cherokee,CHEROKEE 4DR/4WD 4.0L SE/SPORT/COUNTRY,1997
jeep,cherokee,CHEROKEE 4DR/4WD 4.0L SPORT/CLASSIC/LTD,1999-2000
jeep,cherokee,CHEROKEE 4DR/4WD 4.0L SPORT/LTD,2001
jeep,cherokee,CHEROKEE 4DR/4WD SE/SPORT/COUNTRY,1995-1996
jeep,cherokee,CHEROKEE BASE 2DR/BASE 4DR/SPORT 2DR,1990
jeep,cherokee,CHEROKEE BASE/LAREDO/SPORT 2DR 4X4,1991
jeep,cherokee,CHEROKEE BASE/LAREDO/SPORT 4DR 4x2,1991-1993
jeep,cherokee,CHEROKEE BASE/LAREDO/SPORT 4DR 4x4,1991-1993
jeep,cherokee,CHEROKEE BASE/PIONEER/LAREDO/LIMITED 4X4,1989
jeep,cherokee,CHEROKEE BASE/PIONEER/LAREDO/LTD 4DR 4x4,1990
jeep,cherokee,CHEROKEE BASE/SPORT 2DR 4X2,1991-1993
jeep,cherokee,CHEROKEE BASE/SPORT 2DR 4X4,1992-1993
jeep,cherokee,CHEROKEE BASE/SPORT/PIONEER,1990
jeep,cherokee,CHEROKEE LAREDO/LIMITED 2DR 4x4,1990
jeep,cherokee,CHEROKEE LIMITED/BRIARWOOD 4DR 4x4,1991-1992
jeep,cherokee,CHEROKEE PIONEER 4DR/LAREDO 4DR 4x2,1990
jeep,cherokee,CHEROKEE SPORT/NORTH/LIMITED FWD,2014-2015
jeep,cherokee,CHEROKEE SPORT/NORTH/TRAILHAWK/LIMITED AWD,2014-2015
jeep,cj_5,CJ-5,1981-1982
jeep,cj_7,CJ-7,"1981-1982,1985"
jeep,cj_7,CJ-7 4X4,1986
jeep,cj_7,JEEP CJ-7,1983-1984
jeep,comanche,COMANCHE 4X2,1986
jeep,comanche,COMANCHE 4X4,1986
jeep,comanche,COMANCHE PICK UP 2WD LONG BED,1988
jeep,comanche,COMANCHE PICK UP 4X2,1987
jeep,comanche,COMANCHE PICK-UP 2WD SHORT BED,1988
jeep,comanche,COMANCHE PICK-UP 4WD LONG BED,1988-1989
jeep,comanche,COMANCHE PICK-UP 4WD SHORT BED,1988-1989
jeep,comanche,COMANCHE PICK-UP 4X4,1987
jeep,commander,COMMANDER 4DR SUV 4WD,2006
jeep,commander,COMMANDER 4DR SUV 4WD LIMITED,2006-2010
jeep,commander,COMMANDER 4DR SUV 4WD SPORT,2007-2010
jeep,compass,COMPASS 4DR SUV AWD,2016-2026
jeep,compass,COMPASS 4DR SUV AWD SPORT/NORTH/LIMITED,2010-2015
jeep,compass,COMPASS 4DR SUV FWD,2016-2026
jeep,compass,COMPASS 4DR SUV FWD SPORT/NORTH/HIGH ALTITUDE/LIMITED,2015
jeep,compass,COMPASS 4DR SUV FWD SPORT/NORTH/LIMITED,2007-2014
jeep,compass,COMPASS 4DR SUV TRAILHAWK 4X4,2018-2026
jeep,gladiator,GLADIATOR 4DR PICKUP OVERLAND,2020-2026
jeep,gladiator,GLADIATOR 4DR PICKUP RUBICON,2020-2026
jeep,gladiator,GLADIATOR 4DR PICKUP SPORT,2020-2026
jeep,grand_cherokee,GRAND CHEROKEE 4 DR SUV LAREDO 4X2,2011
jeep,grand_cherokee,GRAND CHEROKEE 4 DR SUV LAREDO 4X4,"2011,2014"
jeep,grand_cherokee,GRAND CHEROKEE 4 DR SUV LAREDO E/ LAREDO X 4X,2012-2013
jeep,grand_cherokee,GRAND CHEROKEE 4 DR SUV LIMITED 4X2/OVERLAND,2011
jeep,grand_cherokee,GRAND CHEROKEE 4 DR SUV LIMITED 4X4,2014
jeep,grand_cherokee,GRAND CHEROKEE 4 DR SUV LIMITED 4X4/OVERLAND,2011-2013
jeep,grand_cherokee,GRAND CHEROKEE 4 DR SUV OVERLAND/SUMMIT 4X4,2014
jeep,grand_cherokee,GRAND CHEROKEE 4DR SUV 4WD LAREDO,2005-2010
jeep,grand_cherokee,GRAND CHEROKEE 4DR SUV 4WD LIMITED,"2005,2010"
jeep,grand_cherokee,GRAND CHEROKEE 4DR SUV 4WD LIMITED/OVERLAND,2006-2009
jeep,grand_cherokee,GRAND CHEROKEE 4DR SUV 4WD SE/LAREDO/LTD 4.OL,1994
jeep,grand_cherokee,GRAND CHEROKEE 4DR SUV 4WD SRT8,2006-2010
jeep,grand_cherokee,GRAND CHEROKEE 4DR SUV LAREDO 4X4,2015-2021
jeep,grand_cherokee,GRAND CHEROKEE 4DR SUV LIMITED 4X4,2015-2021
jeep,grand_cherokee,GRAND CHEROKEE 4DR SUV OVERLAND/SUMMIT 4X4,2015-2021
jeep,grand_cherokee,GRAND CHEROKEE 4DR SUV SE/LAREDO 2WD,1994
jeep,grand_cherokee,GRAND CHEROKEE 4DR SUV SE/LAREDO/LTD 4WD 5.0L,1994
jeep,grand_cherokee,GRAND CHEROKEE 4DR/2WD 4.0L LAREDO,1999
jeep,grand_cherokee,GRAND CHEROKEE 4DR/2WD 4.0L LAREDO/LTD,1997
jeep,grand_cherokee,GRAND CHEROKEE 4DR/2WD 4.0L LAREDO/TSi/LTD,1998
jeep,grand_cherokee,GRAND CHEROKEE 4DR/2WD 5.2L LAREDO/TSi/LTD,1998
jeep,grand_cherokee,GRAND CHEROKEE 4DR/2WD SE/LAREDO,1995-1996
jeep,grand_cherokee,GRAND CHEROKEE 4DR/4WD 4.0L LAREDO,1999
jeep,grand_cherokee,GRAND CHEROKEE 4DR/4WD 4.0L LAREDO/LTD,"1997,2000-2001"
jeep,grand_cherokee,GRAND CHEROKEE 4DR/4WD 4.0L LAREDO/TSi/LTD,1998
jeep,grand_cherokee,GRAND CHEROKEE 4DR/4WD 4.7L LAREDO/LTD,2000-2001
jeep,grand_cherokee,GRAND CHEROKEE 4DR/4WD 4.7L LTD,1999
jeep,grand_cherokee,GRAND CHEROKEE 4DR/4WD 5.2L LAREDO/LTD/ORVIS,1997
jeep,grand_cherokee,GRAND CHEROKEE 4DR/4WD 5.2L LAREDO/TSi/LTD,1998
jeep,grand_cherokee,GRAND CHEROKEE 4DR/4WD LAREDO,2002-2004
jeep,grand_cherokee,GRAND CHEROKEE 4DR/4WD LIMITED,2004
jeep,grand_cherokee,GRAND CHEROKEE 4DR/4WD LTD,2002-2003
jeep,grand_cherokee,GRAND CHEROKEE 4DR/4WD OVERLAND,2002-2004
jeep,grand_cherokee,GRAND CHEROKEE 4DR/4WD SE/LAREDO/LTD 4.0L,1996
jeep,grand_cherokee,GRAND CHEROKEE 4DR/4WD SE/LAREDO/LTD 5.2L,1996
jeep,grand_cherokee,GRAND CHEROKEE 4DR/4WD SE/LAREDO/LTD/ORVIS 4L,1995
jeep,grand_cherokee,GRAND CHEROKEE 4DR/4WD SE/LAREDO/LTD/ORVIS 5L,1995
jeep,grand_cherokee,GRAND CHEROKEE 4DR/AWD 5.9L LTD,1998
jeep,grand_cherokee,GRAND CHEROKEE 4xe BASE 4DR SUV,2023-2026
jeep,grand_cherokee,GRAND CHEROKEE 4xe TRAILHAWK/OVERLAND/SUMMIT 4DR SUV,2023-2026
jeep,grand_cherokee,GRAND CHEROKEE OVERLAND/SUMMIT 4DR SUV 2WD,2022-2026
jeep,grand_cherokee,GRAND CHEROKEE OVERLAND/SUMMIT 4DR SUV 4WD,2023-2026
jeep,grand_cherokee,GRAND CHEROKEE OVERLAND/SUMMIT/TRAILHAWK V6 4DR SUV 4WD,2022
jeep,grand_cherokee,GRAND CHEROKEE OVERLAND/SUMMIT/TRAILHAWK V8 4DR SUV 4WD,2022
jeep,grand_cherokee,GRAND CHEROKEE SRT 4 DR SUV,2014
jeep,grand_cherokee,GRAND CHEROKEE SRT 4DR SUV,2015-2022
jeep,grand_cherokee,GRAND CHEROKEE SRT-8,2012-2013
jeep,grand_cherokee,GRAND CHEROKEE WK 4DR SUV,2022
jeep,grand_cherokee_l,GRAND CHEROKEE L 4DR SUV AWD V6,2021-2022
jeep,grand_cherokee_l,GRAND CHEROKEE L 4DR SUV AWD V8,2021-2026
jeep,grand_cherokee_l,GRAND CHEROKEE L 4DR SUV RWD,2021-2022
jeep,grand_cherokee_l,GRAND CHEROKEE L LAREDO/LIMITED 4DR SUV AWD V6,2023-2026
jeep,grand_cherokee_l,GRAND CHEROKEE L LAREDO/LIMITED 4DR SUV RWD,2023-2026
jeep,grand_cherokee_l,GRAND CHEROKEE L OVERLAND/SUMMIT 4DR SUV AWD V6,2023-2026
jeep,grand_cherokee_l,GRAND CHEROKEE L OVERLAND/SUMMIT 4DR SUV RWD,2023-2026
jeep,grand_cherokee_l,GRAND CHEROKEE LAREDO/LIMITED 4DR SUV 2WD,2022-2026
jeep,grand_cherokee_l,GRAND CHEROKEE LAREDO/LIMITED 4DR SUV 4WD,2022-2026
jeep,grand_cherokee_l,GRAND CHEROKEE/LAREDO/LIMITED 4DR 4x4,1993
jeep,grand_wagoneer,GRAND WAGONEER,1985
jeep,grand_wagoneer,GRAND WAGONEER 4 DR,1983-1984
jeep,grand_wagoneer,GRAND WAGONEER 4DR 4x4,"1990-1991,1993"
jeep,grand_wagoneer,GRAND WAGONEER 4DR SUV 4WD,"1994,2022-2026"
jeep,grand_wagoneer,GRAND WAGONEER 4X4,1986-1987
jeep,grand_wagoneer,GRAND WAGONEER 4X4 4DR,1988-1989
jeep,grand_wagoneer_l,GRAND WAGONEER L 4DR SUV 4WD,2023-2026
jeep,j_10,J-10 LONG WB,1981-1982
jeep,j_10,J-10 PICK-UP,1985
jeep,j_10,J-10 PICK-UP 4X4,1986
jeep,j_10,J-10 SHORT WB,1981-1982
jeep,j_10,J-10 SPORT SIDE,1981
jeep,j_10,J-10 SPORTSIDE,1982
jeep,j_10,J10 LONG BOX,1983-1984
jeep,j_10,J10 SHORT BOX,1983-1984
jeep,j_20,J-20 LONG WB,1981
jeep,liberty,LIBERTY 4DR SUV 4WD SPORT/LIMITED,2007
jeep,liberty,LIBERTY 4DR SUV 4WD SPORT/NORTH EDITION/LIMIT,2008-2012
jeep,liberty,LIBERTY 4DR/RWD SPORT/LIMITED,2002
jeep,liberty,LIBERTY LIMITED/RENEGADE 4DR SUV 4WD,2003-2005
jeep,liberty,LIBERTY SPORT 4DR SUV 4WD,2003-2005
jeep,liberty,LIBERTY SPORT/LIMITED/RENEGADE 4DR SUV 4WD,2006
jeep,patriot,PATRIOT 4DR SUV AWD,2016-2017
jeep,patriot,PATRIOT 4DR SUV AWD SPORT/NORTH/LIMITED,2010-2015
jeep,patriot,PATRIOT 4DR SUV FWD,2016-2017
jeep,patriot,PATRIOT 4DR SUV FWD SPORT/LIMITED,2007
jeep,patriot,PATRIOT 4DR SUV FWD SPORT/NORTH/LIMITED,2008-2014
jeep,patriot,PATRIOT 4DR SUV FWD SPORT/NORTH/LIMITED/ HIGH ALTITUDE,2015
jeep,recon,RECON BEV 4DR SUV,2026-2027
jeep,renegade,RENEGADE 2.5L 4DR SUV 4WD,"2020,2022-2024"
jeep,renegade,RENEGADE 2.5L 4WD SUV FWD,"2020,2022-2024"
jeep,renegade,RENEGADE SPORT/LATITUDE/LIMITED 4X4,"2015-2019,2021"
jeep,renegade,RENEGADE SPORT/LATITUDE/LIMITED FWD,"2015-2019,2021"
jeep,renegade,RENEGADE TRAILHAWK 4X4,2015-2024
jeep,renegade,YJ RENEGADE,1991-1993
jeep,renegade,YJ SE/SPORT/SAHARA/RENEGADE SOFTTOP 2DR SUV,1994-1995
jeep,wagoneer,WAGONEER,1981-1982
jeep,wagoneer,WAGONEER 4 DR,1984-1985
jeep,wagoneer,WAGONEER 4 DR 4X4,1986
jeep,wagoneer,WAGONEER 4DR SUV 2WD,2022-2026
jeep,wagoneer,WAGONEER 4DR SUV 4WD,2022-2026
jeep,wagoneer,WAGONEER 4X4 4 DR,1987-1988
jeep,wagoneer,WAGONEER 4X4 4 DR LIMITED,1989
jeep,wagoneer_l,WAGONEER L 4DR SUV 2WD,2023-2026
jeep,wagoneer_l,WAGONEER L 4DR SUV 4WD,2023-2026
jeep,wagoneer_l,WAGONEER LIMITED 4DR 4x4,1990
jeep,wagoneer_s,WAGONEER S BEV 4DR SUV,2025-2026
jeep,wrangler,WRANGLER 2DR SUV 4WD RUBICON,"2007,2010-2017"
jeep,wrangler,WRANGLER 2DR SUV 4WD SAHARA,"2007,2010-2017"
jeep,wrangler,WRANGLER 2DR SUV 4WD SPORT,2010-2011
jeep,wrangler,WRANGLER 2DR SUV 4WD SPORT/SPORT S,2012-2015
jeep,wrangler,WRANGLER 2DR SUV 4WD SPORT/WILLYS WHEELER,2016-2017
jeep,wrangler,WRANGLER 2DR SUV 4WD X,2007
jeep,wrangler,WRANGLER 2DR SUV 4WD X/SAHARA/RUBICON,2008-2009
jeep,wrangler,WRANGLER 4xe / SAHARA 4xe 4DR SUV,2021-2026
jeep,wrangler,WRANGLER JL 2.0L RUBICON 2DR SUV,2019-2026
jeep,wrangler,WRANGLER JL 2.0L RUBICON 4DR SUV,2019-2026
jeep,wrangler,WRANGLER JL 2.0L SAHARA 4DR SUV,2019-2026
jeep,wrangler,WRANGLER JL 2.0L SPORT 2DR SUV,2019-2026
jeep,wrangler,WRANGLER JL 2.0L SPORT 4DR SUV,2019-2026
jeep,wrangler,WRANGLER JL 3.6L RUBICON 2DR SUV,2018-2026
jeep,wrangler,WRANGLER JL 3.6L RUBICON 4DR SUV,2018-2026
jeep,wrangler,WRANGLER JL 3.6L SAHARA 4DR SUV,2018-2026
jeep,wrangler,WRANGLER JL 3.6L SPORT 2DR SUV,2018-2026
jeep,wrangler,WRANGLER JL 3.6L SPORT 4DR SUV,2018-2026
jeep,wrangler,WRANGLER Rubicon 4xe 4DR SUV,2021-2026
jeep,wrangler,WRANGLER UNLIMITED 4DR SUV 4WD RUBICON,2010-2017
jeep,wrangler,WRANGLER UNLIMITED 4DR SUV 4WD SAHARA,2010-2017
jeep,wrangler,WRANGLER UNLIMITED 4DR SUV 4WD SAHARA/RUBICON,2007
jeep,wrangler,WRANGLER UNLIMITED 4DR SUV 4WD SPORT,2010-2012
jeep,wrangler,WRANGLER UNLIMITED 4DR SUV 4WD SPORT S,2013-2015
jeep,wrangler,WRANGLER UNLIMITED 4DR SUV 4WD SPORT/WILLYS WHEELER,2016-2017
jeep,wrangler,WRANGLER UNLIMITED 4DR SUV 4WD X,2007
jeep,wrangler,WRANGLER UNLIMITED X/SAHARA/RUBICON 4DR SUV 4,2008-2009
jeep,wrangler_jk,WRANGLER JK 2DR SUV 4WD RUBICON,2018
jeep,wrangler_jk,WRANGLER JK 2DR SUV 4WD SAHARA,2018
jeep,wrangler_jk,WRANGLER JK 2DR SUV 4WD SPORT/WILLYS WHEELER,2018
jeep,wrangler_jk,WRANGLER JK UNLIMITED 4DR SUV 4WD RUBICON,2018
jeep,wrangler_jk,WRANGLER JK UNLIMITED 4DR SUV 4WD SAHARA,2018
jeep,wrangler_jk,WRANGLER JK UNLIMITED 4DR SUV 4WD SPORT/WILLYS WHEELER,2018
kia,amanti,AMANTI 4DR SEDAN FWD,"2004-2006,2008-2009"
kia,amanti,AMANTI 4DR SEDAN FWD /BASE,2007
kia,amanti,AMANTI 4DR SEDAN FWD /LUXURY,2007
kia,borrego,BORREGO 4DR SUV 4WD LX-V6,2010
kia,borrego,BORREGO 4DR SUV 4WD LX-V6/EX-V6 LUXURY,2011
kia,borrego,BORREGO 4DR SUV 4WD LX-V6/LX-V8,2009
kia,borrego,BORREGO 4DR SUV 4WD LX-V8,2010
kia,borrego,BORREGO 4DR SUV 4WD LX-V8/EX-V8 LUXURY,2011
kia,cadenza,CADENZA /PREMIUM 4DR SEDAN,2015-2016
kia,cadenza,CADENZA 4DR SEDAN,2014
kia,cadenza,CADENZA 4DR SEDAN BASE/PREMIUM,2017-2018
kia,cadenza,CADENZA 4DR SEDAN LIMITED,2017-2020
kia,cadenza,CADENZA 4DR SEDAN PREMIUM,2019-2020
kia,carnival,CARNIVAL HEV MINIVAN,2025-2026
kia,carnival,CARNIVAL MINIVAN,2022-2026
kia,ev6,EV6 AWD 4DR HATCH,2022-2026
kia,ev6,EV6 RWD 4DR HATCH,2022-2026
kia,ev6,EV6 RWD LONG RANGE 4DR HATCH,2022
kia,ev6,EV6 RWD LR 4DR HATCH,2023-2026
kia,ev9,EV9 4DR SUV AWD,2024-2026
kia,ev9,EV9 4DR SUV RWD,2024-2026
kia,forte,FORTE 4DR SEDAN,2016-2024
kia,forte,FORTE 4DR SEDAN EX/SX,2014
kia,forte,FORTE 4DR SEDAN LX,2014
kia,forte,FORTE 4DR SEDAN LX/EX,2010-2013
kia,forte,FORTE 4DR SEDAN SX,2010-2011
kia,forte,FORTE 4DR SEDAN SX/SX LUXURY,2012-2013
kia,forte,FORTE EX/SX 4DR SEDAN,2015
kia,forte,FORTE GT 4DR SEDAN,2020-2024
kia,forte,FORTE LX 4DR SEDAN,2015-2018
kia,forte,FORTE5 4 DR HATCHBACK EX,2014
kia,forte,FORTE5 4 DR HATCHBACK LX/EX,2011-2013
kia,forte,FORTE5 4 DR HATCHBACK SX,"2011,2014"
kia,forte,FORTE5 4 DR HATCHBACK SX/SX LUXURY,2012-2013
kia,forte,FORTE5 5DR HATCH,2019
kia,forte,FORTE5 EX 5DR HATCH,2020-2024
kia,forte,FORTE5 GT 5DR HATCH,2020-2024
kia,forte,FORTE5 LX/EX 4DR HATCHBACK,2015
kia,forte,FORTE5 LX/EX 5DR HATCHBACK,2016-2018
kia,forte,FORTE5 SX/SX LUXURY 4DR HATCHBACK,2015
kia,forte,FORTE5 SX/SX LUXURY 5DR HATCHBACK,2016-2018
kia,forte_koup,FORTE KOUP EX 2DR COUPE,2010-2013
kia,forte_koup,FORTE KOUP SX 2DR COUPE,2010-2011
kia,forte_koup,FORTE KOUP SX 2DR COUPE /SX LUXURY,2012-2013
kia,forte_koup,FORTE KOUPE EX,2014
kia,forte_koup,FORTE KOUPE EX 2DR COUPE,2015-2018
kia,forte_koup,FORTE KOUPE SX,2014
kia,forte_koup,FORTE KOUPE SX/SX LUXURY 2DR COUPE,2015-2018
kia,k4,K4 4DR SEDAN,2025-2026
kia,k4,K4 HATCH,2026-2027
kia,k5,K5 EX / GT-LINE 4DR SEDAN,2021-2025
kia,k5,K5 GT 4DR SEDAN,2021-2025
kia,k5,K5 LX 4DR SEDAN,2021-2025
kia,k900,K900 V6 4DR SEDAN,2015-2018
kia,k900,K900 V8 ELITE 4DR SEDAN,2015-2018
kia,niro,NIRO,2017
kia,niro,NIRO 4DR SUV HYBRID,2018-2022
kia,niro,NIRO EV,2023-2026
kia,niro,NIRO EV 4DR SUV,2020-2022
kia,niro,NIRO HYBRID,2023-2026
kia,niro,NIRO PHEV,2023-2026
kia,niro,NIRO PHEV 4DR SUV HYBRID,2019-2022
kia,optima,OPTIMA 4DR SEDAN EX TURBO/SX,2013
kia,optima,OPTIMA 4DR SEDAN HYBRID/HYBRID PREMIUM,2012-2014
kia,optima,OPTIMA 4DR SEDAN LX/EX/EX LUXURY,2012-2013
kia,optima,OPTIMA 4DR SEDAN LX/EX/SX,2014
kia,optima,OPTIMA 4DR SEDAN SX,2012
kia,optima,OPTIMA 4DR SEDAN SX TURBO,2014
kia,optima,OPTIMA HYBRID 4DR SEDAN,2017-2020
kia,optima,OPTIMA HYBRID LX/EX/EX PREMIUM 4DR SEDAN,2015
kia,optima,OPTIMA LX/EX/SX 4DR SEDAN,2015
kia,optima,OPTIMA LX/LX+/EX/EX TECH 4DR SEDAN,2019-2020
kia,optima,OPTIMA LX/LX+/EX/LX ECO TURBO 4DR SEDAN,2016-2018
kia,optima,OPTIMA PHEV 4DR SEDAN,2017-2020
kia,optima,OPTIMA SX TURBO 4DR SEDAN,2015
kia,optima,OPTIMA SX/SXL 4DR SEDAN,2016-2020
kia,rio,RIO 4DR HATCH FWD /RX-V/RX-V CONV,2004-2005
kia,rio,RIO 4DR SEDAN,2016-2022
kia,rio,RIO 4DR SEDAN FWD,2006
kia,rio,RIO 4DR SEDAN FWD /S/RS/LS,2004-2005
kia,rio,RIO 4DR SEDAN FWD EX/EX CONVENIENCE,2008-2011
kia,rio,RIO 4DR SEDAN FWD EX/EX CONVENIENCE/EX PREMIU,2007
kia,rio,RIO 4DR SEDAN FWD LX/EX/SX,2014-2015
kia,rio,RIO 4DR SEDAN FWD LX/LX+/EX/EX LUXURY,2012
kia,rio,RIO 4DR SEDAN FWD LX/LX+/EX/SX,2013
kia,rio,RIO 4DR SEDAN S/RS/LS,2001-2002
kia,rio,RIO 4DR SEDAN S/RS/LS AT,2003
kia,rio,RIO 5DR HATCH,2018-2024
kia,rio,RIO 5DR HATCHBACK,2016-2017
kia,rio,RIO 5DR HATCHBACK FWD LX/EX/SX,2014-2015
kia,rio,RIO 5DR HATCHBACK FWD LX/LX+/EX/EX LUXURY,2012
kia,rio,RIO 5DR HATCHBACK FWD LX/LX+/EX/SX,2013
kia,rio,RIO RX-V/RX-V CONV 4DR HATCH FWD,2003
kia,rio,RIO RX-V/RX-V SPORT 4DR HATCH FWD,2002
kia,rio,RIO5 4DR HATCH FWD,2006
kia,rio,RIO5 4DR HATCH FWD EX/EX CONVENIENCE/EX SPORT,2007-2011
kia,rondo,RONDO 4DR WAGON FWD EX-V6/EX-V6 LUXURY,2007-2013
kia,rondo,RONDO 4DR WAGON FWD LX/EX/EX PREMIUM,2007-2013
kia,rondo,RONDO LX - 5 PASSENGER,2014-2018
kia,rondo,RONDO LX/EX/EX LUXURY - 7 PASSENGER,2014-2018
kia,sedona,SEDONA 5DR VAN FWD /LX/LXE/EX/EX LUXURY,2004-2005
kia,sedona,SEDONA 5DR VAN FWD EX,2006-2010
kia,sedona,SEDONA 5DR VAN FWD LX,2006-2013
kia,sedona,SEDONA 5DR VAN FWD LX-CONVENIENCE/EX,2011-2013
kia,sedona,SEDONA 5DR VAN FWD LX/LX-CONVENIENCE/EX/EX CO,2014
kia,sedona,SEDONA EX 5DR VAN FWD,2002-2003
kia,sedona,SEDONA L 5DR VAN FWD,2019-2021
kia,sedona,SEDONA L/LX/SX 5DR VAN FWD,2015-2018
kia,sedona,SEDONA LX 5DR VAN FWD,2002-2003
kia,sedona,SEDONA LX/SX 5DR VAN FWD,2019-2021
kia,sedona,SEDONA SXL 5DR VAN FWD,2015-2021
kia,seltos,SELTOS AWD 4DR SUV,2021-2026
kia,seltos,SELTOS AWD TURBO 4DR SUV,2021-2026
kia,seltos,SELTOS FWD 4DR SUV,2021-2026
kia,sephia,SEPHIA 4DR SEDAN BASE/LS,2000
kia,sephia,SEPHIA 4DR SEDAN L/LS,2001
kia,sorento,SORENTO 2.4L AWD,2019-2020
kia,sorento,SORENTO 2.5L SUV,2021-2026
kia,sorento,SORENTO 2.5L TURBO SUV,2021-2026
kia,sorento,SORENTO 4DR SUV 4WD /LX,2004-2006
kia,sorento,SORENTO 4DR SUV 4WD EX/EX LUXURY,2004-2006
kia,sorento,SORENTO 4DR SUV 4WD LX LUXURY,2007
kia,sorento,SORENTO 4DR SUV 4WD LX/LX LUXURY,2008-2009
kia,sorento,SORENTO EX/EX Luxury 4DR SUV 4WD,2003
kia,sorento,SORENTO EX/LIMITED AWD,2016-2018
kia,sorento,SORENTO EX/LIMITED FWD,2016-2018
kia,sorento,SORENTO HYBRID SUV,2022-2026
kia,sorento,SORENTO L/LX FWD,2016-2018
kia,sorento,SORENTO LX  4DR SUV 4WD,2003
kia,sorento,SORENTO LX 4DR SUV AWD,2014-2015
kia,sorento,SORENTO LX 4DR SUV FWD,2013-2015
kia,sorento,SORENTO LX AWD,2016-2018
kia,sorento,SORENTO LX FWD,2019
kia,sorento,SORENTO LX-V6 4DR SUV FWD,2013-2015
kia,sorento,SORENTO LX-V6/EX-V6/EX-V6LUXURY/SX 4DR SUV AW,2013-2015
kia,sorento,SORENTO LX/EX 4DR SUV AWD,2011-2013
kia,sorento,SORENTO LX/EX 4DR SUV FWD,2011-2012
kia,sorento,SORENTO V6 AWD,2016-2020
kia,sorento,SORENTO V6 FWD,2016-2018
kia,soul,SOUL 1.6L,2010-2013
kia,soul,SOUL 2.0L,2010-2011
kia,soul,SOUL 2.0L 2U/4U/4U LUXURY,2013
kia,soul,SOUL 2.0L 2U/4U/4U RETRO/4U BURNER/4U LUXURY,2012
kia,soul,SOUL 5DR HATCH,2020-2025
kia,soul,SOUL EV,2016-2019
kia,soul,SOUL EV LIMITED 5DR HATCH,2020-2025
kia,soul,SOUL EV PREMIUM 5DR HATCH,2020-2025
kia,soul,SOUL EV/EV LUXURY,2015
kia,soul,SOUL EX,2019
kia,soul,SOUL EX/SX,2014-2018
kia,soul,SOUL LX,2014-2019
kia,soul,SOUL SX,2019
kia,spectra,SPECTRA 4DR SEDAN FWD,2002-2004
kia,spectra,SPECTRA 4DR SEDAN FWD /LX,2005-2007
kia,spectra,SPECTRA 4DR SEDAN FWD /LX CONV/EX,2006
kia,spectra,SPECTRA 4DR SEDAN FWD /LX CONV/LX PREMIUM,2007
kia,spectra,SPECTRA 4DR SEDAN FWD LX,2008-2009
kia,spectra,SPECTRA 4DR SEDAN FWD LX CONV/LX PREMIUM,2008-2009
kia,spectra,SPECTRA GSX 4DR HATCH FWD,2002-2004
kia,spectra,SPECTRA LS 4DR SEDAN FWD,2002
kia,spectra,SPECTRA RS/LS 4DR SEDAN FWD,2003-2004
kia,spectra,SPECTRA5 4DR HATCH FWD /LX/LX CONVENIENCE,2007
kia,spectra,SPECTRA5 4DR HATCH FWD LX/LX CONV/SX,2008-2009
kia,spectra,SPECTRA5 5DR HATCH FWD,2005-2006
kia,sportage,SPORTAGE 4 DR SUV LX AWD/EX AWD/EX LUXURY,2013-2014
kia,sportage,SPORTAGE 4 DR SUV LX/EX FWD,2013-2014
kia,sportage,SPORTAGE 4 DR SUV LX/LX AWD/EX/ EX AWD/EX LUX,2011-2012
kia,sportage,SPORTAGE 4 DR SUV SX,2012-2014
kia,sportage,SPORTAGE 4DR 4WD X/EX,2001-2002
kia,sportage,SPORTAGE 4DR AWD BASE/EX,2000
kia,sportage,SPORTAGE 4DR SUV AWD EX-V6,2005
kia,sportage,SPORTAGE 4DR SUV AWD LX-V6 LUXURY,2006-2010
kia,sportage,SPORTAGE 4DR SUV FWD LX,2006-2010
kia,sportage,SPORTAGE 4DR SUV FWD LX-V6,2006-2010
kia,sportage,SPORTAGE 4DR SUV FWD LX/LX-V6,2005
kia,sportage,SPORTAGE 4DR SUV LX AWD/EX AWD/EX LUXURY,2015-2016
kia,sportage,SPORTAGE 4DR SUV LX/EX FWD,2015-2016
kia,sportage,SPORTAGE 4DR SUV SX,2015-2016
kia,sportage,SPORTAGE AWD 4DR SUV,2017-2027
kia,sportage,SPORTAGE AWD TURBO 4DR SUV,2017-2022
kia,sportage,SPORTAGE FWD 4DR SUV,2017-2027
kia,stinger,STINGER 2.0L 4DR SEDAN,2019
kia,stinger,STINGER 4DR SEDAN,2018
kia,stinger,STINGER V6 4DR SEDAN,2019-2023
kia,telluride,TELLURIDE 4DR SUV,2020-2026
lamborghini,aventador,AVENTADOR COUPE,2017-2023
lamborghini,aventador,AVENTADOR LP700-4,2012-2013
lamborghini,aventador,AVENTADOR LP700-4 COUPE,2014-2016
lamborghini,aventador,AVENTADOR LP700-4 ROADSTER,2014-2016
lamborghini,aventador,AVENTADOR ROADSTER,2017-2023
lamborghini,diablo,DIABLO COUPE,1991-1995
lamborghini,diablo,DIABLO COUPE SE,1996
lamborghini,diablo,DIABLO COUPE VT AWD,1996
lamborghini,diablo,DIABLO VT 2DR COUPE AWD,1997-1998
lamborghini,diablo,DIABLO VT 2DR COUPE SV/VT AWD,1999-2001
lamborghini,diablo,DIABLO VT 2DR ROADSTER AWD,1997-1998
lamborghini,diablo,DIABLO VT 2DR ROADSTER SV/VT AWD,1999-2001
lamborghini,gallardo,GALLARDO 2DR COUPE AWD,2004-2014
lamborghini,gallardo,GALLARDO SPYDER 2DR CONV AWD,2006-2014
lamborghini,gallardo,GALLARDO SUPERLEGGERA 2DR COUPE AWD,2008-2012
lamborghini,huracan,HURACAN 2DR COUPE AWD,2017-2026
lamborghini,huracan,HURACAN 2DR COUPE RWD,2017-2026
lamborghini,huracan,HURACAN 2DR SPYDER AWD,2017-2026
lamborghini,huracan,HURACAN 2DR SPYDER RWD,2017-2026
lamborghini,huracan,HURACAN LP 610-4 2DR COUPE AWD,2015-2016
lamborghini,murcielago,MURCIELAGO  2DR CIYOE AWD,2002-2003
lamborghini,murcielago,MURCIELAGO  2DR CONVERTIBLE AWD,2005-2006
lamborghini,murcielago,MURCIELAGO  2DR COUPE AWD,2004-2006
lamborghini,murcielago,MURCIELAGO LP640 2DR COUPE AWD,2007-2009
lamborghini,murcielago,MURCIELAGO LP640 ROADSTER 2DR CONVERTIBLE AWD,2007-2009
lamborghini,murcielago,MURCIELAGO LP650 2DR COUPE AWD,2010-2011
lamborghini,murcielago,MURCIELAGO LP650 ROADSTER 2DR CONVERTIBLE AWD,2010-2011
lamborghini,murcielago,MURCIELAGO LP670 SUPERVELOCE 2DR COUPE AWD,2010-2011
lamborghini,revuelto,REVUELTO COUPE,2024-2026
lamborghini,temerario,TEMERARIO COUPE,2025-2026
lamborghini,urus,URUS 4DR SUV,2018-2026
land_rover,defender,DEFENDER 110 4DR 4x4,1993-1994
land_rover,defender,DEFENDER 110 5 SEAT,2020
land_rover,defender,DEFENDER 110 5 SEAT 4DR SUV,2021-2026
land_rover,defender,DEFENDER 110 5+2 SEAT,2020
land_rover,defender,DEFENDER 110 5+2 SEAT 4DR SUV,2021-2026
land_rover,defender,DEFENDER 130 4DR SUV,2023-2026
land_rover,defender,DEFENDER 90,2020
land_rover,defender,DEFENDER 90 2DR 4X4,1997
land_rover,defender,DEFENDER 90 2DR SUV,1994
land_rover,defender,DEFENDER 90 4DR SUV,2021-2026
land_rover,discovery,DISCOVERY,2017-2020
land_rover,discovery,DISCOVERY 4DR SUV,2021-2026
land_rover,discovery,DISCOVERY 4DR SUV 4X4,1995-1998
land_rover,discovery,DISCOVERY MHEV 4DR SUV,2024-2026
land_rover,discovery,DISCOVERY S/SE/HSE 4DR SUV 4WD,2003-2004
land_rover,discovery,DISCOVERY SERIES I 4DR SUV 4X4,1999
land_rover,discovery,DISCOVERY SERIES II 4DR SUV 4X4,1999-2000
land_rover,discovery,DISCOVERY SERIES II 4DR SUV 4X4 SD/LE/SE,2001-2002
land_rover,discovery_sport,DISCOVERY SPORT,2015-2019
land_rover,discovery_sport,DISCOVERY SPORT 5 SEAT,"2020,2023-2026"
land_rover,discovery_sport,DISCOVERY SPORT 5 SEAT 4DR SUV,2021-2022
land_rover,discovery_sport,DISCOVERY SPORT 7 SEAT,"2020,2023-2026"
land_rover,discovery_sport,DISCOVERY SPORT 7 SEAT 4DR SUV,2021-2022
land_rover,freelander,FREELANDER S/SE/HSE 4DR SUV AWD,2002-2005
land_rover,freelander,FREELANDER SE3 2DR SUV AWD,2003-2005
land_rover,lr2,LR2 4DR SUV,2016-2017
land_rover,lr2,LR2 4DR SUV 4WD HSE,2010-2011
land_rover,lr2,LR2 4DR SUV 4WD HSE/HSE LUX,2012
land_rover,lr2,LR2 4DR SUV 4WD SE/HSE,2008-2009
land_rover,lr2,LR2 4DR SUV 4WD SE/HSE/HSE LUX,2013-2015
land_rover,lr2,LR2 4DR SUV AWD,2007
land_rover,lr3,LR3 4DR SUV 4WD,2006
land_rover,lr3,LR3 4DR SUV 4WD SE/HSE,2005-2006
land_rover,lr3,LR3 4DR SUV 4WD V6 SE,2007-2009
land_rover,lr3,LR3 4DR SUV 4WD V8 SE/HSE,2007
land_rover,lr3,LR3 4DR SUV 4WD V8 SE/V8 HSE,2008-2009
land_rover,lr4,LR4 4DR SUV,2016-2017
land_rover,lr4,LR4 4DR SUV 4WD /HSE/HSE LUX,2013-2014
land_rover,lr4,LR4 4DR SUV 4WD /HSE/HSE LUXURY,2015
land_rover,lr4,LR4 4DR SUV 4WD HSE / HSE LUX,2010-2011
land_rover,lr4,LR4 4DR SUV 4WD HSE/HSE LUX,2012
land_rover,range_rover,RANGE ROVER 4.0 SE 4DR SUV 4X4,1996-2000
land_rover,range_rover,RANGE ROVER 4.6 HSE 4DR SUV 4X4,1996-2005
land_rover,range_rover,RANGE ROVER 4.6 SE 4DR SUV 4X4,2001
land_rover,range_rover,RANGE ROVER 4DR COUNTY 4X4,1994
land_rover,range_rover,RANGE ROVER 4DR COUNTY CLASSIC 4X4,1995
land_rover,range_rover,RANGE ROVER 4DR COUNTY LWB 4X4,1995
land_rover,range_rover,RANGE ROVER 4DR LWB 4X4,1994
land_rover,range_rover,RANGE ROVER 4DR SUV EWB,2022-2026
land_rover,range_rover,RANGE ROVER 4DR SUV EWB 7 SEAT,2024-2026
land_rover,range_rover,RANGE ROVER 4DR SUV SWB,2022-2026
land_rover,range_rover,RANGE ROVER HSE 4DR SUV 4WD,2007-2012
land_rover,range_rover,RANGE ROVER HSE 4DR SUV 4X4,2006
land_rover,range_rover,RANGE ROVER LWB 4DR 4x4,1993
land_rover,range_rover,RANGE ROVER LWB 4DR SUV,2016-2022
land_rover,range_rover,RANGE ROVER LWB SUPERCHARGED/AUTOBIOGRAPHY4DR,2014
land_rover,range_rover,RANGE ROVER LWB SUPERCHARGED/AUTOBIOGRAPHY4DR SUV,2015
land_rover,range_rover,RANGE ROVER MHEV VELAR 4DR SUV,2024-2026
land_rover,range_rover,RANGE ROVER SE 4DR SUV 4X4,1995
land_rover,range_rover,RANGE ROVER SUPERCHARGED 4DR SUV 4WD,2007-2012
land_rover,range_rover,RANGE ROVER SUPERCHARGED 4DR SUV 4X4,2006
land_rover,range_rover,RANGE ROVER SUPERCHARGED/AUTOBIOGRAPHY4DR SUV,2013
land_rover,range_rover,RANGE ROVER SWB 2.0L PHEV 4DR SUV,2020-2021
land_rover,range_rover,RANGE ROVER SWB 3.0L 4DR SUV,2020-2021
land_rover,range_rover,RANGE ROVER SWB 4DR SUV,2016-2021
land_rover,range_rover,RANGE ROVER SWB 5.0L V8 4DR SUV,2020-2021
land_rover,range_rover,RANGE ROVER SWB HSE/SUPERCHARGED/AUTOBIOGRAPHY4DR SUV,2015
land_rover,range_rover,RANGE ROVER SWB SUPERCHARGED/AUTOBIOGRAPHY4DR,2014
land_rover,range_rover,RANGE ROVER/COUNTY,1991-1993
land_rover,range_rover_evoque,RANGE ROVER EVOQUE 4DR SUV,2016-2026
land_rover,range_rover_evoque,RANGE ROVER EVOQUE 4DR SUV PURE/DYNAMIC/PREMI,2013
land_rover,range_rover_evoque,RANGE ROVER EVOQUE 4DR SUV PURE/PRESTIGE/DYNA,2014
land_rover,range_rover_evoque,RANGE ROVER EVOQUE 4DR SUV PURE/PRESTIGE/DYNAMIC/AUTOBIOGRAPHY,2015
land_rover,range_rover_evoque,RANGE ROVER EVOQUE 5DR PURE/DYNAMIC/PREMIUM,2012
land_rover,range_rover_evoque,RANGE ROVER EVOQUE CONVERTIBLE,2017-2018
land_rover,range_rover_evoque,RANGE ROVER EVOQUE COUPE 3DR PURE/DYNAMIC/PRE,2012
land_rover,range_rover_evoque,RANGE ROVER EVOQUE COUPE 3DR SUV,2016
land_rover,range_rover_evoque,RANGE ROVER EVOQUE COUPE 3DR SUV PURE/DYNAMIC,2013
land_rover,range_rover_evoque,RANGE ROVER EVOQUE COUPE 3DR SUV PURE/PRESTIG,2014
land_rover,range_rover_evoque,RANGE ROVER EVOQUE COUPE 3DR SUV PURE/PRESTIGE/DYNAMIC/AUTOBIOGRAPHY,2015
land_rover,range_rover_sport,RANGE ROVER SPORT,2005-2006
land_rover,range_rover_sport,RANGE ROVER SPORT 2.0L PHEV,2020-2022
land_rover,range_rover_sport,RANGE ROVER SPORT 3.0L DIESEL,2020-2022
land_rover,range_rover_sport,RANGE ROVER SPORT 3.0L GAS,2020-2022
land_rover,range_rover_sport,RANGE ROVER SPORT 4DR SUV,2024-2026
land_rover,range_rover_sport,RANGE ROVER SPORT 4DR SUV 4WD,2007-2013
land_rover,range_rover_sport,RANGE ROVER SPORT 5.0L V8,2020-2022
land_rover,range_rover_sport,RANGE ROVER SPORT MHEV 4DR SUV,2023
land_rover,range_rover_sport,RANGE ROVER SPORT PHEV 4DR SUV,2023
land_rover,range_rover_sport,RANGE ROVER SPORT SE/HSE,2014-2019
land_rover,range_rover_sport,RANGE ROVER SPORT SUPERCHARGED 4DR SUV 4WD,2010-2012
land_rover,range_rover_sport,RANGE ROVER SPORT SUPERCHARGED 4DR SUV 4WD /A,2013
land_rover,range_rover_sport,RANGE ROVER SPORT SUPERCHARGED/AUTOBIOGRAPHY,2014-2019
land_rover,range_rover_velar,RANGE ROVER VELAR 4DR SUV,2018-2026
lexus,ct,CT200h 4 DR HATCHBACK,2011
lexus,ct,CT200h 4 DR HATCHBACK/F-SPORT,2012-2014
lexus,ct,CT200h 4DR HATCHBACK/F-SPORT,2015-2017
lexus,es,ES 300 4DR SEDAN,1992-2003
lexus,es,ES 330 4DR SEDAN FWD,2004-2006
lexus,es,ES 350 4DR SEDAN FWD,2007-2012
lexus,es,ES 350e 4DR SEDAN,2026-2027
lexus,es,ES 350h 4DR SEDAN,2026-2027
lexus,es,ES 500e 4DR SEDAN,2026-2027
lexus,es,ES250 4DR SEDAN,1990-1991
lexus,es,ES250 4DR SEDAN AWD,2021-2025
lexus,es,ES300h HYBRID 4DR SEDAN,2013-2025
lexus,es,ES350 4DR SEDAN,2013-2025
lexus,gs,GS 300 4DR SEDAN,1994-2003
lexus,gs,GS 300 4DR SEDAN AWD,2006
lexus,gs,GS 300 4DR SEDAN RWD,2004-2006
lexus,gs,GS 350 4DR SEDAN AWD,"2007,2010-2012"
lexus,gs,GS 350 4DR SEDAN RWD,"2007-2010,2013-2014"
lexus,gs,GS 350 AWD 4DR SEDAN,2013-2020
lexus,gs,GS 400 4DR SEDAN,1998-2000
lexus,gs,GS 430 4DR SEDAN,2001-2003
lexus,gs,GS 430 4DR SEDAN RWD,2004-2007
lexus,gs,GS 450h 4DR SEDAN HYBRID,2013-2018
lexus,gs,GS 450h 4DR SEDAN RWD,2007-2012
lexus,gs,GS 460 4DR SEDAN RWD,2008-2010
lexus,gs,GS F 4DR SEDAN,2018-2022
lexus,gs,GS300 4DR SEDAN,1993
lexus,gs,GSH HYBRID 4DR SEDAN RWD,2009
lexus,gx,GX 460 4DR SUV 4WD,2014-2024
lexus,gx,GX 470 4DR SUV AWD,2004-2009
lexus,gx,GX 550 4DR SUV,2024-2026
lexus,gx,GX460 4DR SUV EXECUTIVE/ULTRA PREMIUM,2013
lexus,gx,GX460 4DR SUV PREMIUM / ULTRA PREM,2010-2012
lexus,hs,HS250h HYBRID 4DR SEDAN,2010-2011
lexus,is,IS 200t RWD SEDAN,2016-2017
lexus,is,IS 250 4DR SEDAN AWD,2006-2013
lexus,is,IS 250 4DR SEDAN RWD,2006-2013
lexus,is,IS 250/350 AWD SEDAN,2014-2015
lexus,is,IS 250/350 RWD SEDAN,2014-2015
lexus,is,IS 300 4DR SEDAN,2001-2005
lexus,is,IS 300 4DR SEDAN RWD,2021-2025
lexus,is,IS 300 RWD SEDAN,2018-2020
lexus,is,IS 300 SPORTCROSS 5DR WAGON RWD,2002-2005
lexus,is,IS 300/350 4DR SEDAN AWD,2021-2025
lexus,is,IS 300/350 AWD SEDAN,2016-2020
lexus,is,IS 350 4DR SEDAN AWD,"2011-2013,2026-2027"
lexus,is,IS 350 4DR SEDAN RWD,2006-2013
lexus,is,IS 500 4DR SEDAN RWD,2022-2025
lexus,is,IS-C 250/350 2DR CONV RWD,2010-2015
lexus,is,IS-F 4DR SEDAN RWD,2008-2014
lexus,lc,LC 500 2DR CONVERTIBLE,2021-2026
lexus,lc,LC 500 2DR COUPE,2018-2026
lexus,lc,LC 500h 2DR COUPE,2018-2025
lexus,lfa,LFA 2DR COUPE RWD,2010-2012
lexus,ls,LS 400 4DR SEDAN,1994-2000
lexus,ls,LS 430 4DR SEDAN,2001-2006
lexus,ls,LS 430 4DR SEDAN W/AIR SUSPENSION,2001-2002
lexus,ls,LS 460 4DR SEDAN AWD,2010-2012
lexus,ls,LS 460 4DR SEDAN RWD,2007-2012
lexus,ls,LS 460 L 4DR SEDAN AWD,2010-2012
lexus,ls,LS 460 L 4DR SEDAN RWD,2007-2009
lexus,ls,LS 500 4DR SEDAN,2018-2026
lexus,ls,LS 500H 4DR SEDAN,2018-2026
lexus,ls,LS 600h L 4DR SEDAN AWD,2007-2012
lexus,ls,LS400 4DR SEDAN,1990-1993
lexus,ls,LS460 4DR SEDAN,2013-2014
lexus,ls,LS460 AWD 4DR SEDAN,2013-2017
lexus,ls,LS460L AWD 4DR SEDAN,2013-2017
lexus,ls,LS600h L HYBRID 4DR SEDAN,2013-2016
lexus,lx,LX 470 4DR SUV,1998-2007
lexus,lx,LX 570 4DR SUV,2008-2012
lexus,lx,LX450 SUV 4DR,1996-1997
lexus,lx,LX570 4DR SUV,2013-2021
lexus,lx,LX600 4DR SUV,2022-2026
lexus,lx,LX700H 4DR SUV,2025-2026
lexus,nx,NX200t 4DR SUV AWD,2015-2017
lexus,nx,NX250 4DR SUV,2022-2025
lexus,nx,NX300 4DR SUV AWD,2018-2021
lexus,nx,NX300h 4DR SUV AWD,2015-2021
lexus,nx,NX350 4DR SUV,2022-2026
lexus,nx,NX350H 4DR SUV,2025-2026
lexus,nx,NX350h 4DR SUV,2022-2024
lexus,nx,NX450h 4DR SUV,2022-2026
lexus,rc,RC 300/350 AWD 2DR COUPE,2016-2026
lexus,rc,RC 350 2DR COUPE RWD,2015
lexus,rc,RC 350 AWD 2DR COUPE,2015
lexus,rc,RC F 2DR COUPE RWD,2015-2025
lexus,rx,RX 300 4DR SUV,1998-2003
lexus,rx,RX 330 4DR SUV AWD,2004-2006
lexus,rx,RX 350 4DR SUV,2016-2026
lexus,rx,RX 350 4DR SUV AWD,2007-2009
lexus,rx,RX 350L 4DR SUV,2018-2022
lexus,rx,RX 350h 4DR SUV,2023-2026
lexus,rx,RX 400h 4DR SUV AWD,2006-2009
lexus,rx,RX 450H 4DR SUV,2016-2022
lexus,rx,RX 450HL 4DR SUV,2019-2022
lexus,rx,RX 450h / 500h 4DR SUV,2024-2025
lexus,rx,RX 500h 4DR SUV,"2023,2026"
lexus,rx,RX350 4DR SUV AWD,2010-2013
lexus,rx,RX350 4DR SUV AWD /F SPORT,2014
lexus,rx,RX350 4DR SUV AWD SPORTDESIGN/F SPORT,2015
lexus,rx,RX450h 4DR SUV AWD,2010-2014
lexus,rx,RX450h 4DR SUV AWD SPORTDESIGN,2015
lexus,rz,RZ350e 4DR SUV,2026
lexus,rz,RZ450E 4DR SUV,2025
lexus,rz,RZ450e 4DR SUV,"2023-2024,2026"
lexus,rz,RZ550e 4DR SUV,2026
lexus,sc,SC 400 2DR COUPE,1994-1997
lexus,sc,SC 430 2DR CONVERTIBLE,2002-2010
lexus,sc,SC400 2DR COUPE,1992-1993
lexus,tx,TX 350 4DR SUV,2024-2026
lexus,tx,TX 500h 4DR SUV,2024-2026
lexus,ux,UX 200 4DR SUV,2019-2021
lexus,ux,UX 250H 4DR SUV,2019-2025
lexus,ux,UX 300h 4DR SUV,2026
lincoln,aviator,AVIATOR 4DR SUV,2020-2024
lincoln,aviator,AVIATOR 4DR SUV AWD,"2003-2005,2025-2026"
lincoln,aviator,AVIATOR 4DR SUV HYBRID,2020-2024
lincoln,aviator,AVIATOR 4DR SUV RWD,2025-2026
lincoln,continental,CONTINENTAL,"1984-1986,2017"
lincoln,continental,CONTINENTAL 4 DR,1981-1982
lincoln,continental,CONTINENTAL 4 DR SEDAN,1987-1988
lincoln,continental,CONTINENTAL 4 DR SEDAN/SIGNATURE,1989
lincoln,continental,CONTINENTAL 4DR SEDAN,"1995-2002,2018-2020"
lincoln,continental,CONTINENTAL 4DR SEDAN EXECUTIV/SIGNATURE,1994
lincoln,continental,CONTINENTAL BASE/SIGNATURE 4DR SEDAN,1990-1992
lincoln,continental,CONTINENTAL EXECUTIV/SIGNATURE 4DR SEDAN,1993
lincoln,continental,CONTINENTAL GIVENCHY 4 DR SEDAN,1987
lincoln,continental,CONTINENTAL MARK VI 2 DR,1981-1982
lincoln,continental,CONTINENTAL MARK VI 4 DR,1981-1982
lincoln,continental,CONTINENTAL MARK VII,1985-1986
lincoln,corsair,CORSAIR 4DR SUV AWD,2020-2026
lincoln,corsair,CORSAIR 4DR SUV FWD,2020-2026
lincoln,ls,LS 4DR SEDAN RWD V6 3.0L,2004-2005
lincoln,ls,LS 4DR SEDAN RWD V8 3.9L,2004-2006
lincoln,ls,LS 4DR SEDAN V6 3.0L,2000-2002
lincoln,ls,LS 4DR SEDAN V6 3.0L/ SPORT,2003
lincoln,ls,LS 4DR SEDAN V8 3.9L,2003
lincoln,ls,LS 4DR SEDAN V8 4.0L,2000-2002
lincoln,mark,MARK VII,1984
lincoln,mark,MARK VII 2 DR COUPE,1987
lincoln,mark,MARK VII BILL BLASS 2 DR COUPE,1987
lincoln,mark,MARK VII BILL BLASS/LSC 2 DR COUPE,1988-1989
lincoln,mark,MARK VII BILL BLASS/LSC 2DR COUPE,1990-1992
lincoln,mark,MARK VII LSC 2 DR COUPE,1987
lincoln,mark,MARK VIII 2DR COUPE,1993-1996
lincoln,mark,MARK VIII/LSC 2DR COUPE,1997-1998
lincoln,mark_lt,LINCOLN MARK LT P/U EXT CAB S/BOX 4WD,2007
lincoln,mark_lt,LINCOLN MARK LT P/U EXT CAB S/BOX RWD,"2005,2007"
lincoln,mark_lt,MARK LT P/U EXT CAB S/BOX 4WD,"2006,2008-2010"
lincoln,mark_lt,MARK LT P/U EXT CAB S/BOX RWD,"2006,2008-2010"
lincoln,mkc,MKC 2.0L ECOBOOST/2.3L ECOBOOST 4DR SUV AWD,2015
lincoln,mkc,MKC 4DR SUV,2019
lincoln,mkc,MKC 4DR SUV AWD,2016-2018
lincoln,mks,MKS 4DR SEDAN,2016
lincoln,mks,MKS 4DR SEDAN AWD,2008-2014
lincoln,mks,MKS 4DR SEDAN AWD /ECOBOOST,2015
lincoln,mks,MKS 4DR SEDAN FWD,2008-2012
lincoln,mkt,MKT 4DR SUV,2016-2019
lincoln,mkt,MKT 4DR SUV 3.5,2012
lincoln,mkt,MKT 4DR SUV 3.5/ECOBOOST,2010-2011
lincoln,mkt,MKT 4DR SUV ECOBOOST,2012-2015
lincoln,mkx,MKX 4DR CUV,2011-2012
lincoln,mkx,MKX 4DR SUV,2013-2018
lincoln,mkx,MKX 4DR SUV AWD,2010
lincoln,mkx,MKX 4DR SUV FWD,2007-2009
lincoln,mkz,MKZ 2.0L AWD 4DR SEDAN,2017-2020
lincoln,mkz,MKZ 2.0L FWD/AWD/3.7L FWD/HYBRID 4DR SEDAN,2013-2014
lincoln,mkz,MKZ 2.0L/HYBRID 4DR SEDAN,2016
lincoln,mkz,MKZ 2.0L/HYBRID 4DR SEDAN FWD,2015
lincoln,mkz,MKZ 3.0L AWD 4DR SEDAN,2017-2019
lincoln,mkz,MKZ 3.7L AWD 4DR SEDAN,2013-2016
lincoln,mkz,MKZ 4DR SEDAN,2007-2010
lincoln,mkz,MKZ 4DR SEDAN AWD/HYBRID,2012
lincoln,mkz,MKZ 4DR SEDAN FWD,2012
lincoln,mkz,MKZ 4DR SEDAN FWD/AWD/HYBRID,2011
lincoln,mkz,MKZ HYBRID 4DR SEDAN,2017-2020
lincoln,nautilus,NAUTILUS 4DR SUV,2024-2026
lincoln,nautilus,NAUTILUS HEV 4DR SUV,2024-2026
lincoln,nautilus,NAUTILUS I-4 4DR SUV,2019-2023
lincoln,nautilus,NAUTILUS V6 4DR SUV,2019-2023
lincoln,navigator,NAVIGATOR,2003-2006
lincoln,navigator,NAVIGATOR 4DR SUV,2025-2026
lincoln,navigator,NAVIGATOR 4DR SUV 4WD,"1998-2002,2015-2024"
lincoln,navigator,NAVIGATOR 4DR SUV 4WD /ULTIMATE,2007-2014
lincoln,navigator,NAVIGATOR 4DR SUV RWD,1998
lincoln,navigator_l,NAVIGATOR L 4DR SUV,2025-2026
lincoln,navigator_l,NAVIGATOR L 4DR SUV 4WD,2007-2024
lincoln,town_car,TOWN CAR,1983-1986
lincoln,town_car,TOWN CAR 4 DR SEDAN,1987-1988
lincoln,town_car,TOWN CAR 4 DR SEDAN/SIGNATURE/CARTIER,1989
lincoln,town_car,TOWN CAR 4DR SEDAN EXEC/SIGNATURE/CARTIER,1994-1998
lincoln,town_car,TOWN CAR 4DR SEDAN RWD /SIGNATURE L,2006-2007
lincoln,town_car,TOWN CAR 4DR SEDAN RWD /SIGNATURE LIMITED,2005-2007
lincoln,town_car,TOWN CAR 4DR SEDAN RWD /ULTIMATE,2004
lincoln,town_car,TOWN CAR 4DR SEDAN RWD /ULTIMATE L,2004
lincoln,town_car,TOWN CAR 4DR SEDAN SIGNATURE/TOURING/CARTIER,1999-2002
lincoln,town_car,TOWN CAR BASE/SIGNATURE/CARTIER 4D SEDAN,1990-1992
lincoln,town_car,TOWN CAR CARTIER 4 DR SEDAN,1987
lincoln,town_car,TOWN CAR CARTIER L 4DR SEDAN RWD,2002
lincoln,town_car,TOWN CAR CARTIER/EXECUTIVE LIVERY/LIMOUSINE,2003
lincoln,town_car,TOWN CAR EXEC/SIGNATURE/CARTIER 4D SEDAN,1993
lincoln,town_car,TOWN CAR EXECUTIVE L LIVERY 4DR SEDAN,2003
lincoln,town_car,TOWN CAR SIGNATURE 4 DR SEDAN,1987
lincoln,town_car,TOWN CAR SIGNATURE/SIGNATURE PREMIUM,2003
lincoln,zephyr,ZEPHYR 4DR SEDAN,2006
lotus,eclat,ECLAT,1982
lotus,elan,ELAN SE ROADSTER,1990-1992
lotus,eletre,ELETRE 4DR HATCH,2024-2026
lotus,eleven,3-ELEVEN 2DR ROADSTER,2018-2019
lotus,elise,ELISE 2DR COUPE,2006-2007
lotus,elise,ELISE 2DR COUPE RWD,2008-2011
lotus,elise,ELISE 2DR ROADSTER,2016
lotus,elite,ELITE,1981-1982
lotus,emira,EMIRA 2DR COUPE,2023-2026
lotus,esprit,ESPRIT,1981
lotus,esprit,ESPRIT S3,1982
lotus,esprit,ESPRIT TURBO SE 2DR COUPE,1990-1992
lotus,esprit,ESPRIT V8,1997-2003
lotus,evora,EVORA 2DR COUPE,2016-2022
lotus,evora,EVORA 2DR COUPE RWD,2009-2011
lotus,evora,EVORA 2DR COUPE RWD/IPS,2012-2015
lotus,evora,EVORA S 2DR COUPE RWD,2012-2016
lotus,exige,EXIGE 2DR ROADSTER,2016
lotus,exige,EXIGE S 2DR COUPE RWD,2008-2011
lotus,turbo_esprit,TURBO ESPRIT,1982
lucid,air,AIR GRAND TOURING 4DR SEDAN,2022-2024
lucid,air,AIR PURE 4DR SEDAN,2023-2024
lucid,air,AIR TOURING 4DR SEDAN,2022-2024
maserati,228,228 Si 2DR COUPE,1990
maserati,biturbo,BITURBO 430 4DR SEDAN,1990
maserati,coupe,COUPE 2DR COUPE RWD GT/GRANSPORT,2006-2009
maserati,coupe,COUPE GT 2DR COUPE RWD /CAMBIOCORSA/GRANSPORT,2005
maserati,coupe,COUPE GT/CAMBIOCORSA 2DR COUPE RWD,2004
maserati,coupe,GT2 STRADALE 2DR COUPE,2026-2027
maserati,coupe,MASERATI COUPE GT/Cambiocorsa 2D RWD,2003
maserati,ghibli,GHIBLI 4DR SEDAN,2017-2025
maserati,ghibli,GHIBLI S Q4,2014-2016
maserati,ghibli,GHIBLI S Q4 4DR SEDAN,2018-2025
maserati,grancabrio,GRANCABRIO 2DR CONV,2023-2026
maserati,grancabrio,GRANCABRIO 2DR CONV RWD,2010-2011
maserati,grancabrio,GRANCABRIO 2DR CONV RWD /SPORT,2012-2013
maserati,grancabrio,GRANCABRIO FOLGORE EV 2DR CONV,2023-2026
maserati,granturismo,GRANTURISMO 2DR CONV RWD /SPORT/MC,2014
maserati,granturismo,GRANTURISMO 2DR COUPE,2023-2026
maserati,granturismo,GRANTURISMO 2DR COUPE RWD,"2008-2011,2019-2020"
maserati,granturismo,GRANTURISMO 2DR COUPE RWD S/S AUTOMATIC/MC ST,2012-2014
maserati,granturismo,GRANTURISMO COVERTIBLE /SPORT/MC 2DR CONV RWD,2015-2018
maserati,granturismo,GRANTURISMO COVERTIBLE 2DR CONV RWD,2019-2022
maserati,granturismo,GRANTURISMO FOLGORE EV 2DR COUPE,2023-2026
maserati,granturismo,GRANTURISMO SPORT/MC 2DR COUPE RWD,2015-2018
maserati,grecale,GRECALE FOLGORE 4DR SUV,2023-2026
maserati,grecale,GRECALE MHEV 4DR SUV,2023-2026
maserati,grecale,GRECALE TROFEO 4DR SUV,2023-2026
maserati,levante,LEVANTE 4DR SUV,2017-2018
maserati,levante,LEVANTE V6 4DR SUV,2019-2025
maserati,levante,LEVANTE V8 4DR SUV,2019-2025
maserati,mc20,MC20 2DR COUPE,2021-2025
maserati,mc20,MC20 CIELO 2DR CONVERTIBLE,2023-2025
maserati,mcpura,MCPURA 2DR COUPE,2026-2027
maserati,mcpura,MCPURA CIELO 2DR CONVERTIBLE,2026-2027
maserati,merak,MERAK SS,1981
maserati,quattroporte,QUATTROPORTE 4DR SEDAN RWD,2004-2007
maserati,quattroporte,QUATTROPORTE AUTOMATIC/EXECUTIVE GT/SPORT GT,2008-2013
maserati,quattroporte,QUATTROPORTE GTS 4DR SEDAN,2017-2025
maserati,quattroporte,QUATTROPORTE S Q4 4DR SEDAN,2017-2025
maserati,quattroporte,QUATTROPORTE S Q4/GTS,2015-2016
maserati,quattroporte,QUATTROPORTE S/Q4/GTS,2014
maserati,spyder,GRANSPORT SPYDER 2DR CONV RWD,2006-2007
maserati,spyder,MASERATI SPYDER CAMBIOCORSA 2DR CONV RWD,2002-2003
maserati,spyder,MASERATI SPYDER GT 2DR CONVERTIBLE RWD,2002-2003
maserati,spyder,SPYDER GT/CAMBIOCORSA 2DR CONV RWD,2004-2005
maserati,spyder,SPYDER i,1990-1991
maybach,57,MAYBACH 57 4DR SEDAN RWD,2003-2012
maybach,57,MAYBACH 57S 4DR SEDAN RWD,2006-2012
maybach,62,MAYBACH 62 4DR SEDAN RWD,2003-2012
maybach,62,MAYBACH 62 S 4DR SEDAN RWD,2007-2012
mazda,323,323 2 DR HATCHBACK,1987
mazda,323,323 2DR HATCHBACK BASE/SE/LX,1994
mazda,323,323 2DR HATCHBACK GS,1995
mazda,323,323 2DR HATCHBACK LX,1995
mazda,323,323 2DR HATCHBACK S (OLD BODY STYLE),1995
mazda,323,323 BASE/LUXURY WAGON,1988
mazda,323,323 BASE/LUXURY/DELUXE 2 DR HATCHBACK,1988-1989
mazda,323,323 BASE/LUXURY/DELUXE/GT 4 DR SEDAN,1988-1989
mazda,323,323 DELUXE 2 DR HATCHBACK,1987
mazda,323,323 DELUXE 4 DR HATCHBACK,1987-1989
mazda,323,323 DELUXE 4 DR SEDAN,1987
mazda,323,323 DELUXE SEDAN,1986
mazda,323,323 DELUXE WAGON,1987
mazda,323,323 DX/LX/SE 2DR HATCHBACK,1992-1993
mazda,323,323 GT 2 DR HATCHBACK,1987
mazda,323,323 GTX 2 DR HATCHBACK,1988
mazda,323,323 GTX/4WD TURBO 2 DR HATCHBACK,1989
mazda,323,323 HATCHBACK BASE(2-DR),1986
mazda,323,323 HATCHBACK DELUXE (2-DR),1986
mazda,323,323 HATCHBACK DELUXE (4-DR),1986
mazda,323,323 HATCHBACK GT (2-DR),1986
mazda,323,323 HATCHBACK LUXURY (2-DR),1986
mazda,323,323 LUXURY 2 DR HATCHBACK,1987
mazda,323,323 LUXURY 4 DR SEDAN,1987
mazda,323,323 LUXURY SEDAN,1986
mazda,323,323 LUXURY WAGON,1987
mazda,323,323 PROTEGE 4DR SEDAN DX/SE/LX,1994
mazda,323,323 PROTEGE 4DR SEDAN LX/ES,1995-1996
mazda,323,323 PROTEGE 4DR SEDAN S (OLD BODY STYLE),1995-1996
mazda,323,323 PROTEGE BASE/LX/DX 4WD/GT 4DR SEDAN,1990-1991
mazda,323,323 PROTEGE LX/DX/SE 4DR SEDAN,1992-1993
mazda,323,323 STD/DX/LX 2DR HATCHBACK,1990-1991
mazda,323,323 WAGON,1989
mazda,626,626 2 DR,1981
mazda,626,626 4 DR,1981
mazda,626,626 4DR SEDAN LX,2000-2002
mazda,626,626 4DR SEDAN LX/ES V6,2000-2002
mazda,626,626 CP,1982
mazda,626,626 CP DELUXE/LUXURY,1983-1984
mazda,626,626 CRONOS 4DR SEDAN DX/LX,1994-1999
mazda,626,626 CRONOS 4DR SEDAN LX/ES V6,1994-1999
mazda,626,626 CRONOS DX/LX/ES 4DR SEDAN,1993
mazda,626,626 DELUXE 2 DR COUPE,1987
mazda,626,626 DELUXE 4 DR SEDAN,1987
mazda,626,626 DELUXE SPORT COUPE,1985-1986
mazda,626,626 DELUXE SPORT SEDAN,1985-1986
mazda,626,626 DX/LX 4DR SEDAN,1990
mazda,626,626 LUXURY 2 DR COUPE,1987
mazda,626,626 LUXURY 4 DR HATCHBACK,1987
mazda,626,626 LUXURY 4 DR SEDAN,1987
mazda,626,626 LUXURY TOURING SD,1983-1984
mazda,626,626 LUXURY TOURING SEDAN,1985-1986
mazda,626,626 LUXURY/DELUXE/4 DR SEDAN,1989
mazda,626,626 LUXURY/DELUXE/TURBO/4WS 4 DR SEDAN,1988
mazda,626,626 LUXURY/TURBO TOURING 4 DR SEDAN,1988-1989
mazda,626,626 LUXURY/TURBO TOURING 4DR SEDAN,1990
mazda,626,626 LX/GT TURBO TOURING 4DR SEDAN,1991
mazda,626,626 SD,1982
mazda,626,626 SD DELUXE/LUXURY,1983-1984
mazda,626,626 SE/LX 4DR SEDAN,1991-1992
mazda,626,626 TURBO 2 DR SEDAN,1987
mazda,626,626 TURBO 4 DR HATCHBACK,1987
mazda,626,626 TURBO 4 DR SEDAN,1987
mazda,626,626 TURBO TOURING SEDAN,1986
mazda,929,929 SEDAN,1988-1989
mazda,929,929 SERENIA 4DR SEDAN,1992-1994
mazda,929,929S 4DR SEDAN,1990-1991
mazda,cx_3,CX-3 4DR SUV AWD,2017-2022
mazda,cx_3,CX-3 4DR SUV FWD,2017-2022
mazda,cx_3,CX-3 AWD,2016
mazda,cx_3,CX-3 FWD,2016
mazda,cx_30,CX30 4DR SUV AWD,2020-2026
mazda,cx_30,CX30 4DR SUV FWD,2020-2026
mazda,cx_5,CX-5 2.0L FWD 4DR SUV,2018
mazda,cx_5,CX-5 2.0L FWD 4DR SUV (2017),2017
mazda,cx_5,CX-5 2.5L AWD 4DR SUV,2018
mazda,cx_5,CX-5 2.5L AWD 4DR SUV (2017),2017
mazda,cx_5,CX-5 2.5L FWD 4DR SUV,2018
mazda,cx_5,CX-5 2.5L FWD 4DR SUV (2017),2017
mazda,cx_5,CX-5 4DR SUV,2023-2027
mazda,cx_5,CX-5 4DR SUV GS/GT AWD,2013-2014
mazda,cx_5,CX-5 4DR SUV GS/GT FWD,2013-2014
mazda,cx_5,CX-5 4DR SUV GX AWD,2013-2014
mazda,cx_5,CX-5 4DR SUV GX FWD,2013-2014
mazda,cx_5,CX-5 AWD 4DR SUV,2019-2022
mazda,cx_5,CX-5 FWD 4DR SUV,2019-2022
mazda,cx_5,CX-5 GS 4DR SUV FWD,2016
mazda,cx_5,CX-5 GS 4DR SUV FWD (2016.5),2017
mazda,cx_5,CX-5 GS/GT 4DR SUV AWD,2015-2016
mazda,cx_5,CX-5 GS/GT 4DR SUV AWD (2016.5),2017
mazda,cx_5,CX-5 GS/GT 4DR SUV FWD,2015
mazda,cx_5,CX-5 GX 4DR SUV AWD,2015-2016
mazda,cx_5,CX-5 GX 4DR SUV AWD (2016.5),2017
mazda,cx_5,CX-5 GX 4DR SUV FWD,2015-2016
mazda,cx_5,CX-5 GX 4DR SUV FWD (2016.5),2017
mazda,cx_5,CX-5 TURBO 4DR SUV,2023-2025
mazda,cx_50,CX50 4DR SUV,2023-2026
mazda,cx_50,CX50 HYBRID 4DR SUV,2025-2026
mazda,cx_50,CX50 TURBO 4DR SUV,2023-2026
mazda,cx_7,CX-7 4DR SUV AWD GS/GT,2010-2012
mazda,cx_7,CX-7 4DR SUV FWD GS/GT,2007-2009
mazda,cx_7,CX-7 4DR SUV FWD GX,2010-2012
mazda,cx_70,CX70 MILD HYBRID 4DR SUV,2025-2027
mazda,cx_70,CX70 PHEV 4DR SUV,2025-2027
mazda,cx_9,CX-9 4DR SUV AWD,2016-2023
mazda,cx_9,CX-9 4DR SUV AWD GT,2010-2014
mazda,cx_9,CX-9 4DR SUV FWD,2016-2019
mazda,cx_9,CX-9 4DR SUV FWD GS,2010-2014
mazda,cx_9,CX-9 4DR SUV FWD GS/GT,2007-2009
mazda,cx_9,CX-9 GS 4DR SUV FWD,2015
mazda,cx_9,CX-9 GS/GT 4DR SUV AWD,2015
mazda,cx_90,CX90 MILD HYBRID 4DR SUV,2024-2027
mazda,cx_90,CX90 PHEV 4DR SUV,2024-2027
mazda,glc,GLC 2 DR,1981-1982
mazda,glc,GLC 2 DR HATCHBACK,1985
mazda,glc,GLC 2 DR HB,1981-1982
mazda,glc,GLC 4 DR,1981-1982
mazda,glc,GLC 4 DR HB,1981-1982
mazda,glc,GLC DECOR 4 DR HATCHBACK,1985
mazda,glc,GLC HB/DECOR 4 DR,1983-1984
mazda,glc,GLC HB/DECOR/SPT 2 DR,1983
mazda,glc,GLC HB/DECOR/SPT. 2 DR,1984
mazda,glc,GLC SD/DECOR/LUXURY,1983-1984
mazda,glc,GLC SEDAN DECOR,1985
mazda,glc,GLC WAGON,1981-1982
mazda,mazda2,MAZDA2 4 DR HATCHBACK,2011
mazda,mazda2,MAZDA2 4 DR HATCHBACK GX/GS,2012-2014
mazda,mazda2,MAZDA2 4DR HATCHBACK GX/GS,2015
mazda,mazda3,MAZDA 3 4DR SEDAN FWE GX/GS/GT,2004
mazda,mazda3,MAZDA 3 SPORT 4DR HATCH FWD GS/GT,2004
mazda,mazda3,MAZDA3 2.0L FWD 4DR HATCH,2019-2026
mazda,mazda3,MAZDA3 2.0L FWD 4DR SEDAN,2019-2026
mazda,mazda3,MAZDA3 2.5L AWD 4DR HATCH,2019-2026
mazda,mazda3,MAZDA3 2.5L AWD 4DR SEDAN,2019-2026
mazda,mazda3,MAZDA3 2.5L FWD 4DR HATCH,2019-2026
mazda,mazda3,MAZDA3 2.5L FWD 4DR SEDAN,2019-2026
mazda,mazda3,MAZDA3 4DR HATCH FWD GS/GT,2010-2012
mazda,mazda3,MAZDA3 4DR HATCH FWD GX,2010-2011
mazda,mazda3,MAZDA3 4DR HATCH FWD GX/GS-SKY,2012
mazda,mazda3,MAZDA3 4DR SEDAN FWD /GX/GS/GT,2005-2009
mazda,mazda3,MAZDA3 4DR SEDAN FWD GT,2010-2013
mazda,mazda3,MAZDA3 4DR SEDAN FWD GX/GS,2010-2011
mazda,mazda3,MAZDA3 4DR SEDAN FWD GX/GS-SKY,2013
mazda,mazda3,MAZDA3 4DR SEDAN FWD GX/GS/GS-SKY,2012
mazda,mazda3,MAZDA3 GT 4DR SEDAN,2015-2018
mazda,mazda3,MAZDA3 GT SEDAN,2014
mazda,mazda3,MAZDA3 GX/GS 4DR SEDAN,2015-2018
mazda,mazda3,MAZDA3 GX/GS SEDAN,2014
mazda,mazda3,MAZDA3 MAZDASPEED3 4DR HATCH FWD,2011-2013
mazda,mazda3,MAZDA3 SPEED 4DR HATCH FWD,2010
mazda,mazda3,MAZDA3 SPORT 4DR HATCH FWD /GS/GT,2005-2007
mazda,mazda3,MAZDA3 SPORT 4DR HATCH FWD GT,2013
mazda,mazda3,MAZDA3 SPORT 4DR HATCH FWD GX/GS-SKY,2013
mazda,mazda3,MAZDA3 SPORT 4DR HATCH FWD GX/GS/GT,2008-2009
mazda,mazda3,MAZDA3 SPORT GT 4DR HATCBACK,2015-2018
mazda,mazda3,MAZDA3 SPORT GT HATCBACK,2014
mazda,mazda3,MAZDA3 SPORT GX/GS 4DR HATCBACK,2015-2018
mazda,mazda3,MAZDA3 SPORT GX/GS HATCBACK,2014
mazda,mazda5,MAZDA5 4DR MINIVAN,2016-2018
mazda,mazda5,MAZDA5 4DR MINIVAN GS/GT,2013-2014
mazda,mazda5,MAZDA5 4DR WAGON FWD GS/GT,"2006-2007,2010"
mazda,mazda5,MAZDA5 4DR WAGON FWD SPORT/GS/GT,2008-2009
mazda,mazda5,MAZDA5 GS/GT 4DR MINIVAN,2015
mazda,mazda6,MAZDA 6 4DR SEDAN FWD / GS-I4/GT-I4,2004
mazda,mazda6,MAZDA 6 4DR SEDAN FWD /GS-V6/GT-V6,2004
mazda,mazda6,MAZDA 6 GS-I4/GT-I4,2003
mazda,mazda6,MAZDA 6 GS-V6/GT-V6,2003
mazda,mazda6,MAZDA 6 SPORT HATCH,2004
mazda,mazda6,MAZDA 6 SPORT WAGON,2004
mazda,mazda6,MAZDA6 4DR SEDAN,2016-2022
mazda,mazda6,MAZDA6 4DR SEDAN FWD  /GS-I4/GT-I4,2005-2007
mazda,mazda6,MAZDA6 4DR SEDAN FWD  GS-L4/GT-L4,2008
mazda,mazda6,MAZDA6 4DR SEDAN FWD /GS-V6/GT-V6,2005-2007
mazda,mazda6,MAZDA6 4DR SEDAN FWD /GS/GT,2009
mazda,mazda6,MAZDA6 4DR SEDAN FWD GS-V6/GT-V6,2008
mazda,mazda6,MAZDA6 4DR SEDAN FWD GS//GT I4,2013
mazda,mazda6,MAZDA6 4DR SEDAN FWD GS/GT L4,2010-2011
mazda,mazda6,MAZDA6 4DR SEDAN FWD GS/GT V6,2010-2013
mazda,mazda6,MAZDA6 4DR SEDAN FWD GS/GX-L/GT I4,2012
mazda,mazda6,MAZDA6 4DR SEDAN GX/GS/GT,2014
mazda,mazda6,MAZDA6 GX/GS/GT 4DR SEDAN,2015
mazda,mazda6,MAZDA6 SPORT 4DR HATCH  /GS-I4/GT-I4,2005-2007
mazda,mazda6,MAZDA6 SPORT 4DR HATCH  /GS-V6/GT-V6,2005-2007
mazda,mazda6,MAZDA6 SPORT 4DR HATCH  GS-L4/GT-L4,2008-2009
mazda,mazda6,MAZDA6 SPORT 4DR HATCH  GS-V6/GT-V6,2008-2009
mazda,mazda6,MAZDA6 SPORT WAGON 4DR WAGON FWD /GS/GT,2005-2007
mazda,millenia,MILLENIA 4DR SEDAN BASE V6,1997-1999
mazda,millenia,MILLENIA 4DR SEDAN BASE/S,1994-1996
mazda,millenia,MILLENIA 4DR SEDAN S V6 MILLER CYCLE,"1997-1999,2001-2002"
mazda,millenia,MILLENIA 4DR SEDAN S/SE V6 MILLER CYCLE,2000
mazda,mpv,MPV 3DR WAGON 2WD BASE/LX,1994-1995
mazda,mpv,MPV 3DR WAGON 2WD BASE/LX V6,1994-1995
mazda,mpv,MPV 3DR WAGON 4WD BASE/LX V6,1994-1995
mazda,mpv,MPV 4DR WAGON 2WD L/LX V6,1996-1999
mazda,mpv,MPV 4DR WAGON 4WD LX V6,1996-1999
mazda,mpv,MPV 4DR WAGON FWD DX/LX/ES,2000-2003
mazda,mpv,MPV 4DR WAGON FWD GX/GS/GT,2004-2006
mazda,mpv,MPV 4WD,1990
mazda,mpv,MPV 4WD WAGON,1991-1993
mazda,mpv,MPV/MPV LX,1989
mazda,mpv,MPV/MPV LX 2WD,1990
mazda,mpv,MPV/MPV LX 2WD WAGON,1991-1993
mazda,mx_3,MX-3 PRECIDIA 2DR HATCHBACK GS V6,1994-1996
mazda,mx_3,MX-3 PRECIDIA 2DR HATCHBACK RS 1.6L,1994-1996
mazda,mx_3,MX-3 PRECIDIA/GS,1992-1993
mazda,mx_30,MX-30EV 4DR SUV,2022-2026
mazda,mx_5,MX-5 2DR CONVERTIBLE,2016-2026
mazda,mx_5,MX-5 2DR CONVERTIBLE RWD /GX/GS/GT,2007-2009
mazda,mx_5,MX-5 2DR CONVERTIBLE RWD GX/GS/GT,2010-2012
mazda,mx_5,MX-5 2DR CONVERTIBLE RWD GX/GS/GT (hard top),2014-2015
mazda,mx_5,MX-5 2DR CONVERTIBLE RWD GX/GS/GT (retractabl,2013
mazda,mx_5,MX-5 2DR CONVERTIBLE RWD GX/GS/GT (soft top),2013-2015
mazda,mx_5,MX-5 MIATA 2DR CONVERTIBLE,2000-2003
mazda,mx_5,MX-5 MIATA 2DR CONVERTIBLE RWD /GX/GS/GT,2004-2006
mazda,mx_5,MX-5 MIATA CONVERTIBLE,1990-1999
mazda,mx_5,MX-5 RF 2DR COUPE,2017-2026
mazda,mx_6,MX-6 4WS 2DR COUPE,1990
mazda,mx_6,MX-6 DELUXE/LUXURY/GT TURBO SPORT COUPE,1988
mazda,mx_6,MX-6 DELUXE/LUXURY/GT/GT-4WS COUPE,1989
mazda,mx_6,MX-6 DX 2DR COUPE,1990
mazda,mx_6,MX-6 GT 2DR COUPE,1990-1992
mazda,mx_6,MX-6 LX 2DR COUPE,1990-1992
mazda,mx_6,MX-6 MYSTERE 2DR COUPE LS V6,1994-1997
mazda,mx_6,MX-6 MYSTERE 2DR COUPE RS 2.0L,1994-1997
mazda,mx_6,MX-6 MYSTERE RS/LS 2DR COUPE,1993
mazda,mx_6,MX-6 SE 2DR COUPE,1991-1992
mazda,protege,MAZDASPEED PROTEGE 4DR SEDAN FWD,2003
mazda,protege,PROTEGE 4DR SEDAN DX/SE,1999-2000
mazda,protege,PROTEGE 4DR SEDAN LX,1998-2000
mazda,protege,PROTEGE 4DR SEDAN LX/ES 2.0L,2001-2003
mazda,protege,PROTEGE 4DR SEDAN SE,1998
mazda,protege,PROTEGE 4DR SEDAN SE 1.6L,2001-2003
mazda,protege,PROTEGE 4DR SEDAN SE/LX,1997
mazda,protege,PROTEGE5 4DR WAGON FWD,2002-2003
mazda,rx_7,RX 7,1981-1982
mazda,rx_7,RX-7  GSL/SE,1983-1984
mazda,rx_7,RX-7  S/GS/GSL,1983-1984
mazda,rx_7,RX-7 2+2 GX/GXL,1986
mazda,rx_7,RX-7 2+2 GX/GXL 2 DR HATCHBACK,1987-1989
mazda,rx_7,RX-7 2+2 GXL 2DR COUPE,1990
mazda,rx_7,RX-7 2DR COUPE,1992-1996
mazda,rx_7,RX-7 BASE/GX/GXL,1986
mazda,rx_7,RX-7 BASE/GX/GXL 2 DR HATCHBACK,1987
mazda,rx_7,RX-7 BASE/GX/GXL/TURBO 2 DR HATCHBACK,1988-1989
mazda,rx_7,RX-7 BASE/GX/GXL/TURBO 2DR COUPE,1990
mazda,rx_7,RX-7 CONVERTIBLE,1988-1991
mazda,rx_7,RX-7 COUPE/TURBO 2DR COUPE,1991
mazda,rx_7,RX-7 GSL SE,1985-1986
mazda,rx_7,RX-7 S/GS/GSL,1985
mazda,rx_7,RX-7 TURBO 2 DR HATCHBACK,1987
mazda,rx_8,RX-8 2DR COUPE RWD /GS/GT,2005-2008
mazda,rx_8,RX-8 2DR COUPE RWD GS/GT,2004
mazda,rx_8,RX-8 2DR COUPE RWD GS/R3/GT,2009
mazda,rx_8,RX-8 2DR COUPE RWD R3/GT,2010-2011
mazda,tribute,TRIBUTE 4DR SUV 2WD DX,2003-2005
mazda,tribute,TRIBUTE 4DR SUV 2WD DX/DX V6,2001-2002
mazda,tribute,TRIBUTE 4DR SUV 2WD GS,2006
mazda,tribute,TRIBUTE 4DR SUV 2WD GX,2006
mazda,tribute,TRIBUTE 4DR SUV 2WD GX-V6/GS,2006
mazda,tribute,TRIBUTE 4DR SUV 2WD LX V6,2001-2002
mazda,tribute,TRIBUTE 4DR SUV 2WD LX/DX V6,2003-2005
mazda,tribute,TRIBUTE 4DR SUV 4WD DX,2003-2005
mazda,tribute,TRIBUTE 4DR SUV 4WD DX/DX V6,2001-2002
mazda,tribute,TRIBUTE 4DR SUV 4WD ES V6,2003-2005
mazda,tribute,TRIBUTE 4DR SUV 4WD GT,2006
mazda,tribute,TRIBUTE 4DR SUV 4WD LX V6/ES V6,2001-2002
mazda,tribute,TRIBUTE 4DR SUV 4WD LX/DX V6,2003-2005
mazda,tribute,TRIBUTE GS 4DR SUV FWD,2008-2009
mazda,tribute,TRIBUTE GS 4DR SUV V6 FWD,2010-2011
mazda,tribute,TRIBUTE GS/GX/GT 4DR SUV V6 AWD,2010-2011
mazda,tribute,TRIBUTE GT 4DR SUV AWD,2008-2009
mazda,tribute,TRIBUTE GX 4DR SUV FWD,2008-2009
mazda,tribute,TRIBUTE GX 4DR SUV L4 AWD,2010-2011
mazda,tribute,TRIBUTE GX 4DR SUV L4 FWD,2010-2011
mclaren,570s,570S / 540C 2DR COUPE,2016-2018
mclaren,570s,570S / 570GT / 540C 2DR COUPE,2019-2022
mclaren,570s,570S SPIDER,2019-2022
mclaren,600lt,600LT 2DR COUPE,2019-2022
mclaren,600lt,600LT SPIDER 2DR CONVERTIBLE,2019-2022
mclaren,650s,650S 2DR COUPE,2015-2018
mclaren,650s,650S SPIDER 2DR CONVERTIBLE,2015-2018
mclaren,675lt,675LT 2DR COUPE,2016-2018
mclaren,675lt,675LT SPIDER 2DR CONVERTIBLE,2016-2018
mclaren,720s,720S 2DR COUPE,2018
mclaren,720s,720S 2DR COUPE / SPIDER,2019-2023
mclaren,750s,750S 2DR COUPE,2024-2026
mclaren,750s,750S 2DR SPIDER,2024-2026
mclaren,765lt,765LT 2DR COUPE,2020-2023
mclaren,artura,ARTURA 2DR COUPE,2022-2026
mclaren,artura,ARTURA 2DR SPIDER,2024-2026
mclaren,elva,ELVA,2021-2024
mclaren,gt,GT 2DR COUPE,2020-2024
mclaren,gts,GTS 2 DR COUPE,2024-2026
mclaren,mp4_12c,MP4-12C,2012-2014
mclaren,mp4_12c,MP4-12C 2DR COUPE,2015
mclaren,mp4_12c,MP4-12C SPIDER,2013-2014
mclaren,mp4_12c,MP4-12C SPIDER 2DR CONVERTIBLE,2015
mclaren,p1,P1,2014
mclaren,p1,P1 2DR COUPE,2015-2019
mclaren,senna,SENNA,2019-2024
mercedes_benz,190,190 D 2.5 TURBO SEDAN,1987
mercedes_benz,190,190 E 2.3 4DR SEDAN,1991
mercedes_benz,190,190 E 2.6 4DR SEDAN,1990-1991
mercedes_benz,190,190 E 2.6 SEDAN,1987
mercedes_benz,190,190D 2.2 SEDAN,1985
mercedes_benz,190,190D 2.5 SEDAN,1986-1989
mercedes_benz,190,190E 2.2 SD DIESEL,1984
mercedes_benz,190,190E 2.3 4DR SEDAN,1992-1993
mercedes_benz,190,190E 2.3 SD,1984
mercedes_benz,190,190E 2.3 SEDAN,1985-1988
mercedes_benz,190,190E 2.3-16 SEDAN,1986-1987
mercedes_benz,190,190E 2.6 4DR SEDAN,1992-1993
mercedes_benz,190,190E 2.6 SEDAN,1988-1989
mercedes_benz,240,240 D,1982
mercedes_benz,240,240 SD,1981
mercedes_benz,240,C240 4DR SEDAN,2001-2002
mercedes_benz,240,C240 4DR SEDAN /ELEGANCE,2005
mercedes_benz,240,C240 4DR SEDAN 4MATIC,2003
mercedes_benz,240,C240 4DR SEDAN CLASSIC/ELEGANCE,2003-2004
mercedes_benz,240,C240 4DR SPORT WAGON /ELEGANCE,2005
mercedes_benz,240,C240 4DR SPORT WAGON 4MATIC,2003
mercedes_benz,240,C240 4DR SPORT WAGON CLASSIC/ELEGANCE,2003-2004
mercedes_benz,260,260 E SEDAN,1987-1989
mercedes_benz,280,280 CE CP,1981
mercedes_benz,280,280 E SD,1981
mercedes_benz,280,C230/C280 4DR SEDAN,1997
mercedes_benz,280,C280 4DR SEDAN,"1994-1996,1998-2000"
mercedes_benz,280,C280 4DR SEDAN RWD /ELEGANCE,2006-2007
mercedes_benz,280,C280 4DR SEDAN SPORT,1998-2000
mercedes_benz,280,E280 4DR SEDAN AWD,2007
mercedes_benz,280,SLK280 2DR COVERTIBLE RWD,2006-2009
mercedes_benz,300,300 CD,1982
mercedes_benz,300,300 CD COUPE,1985
mercedes_benz,300,300 CD CP,1981
mercedes_benz,300,300 CD SD,1981
mercedes_benz,300,300 CD TURBO DIESEL,1983-1984
mercedes_benz,300,300 CE 2DR COUPE,1990-1991
mercedes_benz,300,300 CE COUPE,1988-1989
mercedes_benz,300,300 D SEDAN,1985
mercedes_benz,300,300 DT,1982
mercedes_benz,300,300 E 2.6/300E 4DR SEDAN,1990
mercedes_benz,300,300 E 2.6/300E/300D 2.5 TURBO 4DR SEDAN,1991
mercedes_benz,300,300 E 4MATIC 4DR SEDAN,1990-1991
mercedes_benz,300,300 E SEDAN,"1986,1988-1989"
mercedes_benz,300,300 SD,1981-1982
mercedes_benz,300,300 SD SD TURBO DIESEL,1983-1984
mercedes_benz,300,300 SD SEDAN,1985
mercedes_benz,300,300 SE 4DR SEDAN,1990
mercedes_benz,300,300 SE SEDAN,1989
mercedes_benz,300,300 SE/350 SD TURBO 4DR SEDAN,1991
mercedes_benz,300,300 SEL 4DR SEDAN,1990
mercedes_benz,300,300 SEL SEDAN,1988-1989
mercedes_benz,300,300 SEL/350 SDL TURBO 4DR SEDAN,1991
mercedes_benz,300,300 SL/500SL 2DR COUPE-ROADSTER,1990-1992
mercedes_benz,300,300 TD TURBO WAGON,1987
mercedes_benz,300,300 TD WAGON,"1981-1982,1985"
mercedes_benz,300,300 TD WAGON TURBO DIESEL,1983-1984
mercedes_benz,300,300 TE 4MATIC WAGON,1990-1991
mercedes_benz,300,300 TE WAGON,1988-1991
mercedes_benz,300,300 TE/300 TE 4MATIC WAGON,1992
mercedes_benz,300,300/300TE 4MATIC WAGON,1993
mercedes_benz,300,300CE 2DR COUPE,1992-1993
mercedes_benz,300,300CE CABRIOLET 2DR,1993
mercedes_benz,300,300D SD TURBO DIESEL,1983-1984
mercedes_benz,300,300D TURBO SEDAN,1986-1987
mercedes_benz,300,300E 2.6/300D 2.5 4DR SEDAN,1992
mercedes_benz,300,300E 2.8/300D 2.5 4DR SEDAN,1993
mercedes_benz,300,300E SEDAN,1987
mercedes_benz,300,300E/300E 4MATIC 4DR SEDAN,1992-1993
mercedes_benz,300,300SDL SEDAN,1986
mercedes_benz,300,300SDL TURBO SEDAN,1987
mercedes_benz,300,300SE/300SD 4DR SEDAN,1993
mercedes_benz,300,300SE/300SD/400SE 4DR SEDAN,1992
mercedes_benz,300,300SL/500SL 2DR COUPE-ROADSTER,1993
mercedes_benz,300,E300 4DR SEDAN DIESEL,1994-1998
mercedes_benz,300,E300 4DR SEDAN TURBO DIESEL,1999
mercedes_benz,300,SLK300/350 2DR COVERTIBLE RWD,2010-2011
mercedes_benz,350,C350 4DR SEDAN RWD,2006-2007
mercedes_benz,350,C350 SPORT 4DR SEDAN RWD,2006-2007
mercedes_benz,350,CLK350 2DR CONV RWD,2006-2009
mercedes_benz,350,CLK350 2DR COUPE RWD,2006-2009
mercedes_benz,350,E350 4DR SEDAN AWD,2007
mercedes_benz,350,E350 4DR SEDAN RWD,2006
mercedes_benz,350,E350 4DR WAGON AWD,2007
mercedes_benz,350,E350 4MATIC WAGON AWD,2006
mercedes_benz,350,GLE 350 4MATIC 4DR SUV,2020-2026
mercedes_benz,350,GLE COUPE 350D / 450AMG 4MATIC,2016
mercedes_benz,350,ML350 4DR SUV 4WD,2007
mercedes_benz,350,ML350 4DR SUV 4WD CLASSIC/ELEGANCE,2003-2005
mercedes_benz,350,ML350 4DR SUV AWD,2006
mercedes_benz,350,R350 4DR WAGON 4WD,2006
mercedes_benz,350,R350 4DR WAGON AWD,2007
mercedes_benz,350,S350 4DR SEDAN TURBO DIESEL,1994-1995
mercedes_benz,350,SLK350 2DR COVERTIBLE RWD,2005-2009
mercedes_benz,380,380 SE SEDAN,1985
mercedes_benz,380,380 SEC,1982
mercedes_benz,380,380 SEL,1982
mercedes_benz,380,380 SEL SD,1981
mercedes_benz,380,380 SL,1982
mercedes_benz,380,380 SL COUPE,1985
mercedes_benz,380,380 SL CP,1981
mercedes_benz,380,380 SLC CP,1981
mercedes_benz,380,380E SD,1983-1984
mercedes_benz,380,380SL CP/ROADSTER,1983-1984
mercedes_benz,400,400/500E 4DR SEDAN,1992-1993
mercedes_benz,400,400SEL/500SEL SEDAN,1993
mercedes_benz,420,420 SEL 4DR SEDAN,1990-1991
mercedes_benz,420,420 SEL SEDAN,1988-1989
mercedes_benz,420,420SEL SEDAN,1986-1987
mercedes_benz,420,E420 4DR SEDAN,1994-1997
mercedes_benz,420,S420 4DR SEDAN,"1994-1996,1998"
mercedes_benz,420,S420 4DR SEDAN LWB,"1997,1999"
mercedes_benz,500,500 SEC COUPE,"1985,1993"
mercedes_benz,500,500 SEC CP,1983-1984
mercedes_benz,500,500 SEL SD,1983-1984
mercedes_benz,500,500 SEL SEDAN,1985
mercedes_benz,500,500SEL/600SEL SEDAN,1992
mercedes_benz,500,CL500 2DR COUPE,1998-2004
mercedes_benz,500,CL500 2DR COUPE RWD,2005-2006
mercedes_benz,500,CLK320/CLK500 2DR COUPE,2003
mercedes_benz,500,CLK500 2DR COUPE RWD,2006
mercedes_benz,500,CLK500/CLK55 AMG 2DR CONV RWD,2004-2006
mercedes_benz,500,CLK500/CLK55 AMG 2DR COUPE RWD,2004-2005
mercedes_benz,500,CLS500 4DR COUPE RWD,2006
mercedes_benz,500,E500 4DR SEDAN,"1994,2003"
mercedes_benz,500,E500 4DR SEDAN RWD,2004-2006
mercedes_benz,500,E500 4MATIC WAGON AWD,2004-2006
mercedes_benz,500,G500 4DR SUV 4WD,"2002-2005,2007"
mercedes_benz,500,ML500 4DR SUV 4WD,"2002-2005,2007"
mercedes_benz,500,ML500 4DR SUV AWD,2006
mercedes_benz,500,R500 4DR WAGON 4WD,2006
mercedes_benz,500,R500 4DR WAGON AWD,2007
mercedes_benz,500,S430/S500 4MATIC 4DR SEDAN AWD,2003
mercedes_benz,500,S500 2DR COUPE,1994-1997
mercedes_benz,500,S500 4DR SEDAN,"1994-1996,1998"
mercedes_benz,500,S500 4DR SEDAN LWB,"1997,1999-2003"
mercedes_benz,500,S500 4DR SEDAN RWD,2004-2005
mercedes_benz,500,SL500 2DR CONVERTIBLE,1994-2006
mercedes_benz,560,560 SEC 2DR COUPE,1991
mercedes_benz,560,560 SEC 4DR SEDAN,1990
mercedes_benz,560,560 SEC COUPE,1986-1989
mercedes_benz,560,560 SEL 4DR SEDAN,1990-1991
mercedes_benz,560,560 SEL SEDAN,1986-1989
mercedes_benz,560,560 SL COUPE/,1989
mercedes_benz,560,560 SL COUPE/ROADSTER,1986-1988
mercedes_benz,560,MAYBACH S 560 4MATIC SEDAN,2019-2023
mercedes_benz,600,600 SEC COUPE,1993
mercedes_benz,600,600 SEL 4DR SEDAN,1993
mercedes_benz,600,600SL 2DR COUPE-ROADSTER,1993
mercedes_benz,600,CL600 2DR COUPE,"1998-1999,2001-2004"
mercedes_benz,600,CL600 2DR COUPE RWD,2005-2007
mercedes_benz,600,S600 2DR COUPE,1994-1997
mercedes_benz,600,S600 4DR SEDAN,1994-1998
mercedes_benz,600,S600 4DR SEDAN LWB,"1999,2001-2003"
mercedes_benz,600,S600 4DR SEDAN RWD,2004-2007
mercedes_benz,600,S600 MAYBACH,2016-2017
mercedes_benz,600,SL600 2DR CONVERTIBLE,1994-2002
mercedes_benz,600,SL600 2DR CONVERTIBLE RWD,2005-2007
mercedes_benz,600,SL600 AMG 2DR CONVERTIBLE,2004
mercedes_benz,a_class,A-CLASS 4DR SEDAN,2019-2024
mercedes_benz,a_class,A-CLASS 4MATIC 5DR HATCH,2019
mercedes_benz,a_class,A-CLASS 5DR HATCH,2019
mercedes_benz,a_class,A-CLASS A 250 4MATIC 5DR HATCH,2020-2024
mercedes_benz,a_class,A-CLASS AMG A 35 5DR HATCH,2020-2024
mercedes_benz,amg_gt,AMG GT 2DR COUPE,2018-2019
mercedes_benz,amg_gt,AMG GT 2DR ROADSTER,2018-2019
mercedes_benz,b_class,B CLASS B 250 4DR HATCHBACK FWD,2013-2019
mercedes_benz,b_class,B CLASS B 250 4MATIC 4DR HATCHBACK AWD,2015-2019
mercedes_benz,b_class,B CLASS B200/B200 TURBO 4DR WAGON FWD,2008-2012
mercedes_benz,c_class,C CLASS AMG C 63 S 2DR CONVERTIBLE,2019-2023
mercedes_benz,c_class,C CLASS AMG C 63 S 2DR COUPE,2019-2023
mercedes_benz,c_class,C CLASS AMG C43 4MATIC 2DR CONVERTIBLE,2024
mercedes_benz,c_class,C CLASS AMG C43 4MATIC 2DR COUPE,2024
mercedes_benz,c_class,C CLASS AMG C43 4MATIC 4DR SEDAN,2024-2026
mercedes_benz,c_class,C CLASS AMG C63/C63S 2DR CONVERTIBLE,2017-2018
mercedes_benz,c_class,C CLASS AMG C63/C63S 2DR COUPE,2017-2018
mercedes_benz,c_class,C CLASS C 300 4MATIC 4DR SEDAN,2016-2021
mercedes_benz,c_class,C CLASS C 300 4MATIC 4DR SEDAN AWD,2015
mercedes_benz,c_class,C CLASS C 300 4MATIC 4DR WAGON,2018-2023
mercedes_benz,c_class,C CLASS C 400 4MATIC 4DR SEDAN AWD,2015
mercedes_benz,c_class,C CLASS C 43 AMG 4MATIC 4DR SEDAN,2017-2021
mercedes_benz,c_class,C CLASS C 43 AMG 4MATIC 4DR WAGON,2019-2023
mercedes_benz,c_class,C CLASS C 450 AMG 4MATIC 4DR SEDAN,2016
mercedes_benz,c_class,C CLASS C 63 / C 63 S AMG 4DR SEDAN,2019-2022
mercedes_benz,c_class,C CLASS C 63 AMG 4DR SEDAN,2016-2018
mercedes_benz,c_class,C CLASS C250 COUPE 2DR,2015-2016
mercedes_benz,c_class,C CLASS C300 4MATIC 2DR CONVERTIBLE,2017-2024
mercedes_benz,c_class,C CLASS C300 4MATIC 2DR COUPE,2017-2024
mercedes_benz,c_class,C CLASS C300 4MATIC 4DR SEDAN,2022-2026
mercedes_benz,c_class,C CLASS C350 4MATIC COUPE 2DR AWD,2015-2016
mercedes_benz,c_class,C CLASS C350 COUPE 2DR RWD,2015-2016
mercedes_benz,c_class,C CLASS C43 4MATIC 2DR CONVERTIBLE,2017-2023
mercedes_benz,c_class,C CLASS C43 4MATIC 2DR COUPE,2017-2023
mercedes_benz,c_class,C CLASS C63 COUPE 2DR EDITION 507,2015-2016
mercedes_benz,c_class,C-CLASS C230 / C300 / C350 4DR SEDAN RWD,2009
mercedes_benz,c_class,C-CLASS C250 4DR SEDAN AWD,2010-2012
mercedes_benz,c_class,C-CLASS C250 4DR SEDAN RWD,2010-2014
mercedes_benz,c_class,C-CLASS C250 COUPE 2DR,2012-2014
mercedes_benz,c_class,C-CLASS C300 / C350 4DR SEDAN AWD,2010-2012
mercedes_benz,c_class,C-CLASS C300 / C350 4DR SEDAN RWD,"2008,2010-2011"
mercedes_benz,c_class,C-CLASS C300 / C350 4MATIC 4DR SEDAN AWD,2013
mercedes_benz,c_class,C-CLASS C300 4MATIC/ C350 4MATIC 4DR SEDAN AW,2014
mercedes_benz,c_class,C-CLASS C300d 4DR WAGON,2016
mercedes_benz,c_class,C-CLASS C350 4DR SEDAN RWD,2012-2014
mercedes_benz,c_class,C-CLASS C350 4MATIC COUPE 2DR AWD,2013-2014
mercedes_benz,c_class,C-CLASS C350 COUPE 2DR,2012
mercedes_benz,c_class,C-CLASS C350 COUPE 2DR RWD,2013-2014
mercedes_benz,c_class,C-CLASS C63 AMG 4DR SEDAN AWD,2010-2012
mercedes_benz,c_class,C-CLASS C63 AMG 4DR SEDAN RWD,2013-2014
mercedes_benz,c_class,C-CLASS C63 AMG COUPE 2DR/BLACK SERIES,2012-2014
mercedes_benz,cl_class,CL CLASS CL 550 4MATIC 2 DR COUPE AWD,2011-2014
mercedes_benz,cl_class,CL CLASS CL 600 2 DR COUPE RWD,2011-2014
mercedes_benz,cl_class,CL CLASS CL 63 AMG 2 DR COUPE,2011-2014
mercedes_benz,cl_class,CL CLASS CL 65 AMG 2 DR COUPE,2011-2014
mercedes_benz,cl_class,CL CLASS CL550 2DR COUPE AWD,2010
mercedes_benz,cl_class,CL CLASS CL550 2DR COUPE RWD,2008-2009
mercedes_benz,cl_class,CL CLASS CL600 2DR COUPE RWD,2008-2010
mercedes_benz,cl_class,CL CLASS CL63 AMG 2DR COUPE RWD,2008-2010
mercedes_benz,cl_class,CL CLASS CL65 AAMG 2DR COUPE RWD,2008-2009
mercedes_benz,cl_class,CL CLASS CL65 AMG 2DR COUPE RWD,2010
mercedes_benz,cla_class,CLA CLASS 4DR COUPE,2020-2027
mercedes_benz,cla_class,CLA CLASS 4DR COUPE (NEW GEN),2026
mercedes_benz,cla_class,CLA CLASS AMG CLA 35 4DR COUPE,2020-2026
mercedes_benz,cla_class,CLA CLASS AMG CLA 45 4DR COUPE,2020-2026
mercedes_benz,cla_class,CLA CLASS CLA250,2014
mercedes_benz,cla_class,CLA CLASS CLA250 4DR COUPE FWD,2015-2019
mercedes_benz,cla_class,CLA CLASS CLA250 4MATIC 4DR COUPE AWD,2015-2019
mercedes_benz,cla_class,CLA CLASS CLA45 AMG,2014-2019
mercedes_benz,cle,CLE 300 2DR COUPE,2025-2026
mercedes_benz,cle,CLE 300 CABRIOLET 2DR CONV,2025-2026
mercedes_benz,cle,CLE 450 2DR COUPE,2025-2026
mercedes_benz,cle,CLE 450 CABRIOLET 2DR CONV,2025-2026
mercedes_benz,cle,CLE AMG 2DR COUPE,2025-2026
mercedes_benz,cle,CLE AMG CABRIOLET 2DR CONV,2025-2026
mercedes_benz,cls_class,CLS CLASS CLS 400 4MATIC 4DR SEDAN,2015-2016
mercedes_benz,cls_class,CLS CLASS CLS 550 4MATIC 4DR SEDAN,2013-2018
mercedes_benz,cls_class,CLS CLASS CLS 63 AMG 4DR SEDAN,2012-2018
mercedes_benz,cls_class,CLS CLASS CLS550 4MATIC 4DR SEDAN,2012
mercedes_benz,cls_class,CLS-CLASS CLS 550 4DR COUPE RWD,2011
mercedes_benz,cls_class,CLS-CLASS CLS 63 AMG 4DR COUPE RWD,2011
mercedes_benz,cls_class,CLS-CLASS CLS550 4DR COUPE RWD,2008-2010
mercedes_benz,cls_class,CLS-CLASS CLS63 AMG 4DR COUPE RWD,2008-2010
mercedes_benz,e_class,E CLASS AMG E 53 4MATIC CABRIOLET,2019-2023
mercedes_benz,e_class,E CLASS AMG E 53 4MATIC COUPE,2019-2024
mercedes_benz,e_class,E CLASS AMG E43 4MATIC 4DR SEDAN,2017-2018
mercedes_benz,e_class,E CLASS AMG E53 4 MATIC 4DR WAGON,2019-2023
mercedes_benz,e_class,E CLASS AMG E53 4MATIC 4DR SEDAN,2019-2023
mercedes_benz,e_class,E CLASS AMG E63 S 4 MATIC 4DR WAGON,2018-2023
mercedes_benz,e_class,E CLASS AMG E63 S 4DR SEDAN,2018
mercedes_benz,e_class,E CLASS AMG E63S 4MATIC 4DR SEDAN,2020-2023
mercedes_benz,e_class,E CLASS E 250 BLUETEC 4MATIC 4DR SEDAN AWD,2014-2016
mercedes_benz,e_class,E CLASS E 300/350 4MATIC 4DR SEDAN AWD,2013-2014
mercedes_benz,e_class,E CLASS E 300/400 4MATIC 4DR SEDAN AWD,2015-2016
mercedes_benz,e_class,E CLASS E 350 2DR COUPE,2011-2015
mercedes_benz,e_class,E CLASS E 350 4MATIC 2DR COUPE AWD,2013-2015
mercedes_benz,e_class,E CLASS E 350 4MATIC 4DR SEDAN AWD,2011-2012
mercedes_benz,e_class,E CLASS E 350 4MATIC WAGON AWD,2011-2014
mercedes_benz,e_class,E CLASS E 350 BLUETEC 4DR SEDAN,2013
mercedes_benz,e_class,E CLASS E 350 CABRIOLET 2DR CONV,2011-2015
mercedes_benz,e_class,E CLASS E 350BLUETEC 4DR SEDAN,2012
mercedes_benz,e_class,E CLASS E 400 4MATIC 2DR COUPE AWD,2016-2017
mercedes_benz,e_class,E CLASS E 400 4MATIC WAGON AWD,2015-2016
mercedes_benz,e_class,E CLASS E 400 CABRIOLET 2DR CONV,2016-2017
mercedes_benz,e_class,E CLASS E 550 2DR COUPE,2011-2017
mercedes_benz,e_class,E CLASS E 550 4MATIC 4DR SEDAN AWD,2011-2016
mercedes_benz,e_class,E CLASS E 550 CABRIOLET 2DR CONV,2011-2017
mercedes_benz,e_class,E CLASS E 63 AMG 4DR SEDAN AWD,2014
mercedes_benz,e_class,E CLASS E 63 AMG 4DR SEDAN RWD,2011-2013
mercedes_benz,e_class,E CLASS E 63 AMG S-MODEL 4DR SEDAN AWD,2015-2016
mercedes_benz,e_class,E CLASS E 63 AMG S-MODEL WAGON AWD,2015-2016
mercedes_benz,e_class,E CLASS E 63 AMG WAGON AWD,2014
mercedes_benz,e_class,E CLASS E 63 AMG WAGON RWD,2012-2013
mercedes_benz,e_class,E CLASS E300 4MATIC 4DR SEDAN,2017-2019
mercedes_benz,e_class,E CLASS E300 4MATIC 4DR SEDAN AWD,2008-2009
mercedes_benz,e_class,E CLASS E320 BLUETEC 4DR SEDAN RWD,2008-2009
mercedes_benz,e_class,E CLASS E350 2DR COUPE,2010
mercedes_benz,e_class,E CLASS E350 4MATIC 4DR SEDAN,2020-2023
mercedes_benz,e_class,E CLASS E350 4MATIC 4DR SEDAN AWD,2008-2010
mercedes_benz,e_class,E CLASS E350 4MATIC 4DR WAGON AWD,2008-2009
mercedes_benz,e_class,E CLASS E400 4MATIC 4DR SEDAN,2017-2018
mercedes_benz,e_class,E CLASS E400 4MATIC 4DR WAGON,2017-2018
mercedes_benz,e_class,E CLASS E400 4MATIC CABRIOLET,2018
mercedes_benz,e_class,E CLASS E400 4MATIC COUPE,2018
mercedes_benz,e_class,E CLASS E450 4MATIC 4DR SEDAN,2019-2023
mercedes_benz,e_class,E CLASS E450 4MATIC 4DR WAGON,2019-2023
mercedes_benz,e_class,E CLASS E450 4MATIC CABRIOLET,2019-2024
mercedes_benz,e_class,E CLASS E450 4MATIC COUPE,2019-2024
mercedes_benz,e_class,E CLASS E550 2DR COUPE,2010
mercedes_benz,e_class,E CLASS E550 4MATIC 4DR SEDAN AWD,2008-2010
mercedes_benz,e_class,E CLASS E63 AMG 4DR SEDAN RWD,2008-2010
mercedes_benz,e_class,E-CLASS AMG 4DR SEDAN,2024-2026
mercedes_benz,e_class,E-CLASS E350 4DR SEDAN,2024-2026
mercedes_benz,e_class,E-CLASS E450 4DR SEDAN,2024-2026
mercedes_benz,e_class,EQE CLASS 300 / 350 4DR SEDAN,2023
mercedes_benz,e_class,EQE CLASS 350 4DR SEDAN,2024-2026
mercedes_benz,e_class,EQE CLASS 350 4DR SUV,2024-2026
mercedes_benz,e_class,EQE CLASS 350 4MATIC 4DR SUV,2023
mercedes_benz,e_class,EQE CLASS 500 4DR SEDAN,2024-2026
mercedes_benz,e_class,EQE CLASS 500 4DR SUV,2024-2026
mercedes_benz,e_class,EQE CLASS AMG 4DR SEDAN,2024-2026
mercedes_benz,e_class,EQE CLASS AMG 4DR SUV,2024-2026
mercedes_benz,e_class,EQE CLASS AMG 53 4MATIC 4DR SEDAN,2023
mercedes_benz,eqb_class,EQB CLASS 250 4DR SUV,2023-2026
mercedes_benz,eqb_class,EQB CLASS 350 4MATIC 4DR SUV,2023-2026
mercedes_benz,g_class,G CLASS 4DR SUV 4WD,2017-2018
mercedes_benz,g_class,G CLASS G 550/G 63 AMG 4DR SUV 4WD,2013-2016
mercedes_benz,g_class,G CLASS G500 4DR SUV 4WD,2008-2009
mercedes_benz,g_class,G CLASS G55 AMG 4DR SUV 4WD,2008-2011
mercedes_benz,g_class,G CLASS G550 4DR SUV 4WD,2010-2012
mercedes_benz,g_class,G-CLASS 550 4DR SUV,2019-2026
mercedes_benz,g_class,G-CLASS 63 AMG 4DR SUV,2019-2026
mercedes_benz,g_class,G-CLASS G580 4DR SUV,2025-2026
mercedes_benz,gl_class,GL CLASS GL 63 AMG 4DR SUV AWD,2015-2016
mercedes_benz,gl_class,GL CLASS GL320 CDI 4DR SUV AWD,2008-2009
mercedes_benz,gl_class,GL CLASS GL350 4MATIC 4DR SUV AWD,2010
mercedes_benz,gl_class,GL CLASS GL350 BLUETEC 4MATIC 4DR SUV,2013
mercedes_benz,gl_class,GL CLASS GL350 BLUETEC/GL450/GL550 4MATIC 4DR,2014
mercedes_benz,gl_class,GL CLASS GL350 BLUETEC/GL450/GL550 4MATIC 4DR SUV,2015-2016
mercedes_benz,gl_class,GL CLASS GL350 BLUETECH 4MATIC 4DR SUV AWD,2011-2012
mercedes_benz,gl_class,GL CLASS GL450 4DR SUV AWD,2008-2011
mercedes_benz,gl_class,GL CLASS GL450/GL550 4MATIC 4DR SUV AWD,2013
mercedes_benz,gl_class,GL CLASS GL550 4DR SUV AWD,2008-2012
mercedes_benz,gla_class,GLA CLASS AMG 35 4MATIC 4DR SUV AWD,2021-2026
mercedes_benz,gla_class,GLA CLASS AMG 45 4MATIC 4DR SUV AWD,2021-2023
mercedes_benz,gla_class,GLA CLASS GLA 250 4MATIC 4DR SUV AWD,2015-2026
mercedes_benz,gla_class,GLA CLASS GLA 45 AMG 4MATIC 4DR SUV AWD,2015-2019
mercedes_benz,glb_class,GLB CLASS 250 4MATIC 4DR SUV,2021-2026
mercedes_benz,glb_class,GLB CLASS 4DR SUV,2020
mercedes_benz,glb_class,GLB CLASS AMG 35 4DR SUV,2021-2026
mercedes_benz,glc_class,GLC CLASS 300 4MATIC 4DR SUV,2016-2026
mercedes_benz,glc_class,GLC CLASS 300 4MATIC COUPE,2017-2023
mercedes_benz,glc_class,GLC CLASS 300 4MATIC COUPE 4DR SUV,2024-2026
mercedes_benz,glc_class,GLC CLASS 300e 4MATIC 4DR SUV,2023
mercedes_benz,glc_class,GLC CLASS 350E 4DR SUV,2024-2026
mercedes_benz,glc_class,GLC CLASS 350e 4MATIC 4DR SUV,2018-2022
mercedes_benz,glc_class,GLC CLASS 43 4MATIC 4DR SUV,2017-2018
mercedes_benz,glc_class,GLC CLASS 43 4MATIC COUPE,2018
mercedes_benz,glc_class,GLC CLASS 43 AMG 4MATIC 4DR SUV,2019-2022
mercedes_benz,glc_class,GLC CLASS 43 AMG 4MATIC COUPE,2019-2023
mercedes_benz,glc_class,GLC CLASS 4DR SUV (2027),2027
mercedes_benz,glc_class,GLC CLASS 63 S AMG 4MATIC 4DR SUV,2019-2022
mercedes_benz,glc_class,GLC CLASS 63 S AMG 4MATIC COUPE,2019-2022
mercedes_benz,glc_class,GLC CLASS AMG 43 4DR SUV,2024-2026
mercedes_benz,glc_class,GLC CLASS AMG 43 4MATIC COUPE 4DR SUV,2024-2026
mercedes_benz,glc_class,GLC CLASS AMG 63 4DR SUV,2024-2026
mercedes_benz,glc_class,GLC CLASS AMG 63 4MATIC COUPE 4DR SUV,2024-2026
mercedes_benz,gle_class,GLE CLASS 350D 4MATIC,2016
mercedes_benz,gle_class,GLE CLASS 400 4MATIC,2016-2019
mercedes_benz,gle_class,GLE CLASS 43 4MATIC,2017-2018
mercedes_benz,gle_class,GLE CLASS 43 AMG 4MATIC,2019
mercedes_benz,gle_class,GLE CLASS 450 4MATIC,2016
mercedes_benz,gle_class,GLE CLASS 550 4MATIC,2016-2019
mercedes_benz,gle_class,GLE CLASS 550e 4MATIC,2017-2019
mercedes_benz,gle_class,GLE CLASS AMG 63 S 4MATIC,2016-2019
mercedes_benz,glk_class,GLK CLASS GLK 250 BLUETEC 4DR SUV AWD,2013-2015
mercedes_benz,glk_class,GLK CLASS GLK 350 4MATIC 4DR SUV AWD,2013-2015
mercedes_benz,glk_class,GLK CLASS GLK 350 4MATIC 5DR SUV 4WD,2011-2012
mercedes_benz,glk_class,GLK CLASS GLK 350 5DR SUV 4WD,2009-2010
mercedes_benz,glk_class,GLK CLASS GLK 350 5DR SUV RWD,2011-2012
mercedes_benz,gls_class,AMG GLS CLASS GLS 63 4MATIC 4DR SUV,2020-2026
mercedes_benz,gls_class,GLS CLASS AMG 63 4MATIC 4DR SUV,2024-2026
mercedes_benz,gls_class,GLS CLASS AMG GLS 63 4DR SUV AWD,2017-2019
mercedes_benz,gls_class,GLS CLASS GLS 450 4MATIC 4DR SUV,2017-2026
mercedes_benz,gls_class,GLS CLASS GLS 550 4MATIC 4DR SUV,2017-2019
mercedes_benz,gls_class,GLS CLASS GLS 580 4MATIC 4DR SUV,2020-2026
mercedes_benz,gls_class,MAYBACH GLS CLASS GLS 600 4MATIC 4DR SUV,2020-2026
mercedes_benz,m_class,M CLASS ML 350 4MATIC,2012-2014
mercedes_benz,m_class,M CLASS ML 350 BLUETEC 4MATIC,2012-2015
mercedes_benz,m_class,M CLASS ML 400 4MATIC,2015
mercedes_benz,m_class,M CLASS ML 550 4MATIC,2012-2015
mercedes_benz,m_class,M CLASS ML 63 AMG,2012-2015
mercedes_benz,m_class,M CLASS ML320 5DR SUV 4WD,2009
mercedes_benz,m_class,M CLASS ML320 CDI 4DR SUV 4WD,2008
mercedes_benz,m_class,M CLASS ML350 4DR SUV 4WD,2008
mercedes_benz,m_class,M CLASS ML350 5DR SUV 4WD,2009-2011
mercedes_benz,m_class,M CLASS ML350 BLUETEC 5DR SUV 4WD,2010-2011
mercedes_benz,m_class,M CLASS ML500 4DR SUV 4WD,2008
mercedes_benz,m_class,M CLASS ML550 5DR SUV 4WD,2009-2011
mercedes_benz,m_class,M CLASS ML63 AMG 4DR SUV 4WD,2008
mercedes_benz,m_class,M CLASS ML63 AMG 5DR SUV 4WD,2009-2011
mercedes_benz,metris,METRIS CARGO VAN,2016-2026
mercedes_benz,metris,METRIS PASSENGER VAN,2016-2026
mercedes_benz,r_class,C230 KOMPRESSOR CLASSIC 4DR SEDAN RWD,2004
mercedes_benz,r_class,R CLASS R320 CDI 4DR WAGON AWD,2008-2009
mercedes_benz,r_class,R CLASS R350 4DR WAGON AWD,2008-2010
mercedes_benz,r_class,R CLASS R350 4MATIC 4 DR SUV,2013
mercedes_benz,r_class,R CLASS R350 4MATIC4 DR SUV,2011-2012
mercedes_benz,r_class,R CLASS R350 BLUETEC 4DR WAGON AWD,2010
mercedes_benz,r_class,R CLASS R350 BLUETEC 4MATIC 4 DR SUV,2013
mercedes_benz,r_class,R CLASS R350 BLUETEC 4MATIC4 DR SUV,2011-2012
mercedes_benz,r_class,R CLASS R550 4DR WAGON AWD,2008-2009
mercedes_benz,r_class,R CLASS R63 AMG 4DR WAGON AWD,2008-2009
mercedes_benz,s_class,EQS CLASS 450 4DR SEDAN,2024-2026
mercedes_benz,s_class,EQS CLASS 450 4MATIC 4DR SUV,2023-2026
mercedes_benz,s_class,EQS CLASS 580 4DR SEDAN,2024-2026
mercedes_benz,s_class,EQS CLASS 580 4MATIC 4DR SUV,2024-2026
mercedes_benz,s_class,EQS CLASS AMG 4DR SEDAN,2024-2026
mercedes_benz,s_class,EQS CLASS EV 4DR SEDAN,2022-2023
mercedes_benz,s_class,EQS CLASS MAYBACH 4DR SUV,2024-2026
mercedes_benz,s_class,S CLASS 4MATIC 4DR SEDAN LWB,2023
mercedes_benz,s_class,S CLASS S 400 4MATIC 4DR SEDAN,2016-2017
mercedes_benz,s_class,S CLASS S 400 4MATIC 4DR SEDAN AWD SWB,2015
mercedes_benz,s_class,S CLASS S 450 4MATIC 4DR SEDAN,2018-2020
mercedes_benz,s_class,S CLASS S 550 4MATIC 4DR SEDAN AWD LWB,2015
mercedes_benz,s_class,S CLASS S 550 4MATIC 4DR SEDAN AWD SWB,2015
mercedes_benz,s_class,S CLASS S 550 4MATIC 4DR SEDAN LWB,2016-2017
mercedes_benz,s_class,S CLASS S 550 4MATIC 4DR SEDAN SWB,2016-2017
mercedes_benz,s_class,S CLASS S 550E 4DR SEDAN,2016
mercedes_benz,s_class,S CLASS S 550e 4DR SEDAN,2017
mercedes_benz,s_class,S CLASS S 560 4MATIC 4DR SEDAN LWB,2018-2020
mercedes_benz,s_class,S CLASS S 560 4MATIC 4DR SEDAN SWB,2018-2020
mercedes_benz,s_class,S CLASS S 600 4DR SEDAN,2016-2017
mercedes_benz,s_class,S CLASS S 600 4DR SEDAN RWD LWB,2015
mercedes_benz,s_class,S CLASS S 63 AMG 4DR SEDAN RWD LWB,2015
mercedes_benz,s_class,S CLASS S 63 AMG 4MATIC 4DR SEDAN,2016-2020
mercedes_benz,s_class,S CLASS S 65 AMG 4DR SEDAN,2016-2020
mercedes_benz,s_class,S CLASS S 65 AMG 4DR SEDAN RWD LWB,2015
mercedes_benz,s_class,S CLASS S350 BLUETEC 4MATIC 4DR SEDAN AWD,2012-2013
mercedes_benz,s_class,S CLASS S400 HYBRID 4DR SEDAN RWD,2010-2013
mercedes_benz,s_class,S CLASS S450 4MATIC 4DR SEDAN AWD,2008-2011
mercedes_benz,s_class,S CLASS S500 4MATIC 4DR SEDAN LWB,2024-2026
mercedes_benz,s_class,S CLASS S500 4MATIC 4DR SEDAN SWB,2021-2023
mercedes_benz,s_class,S CLASS S550 / S63 AMG 4MATIC CABRIOLET,2017
mercedes_benz,s_class,S CLASS S550 4MATIC 2DR COUPE,2016-2018
mercedes_benz,s_class,S CLASS S550 4MATIC 2DR COUPE AWD,2015
mercedes_benz,s_class,S CLASS S550 4MATIC 4DR SEDAN AWD,2008-2011
mercedes_benz,s_class,S CLASS S550 4MATIC 4DR SEDAN AWD LONG WHEELB,2012-2013
mercedes_benz,s_class,S CLASS S550 4MATIC 4DR SEDAN AWD LWB,2014
mercedes_benz,s_class,S CLASS S550 4MATIC 4DR SEDAN AWD SHORT WHEEL,2012-2013
mercedes_benz,s_class,S CLASS S550 4MATIC 4DR SEDAN AWD SWB,2014
mercedes_benz,s_class,S CLASS S550 CABRIOLET,2017-2018
mercedes_benz,s_class,S CLASS S560 4MATIC 2DR COUPE,2019-2024
mercedes_benz,s_class,S CLASS S560 CABRIOLET,2019-2024
mercedes_benz,s_class,S CLASS S580 4MATIC 4DR SEDAN LWB,2021-2026
mercedes_benz,s_class,S CLASS S580e 4MATIC 4DR SEDAN LWB,2024-2026
mercedes_benz,s_class,S CLASS S600 4DR SEDAN RWD,2008-2013
mercedes_benz,s_class,S CLASS S63 AMG 4DR SEDAN RWD,2008-2014
mercedes_benz,s_class,S CLASS S63 AMG 4MATIC 2DR COUPE,2016-2024
mercedes_benz,s_class,S CLASS S63 AMG 4MATIC 2DR COUPE AWD,2015
mercedes_benz,s_class,S CLASS S63 AMG 4MATIC CABRIOLET,2017-2024
mercedes_benz,s_class,S CLASS S65 AMG 2DR COUPE,2016-2019
mercedes_benz,s_class,S CLASS S65 AMG 4DR SEDAN RWD,2008-2013
mercedes_benz,s_class,S CLASS S65 AMG CABRIOLET,2017-2019
mercedes_benz,sl_class,SL CLASS SL450 2DR CONVERTIBLE,2017-2021
mercedes_benz,sl_class,SL CLASS SL55 AMG 2DR CONVERTIBLE,2008
mercedes_benz,sl_class,SL CLASS SL550 2DR CONVERTIBLE,2008-2021
mercedes_benz,sl_class,SL CLASS SL600 2DR CONVERTIBLE,2009-2011
mercedes_benz,sl_class,SL CLASS SL600 2DR CONVERTIBLE RWD,2008
mercedes_benz,sl_class,SL CLASS SL63 AMG 2DR CONVERTIBLE,2009-2019
mercedes_benz,sl_class,SL CLASS SL65 AMG 2DR CONVERTIBLE,"2009-2011,2013-2018"
mercedes_benz,sl_class,SL CLASS SL65 AMG 2DR CONVERTIBLE RWD,2008
mercedes_benz,slc_class,SLC CLASS SLC 300 2DR CONVERTIBLE,2017-2024
mercedes_benz,slc_class,SLC CLASS SLC 43 AMG 2DR CONVERTIBLE,2017-2024
mercedes_benz,slk_class,SLK CLASS SLK 250 2DR CONVERTIBLE,2013-2016
mercedes_benz,slk_class,SLK CLASS SLK 350 2DR CONVERTIBLE,2013-2016
mercedes_benz,slk_class,SLK CLASS SLK 350 CONVERTIBLE,2012
mercedes_benz,slk_class,SLK CLASS SLK 55 AMG 2DR CONVERTIBLE,2013-2016
mercedes_benz,slr_mclaren,SLR McLAREN 2DR COUPE RWD,2004-2007
mercedes_benz,slr_mclaren,SLR McLAREN ROADSTER 2DR CONV,2008-2009
mercedes_benz,sprinter,SPRINTER 1500 CARGO 144-IN WB HIGH ROOF,2019-2026
mercedes_benz,sprinter,SPRINTER 1500 CARGO 144-IN WB STANDARD ROOF,2019-2026
mercedes_benz,sprinter,SPRINTER 1500 PASSENGER 144-IN WB HIGH ROOF,2019-2026
mercedes_benz,sprinter,SPRINTER 2500 CARGO 144-IN WB HIGH ROOF,2019-2026
mercedes_benz,sprinter,SPRINTER 2500 CARGO 144-IN WB HIGH ROOF 4WD,2019-2026
mercedes_benz,sprinter,SPRINTER 2500 CARGO 144-IN WB STANDARD ROOF,2019-2026
mercedes_benz,sprinter,SPRINTER 2500 CARGO 144-IN WB STANDARD ROOF 4WD,2019-2026
mercedes_benz,sprinter,SPRINTER 2500 CARGO 170-IN WB HIGH ROOF,2019-2026
mercedes_benz,sprinter,SPRINTER 2500 CARGO 170-IN WB HIGH ROOF 4WD,2019-2026
mercedes_benz,sprinter,SPRINTER 2500 CARGO VAN 144-IN WB HIGH RO,2010-2018
mercedes_benz,sprinter,SPRINTER 2500 CARGO VAN 144-IN WB STANDARD RO,2010-2018
mercedes_benz,sprinter,SPRINTER 2500 CARGO VAN 170-IN WB EXTRALONG H,2010-2018
mercedes_benz,sprinter,SPRINTER 2500 CARGO VAN 170-IN WB EXTRALONG S,2011-2018
mercedes_benz,sprinter,SPRINTER 2500 CARGO VAN 170-IN WB HIGH ROOF,2010-2018
mercedes_benz,sprinter,SPRINTER 2500 CARGO VAN 170-IN WB SUPER HIGH,2011-2018
mercedes_benz,sprinter,SPRINTER 2500 CARGO VAN 4X4 144-IN WB HIGH RO,2015-2018
mercedes_benz,sprinter,SPRINTER 2500 CARGO VAN 4X4 144-IN WB STANDARD RO,2015-2018
mercedes_benz,sprinter,SPRINTER 2500 CARGO VAN 4X4 170-IN WB EXTRALONG H,2015-2018
mercedes_benz,sprinter,SPRINTER 2500 CREW 144-IN WB HIGH ROOF,2019-2026
mercedes_benz,sprinter,SPRINTER 2500 CREW 170-IN WB HIGH ROOF,2019-2026
mercedes_benz,sprinter,SPRINTER 2500 EXT CARGO 170-IN WB HIGH ROOF,2019-2026
mercedes_benz,sprinter,SPRINTER 2500 EXT CARGO 170-IN WB HIGH ROOF 4WD,2019-2026
mercedes_benz,sprinter,SPRINTER 2500 PASSENGER 144-IN WB HIGH ROOF,2019-2026
mercedes_benz,sprinter,SPRINTER 2500 PASSENGER 144-IN WB HIGH ROOF 4WD,2019-2026
mercedes_benz,sprinter,SPRINTER 2500 PASSENGER 170-IN WB HIGH ROOF,2019-2026
mercedes_benz,sprinter,SPRINTER 2500 PASSENGER VAN  4X4 144-IN WB HIGH RO,2015-2018
mercedes_benz,sprinter,SPRINTER 2500 PASSENGER VAN 144-IN WB HIGH RO,"2010,2012-2018"
mercedes_benz,sprinter,SPRINTER 2500 PASSENGER VAN 144-IN WB STANDAR,2010-2018
mercedes_benz,sprinter,SPRINTER 2500 PASSENGER VAN 170-IN WB HIGH RO,2010-2018
mercedes_benz,sprinter,SPRINTER 2500 PASSENGER VAN 4X4 144-IN WB STANDAR,2015-2018
mercedes_benz,sprinter,SPRINTER 2500 PASSENGER VAN 4X4 170-IN WB HIGH RO,2015-2018
mercedes_benz,sprinter,SPRINTER 3500 CAB CHASSIS 144-IN WB,2010-2013
mercedes_benz,sprinter,SPRINTER 3500 CAB CHASSIS 170-IN WB,2010-2013
mercedes_benz,sprinter,SPRINTER 3500 CARGO 144-IN WB HIGH ROOF,2019-2026
mercedes_benz,sprinter,SPRINTER 3500 CARGO 170-IN WB HIGH ROOF,2019-2026
mercedes_benz,sprinter,SPRINTER 3500 CARGO VAN 144-IN WB HIGH ROOF,2010-2018
mercedes_benz,sprinter,SPRINTER 3500 CARGO VAN 170-IN WB EXTRALONG H,2010-2018
mercedes_benz,sprinter,SPRINTER 3500 CARGO VAN 170-IN WB EXTRALONG S,2011-2018
mercedes_benz,sprinter,SPRINTER 3500 CARGO VAN 170-IN WB HIGH ROOF,2010-2018
mercedes_benz,sprinter,SPRINTER 3500 CARGO VAN 170-IN WB SUPER HIGH,2011-2018
mercedes_benz,sprinter,SPRINTER 3500 CARGO VAN 4X4 144-IN WB HIGH ROOF,2015-2018
mercedes_benz,sprinter,SPRINTER 3500 CARGO VAN 4X4 170-IN WB EXTRALONG H,2015-2018
mercedes_benz,sprinter,SPRINTER 3500 CREW 144-IN WB HIGH ROOF,2019-2026
mercedes_benz,sprinter,SPRINTER 3500 CREW 170-IN WB HIGH ROOF,2019-2026
mercedes_benz,sprinter,SPRINTER 3500 EXT CARGO 170-IN WB HIGH ROOF,2019-2026
mercedes_benz,sprinter,SPRINTER 3500XD CARGO 144-IN WB HIGH ROOF,2019-2026
mercedes_benz,sprinter,SPRINTER 3500XD CARGO 144-IN WB HIGH ROOF 4WD,2019-2026
mercedes_benz,sprinter,SPRINTER 3500XD CARGO 144-IN WB STANDARD ROOF,2019-2026
mercedes_benz,sprinter,SPRINTER 3500XD CARGO 144-IN WB STANDARD ROOF 4WD,2019-2026
mercedes_benz,sprinter,SPRINTER 3500XD CARGO 170-IN WB HIGH ROOF,2019-2026
mercedes_benz,sprinter,SPRINTER 3500XD CARGO 170-IN WB HIGH ROOF 4WD,2019-2026
mercedes_benz,sprinter,SPRINTER 3500XD CREW 144-IN WB HIGH ROOF,2019-2026
mercedes_benz,sprinter,SPRINTER 3500XD CREW 170-IN WB HIGH ROOF,2019-2026
mercedes_benz,sprinter,SPRINTER 3500XD EXT CARGO 170-IN WB HIGH ROOF,2019-2026
mercedes_benz,sprinter,SPRINTER 3500XD EXT CARGO 170-IN WB HIGH ROOF 4WD,2019-2026
mercedes_benz,sprinter,SPRINTER 4500 CARGO 144-IN WB HIGH ROOF,2019-2026
mercedes_benz,sprinter,SPRINTER 4500 CARGO 144-IN WB STANDARD ROOF,2019-2026
mercedes_benz,sprinter,SPRINTER 4500 CARGO 170-IN WB HIGH ROOF,2019-2026
mercedes_benz,sprinter,SPRINTER 4500 CREW 144-IN WB HIGH ROOF,2019-2026
mercedes_benz,sprinter,SPRINTER 4500 CREW 170-IN WB HIGH ROOF,2019-2026
mercedes_benz,sprinter,SPRINTER 4500 EXT CARGO 170-IN WB HIGH ROOF,2019-2026
mercury,capri,CAPRI,1981-1982
mercury,capri,CAPRI GS,1983-1986
mercury,capri,CAPRI RS,1983-1986
mercury,capri,CAPRI RS TURBO,1983-1984
mercury,cougar,COUGAR & COUGAR LS,1983-1984
mercury,cougar,COUGAR 2 DR,1981-1982
mercury,cougar,COUGAR 2DR COUPE XR7,1994-1997
mercury,cougar,COUGAR 2DR HATCHBACK,1999
mercury,cougar,COUGAR 2DR HATCHBACK V6,1999
mercury,cougar,COUGAR 4 DR,1981-1982
mercury,cougar,COUGAR BASE,1985-1986
mercury,cougar,COUGAR LS,1985-1986
mercury,cougar,COUGAR LS 2 DR COUPE,1987-1989
mercury,cougar,COUGAR LS/XR7 2DR COUPE,1990-1993
mercury,cougar,COUGAR WAGON,1982
mercury,cougar,COUGAR XR 7,1982
mercury,cougar,COUGAR XR-7,1985-1986
mercury,cougar,COUGAR XR-7 2 DR COUPE,1987-1989
mercury,cougar,COUGAR XR-7 TURBO,1984
mercury,cougar,COUGAR XR7,1981
mercury,grand_marquis,GRAND MARQUIS 2 DR & 4 DR,1983-1984
mercury,grand_marquis,GRAND MARQUIS 2 DR COUPE,1987
mercury,grand_marquis,GRAND MARQUIS 4 DR SEDAN,1987
mercury,grand_marquis,GRAND MARQUIS 4DR SEDAN GS/LS,1994-1999
mercury,grand_marquis,GRAND MARQUIS 4DR SEDAN RWD LS ULTIMATE,2009
mercury,grand_marquis,GRAND MARQUIS COLONY PARK GS/LS WAGON,"1988,1990-1991"
mercury,grand_marquis,GRAND MARQUIS GS/LS 4 DR SEDAN,1988-1989
mercury,grand_marquis,GRAND MARQUIS GS/LS SEDAN,1990-1993
mercury,grand_marquis,GRAND MARQUIS GS/LS WAGON,1989
mercury,grand_marquis,GRAND MARQUIS STAT. WAGON,1983-1984
mercury,grand_marquis,GRAND MARQUIS WAGON,1985-1987
mercury,lynx,LYNX 3 DR,1981-1982
mercury,lynx,LYNX 5 DR,1981-1982
mercury,lynx,LYNX GS 2 DR,1985-1986
mercury,lynx,LYNX GS 4 DR,1985-1986
mercury,lynx,LYNX GS WAGON,1985-1986
mercury,lynx,LYNX L 2 DR,1985-1986
mercury,lynx,LYNX L 4 DR,1985-1986
mercury,lynx,LYNX L HB 4 DR,1983-1984
mercury,lynx,LYNX L WAGON,1985-1986
mercury,lynx,LYNX L-FS & L HB 2 DR,1983-1984
mercury,lynx,LYNX RS & RS TURBO,1983-1984
mercury,lynx,LYNX WAGON,1981-1984
mercury,marquis,GRAND 2 DR MARQUIS,1985-1986
mercury,marquis,GRAND 4 DR MARQUIS,1985-1986
mercury,marquis,MARQUIS,1983-1984
mercury,marquis,MARQUIS 2 DR,1981-1982
mercury,marquis,MARQUIS 4 DR,1981-1982
mercury,marquis,MARQUIS BASE 4 DR,1985
mercury,marquis,MARQUIS BASE/BROUGHAM 4 DR,1986
mercury,marquis,MARQUIS LTS 4 DR,1985
mercury,marquis,MARQUIS STATION WAGON,1983-1986
mercury,marquis,MARQUIS WAGON,1982
mercury,mystique,MYSTIQUE 4DR SEDAN GS/LS,1995-1999
mercury,sable,SABLE 4DR SEDAN GS/LS,"1994,1997-1999"
mercury,sable,SABLE 4DR SEDAN GS/LS/LTS,1995-1996
mercury,sable,SABLE 4DR WAGON GS/LS,1994-1998
mercury,sable,SABLE 4DR WAGON LS,1999
mercury,sable,SABLE GS/LS 4 DR SEDAN,1987-1989
mercury,sable,SABLE GS/LS 4DR SEDAN,1990-1993
mercury,sable,SABLE GS/LS SEDAN,1986
mercury,sable,SABLE GS/LS WAGON,1986-1993
mercury,topaz,TOPAZ 2DR COUPE GS,1994
mercury,topaz,TOPAZ 4DR SEDAN GS/LS,1994
mercury,topaz,TOPAZ GS 2 DR,1985-1986
mercury,topaz,TOPAZ GS 2 DR COUPE,1987
mercury,topaz,TOPAZ GS 2DR SEDAN,1993
mercury,topaz,TOPAZ GS 4 DR,1985-1986
mercury,topaz,TOPAZ GS 4 DR SEDAN,1987
mercury,topaz,TOPAZ GS/LS 4DR SEDAN,1993
mercury,topaz,TOPAZ GS/LS/LTS 4DR SEDAN,1992
mercury,topaz,TOPAZ GS/XR5 2DR SEDAN,1992
mercury,topaz,TOPAZ L & ES & LS 4 DR,1984
mercury,topaz,TOPAZ L & GS & L 2 DR,1984
mercury,topaz,TOPAZ L 2 DR,1985-1986
mercury,topaz,TOPAZ L 2 DR COUPE,1987
mercury,topaz,TOPAZ L 4 DR,1985-1986
mercury,topaz,TOPAZ L 4 DR SEDAN,1987
mercury,topaz,TOPAZ L/GS/LS/LTS 4 DR SEDAN,1988-1989
mercury,topaz,TOPAZ L/GS/LS/LTS 4DR SEDAN,1990-1991
mercury,topaz,TOPAZ L/GS/XR5 2 DR COUPE,1988-1989
mercury,topaz,TOPAZ L/GS/XR5 2DR SEDAN,1990-1991
mercury,topaz,TOPAZ LS 2 DR,1985-1986
mercury,topaz,TOPAZ LS 4 DR,1985-1986
mercury,topaz,TOPAZ LS 4 DR SEDAN,1987
mercury,tracer,TRACER 2 DR HATCHBACK,1989
mercury,tracer,TRACER 4 DR HATCHBACK,1989
mercury,tracer,TRACER BASE/LTS 4DR SEDAN,1990-1993
mercury,tracer,TRACER GS/LS 4 DR HATCHBACK,1987-1988
mercury,tracer,TRACER L/LS/GS 2 DR HATCHBACK,1988
mercury,tracer,TRACER LS WAGON,1988
mercury,tracer,TRACER LS/GS/LS 2 DR HATCHBACK,1987
mercury,tracer,TRACER WAGON,1989
mercury,zephyr,ZEPHYR  Z-7,1981
mercury,zephyr,ZEPHYR 4 DR,1981-1982
mercury,zephyr,ZEPHYR WAGON,1981
mercury,zephyr,ZEPHYR Z-7,1982
mini,clubman,CLUBMAN COOPER,2016-2018
mini,clubman,CLUBMAN COOPER 3DR HATCH FWD,2015
mini,clubman,CLUBMAN COOPER ALL4,2016-2024
mini,clubman,CLUBMAN COOPER S,2017-2018
mini,clubman,CLUBMAN COOPER S 3DR HATCH FWD,2015
mini,clubman,CLUBMAN COOPER S ALL4 / JOHN COOPER WORKS ALL4,2017-2024
mini,clubman,CLUBMAN JOHN COOPER WORKS 3DR HATCH FWD,2015
mini,clubman,JOHN COOPER WORKS CLUBMAN 3DR HATCH FWD,2009-2014
mini,cooper,3 DOOR COOPER ELECTRIC HATCH FWD,2022-2024
mini,cooper,3 DOOR COOPER HATCH FWD,2015-2024
mini,cooper,3 DOOR COOPER S HATCH FWD,2015-2024
mini,cooper,3 DOOR JOHN COOPER WORKS HATCH FWD,2015-2024
mini,cooper,5 DOOR COOPER HATCH FWD,2015-2024
mini,cooper,5 DOOR COOPER S HATCH FWD,2015-2024
mini,cooper,CONVERTIBLE COOPER 2DR FWD,2015-2024
mini,cooper,CONVERTIBLE COOPER S / JOHN COOPER WORKS 2DR FWD,2017-2024
mini,cooper,CONVERTIBLE COOPER S 2DR FWD,2015-2016
mini,cooper,CONVERTIBLE JOHN COOPER WORKS 2DR FWD,2015
mini,cooper,COOPER 2DR CONVERTIBLE,2025-2026
mini,cooper,COOPER 2DR CONVERTIBLE FWD,2005-2012
mini,cooper,COOPER 2DR HATCH FWD,"2007,2013-2014"
mini,cooper,COOPER 2DR HATCHBACK,2025-2026
mini,cooper,COOPER 4DR HATCHBACK,2025-2026
mini,cooper,COOPER CLASSIC/COOPER 2DR HATCH FWD,"2002-2006,2008-2012"
mini,cooper,COOPER CLUBMAN / COOPER CLUBMAN S 5DR HATCH F,2008
mini,cooper,COOPER CLUBMAN 3DR HATCH FWD,2012-2014
mini,cooper,COOPER CLUBMAN 4DR HATCH FWD,2009-2011
mini,cooper,COOPER CLUBMAN S 3DR HATCH FWD,2012
mini,cooper,COOPER CLUBMAN S 4DR HATCH FWD,2009-2011
mini,cooper,COOPER CLUBVAN 3DR HATCH FWD,2013
mini,cooper,COOPER COUNTRYMAN 4 DR SUV,2013-2014
mini,cooper,COOPER S 2DR CONVERTIBLE FWD,2005-2014
mini,cooper,COOPER S 2DR HATCH FWD,2002-2014
mini,cooper,COOPER S ALL4 COUNTRYMAN 4 DR SUV AWD,2014
mini,cooper,COOPER S CLUBMAN 3DR HATCH FWD,2013-2014
mini,cooper,COOPER S COUNTRYMAN 4 DR SUV,2013
mini,cooper,COOPER S COUNTRYMAN 4 DR SUV BASE/S,2013
mini,cooper,COOPER S COUPE 2DR COUPE,2012-2014
mini,cooper,COOPER S ROADSTER,2012-2014
mini,cooper,COOPER SE BEV 4DR HATCHBACK,2026
mini,cooper,COUPE COOPER S 2DR COUPE,2015-2016
mini,cooper,COUPE JOHN COOPER WORKS 2DR COUPE,2015-2016
mini,cooper,JOHN COOPER WORKS 2DR CONVERTIBLE FWD,2012-2014
mini,cooper,JOHN COOPER WORKS 2DR HATCH FWD,2009-2012
mini,cooper,JOHN COOPER WORKS COUPE 2DR COUPE,2012-2014
mini,cooper,JOHN COOPER WORKS ROADSTER,2012-2014
mini,cooper,JOHN COOPER WORKS/JCW GP 2DR HATCH FWD,2013
mini,cooper,ROADSTER COOPER S 2DR FWD,2015
mini,cooper,ROADSTER JOHN COOPER WORKS 2D FWD,2015
mini,cooper_convertible,COOPER CONVERTIBLE 2DR FWD,2013-2014
mini,cooper_coupe,COOPER COUPE 2DR COUPE,2012-2014
mini,cooper_roadster,COOPER ROADSTER,2012-2014
mini,countryman,COUNTRYMAN 4 DR SUV BASE/S,2011-2012
mini,countryman,COUNTRYMAN 4DR SUV,2025-2026
mini,countryman,COUNTRYMAN BEV 4DR SUV,2026
mini,countryman,COUNTRYMAN COOPER,2017-2018
mini,countryman,COUNTRYMAN COOPER ALL4 4DR SUV,2017-2024
mini,countryman,COUNTRYMAN COOPER S / JOHN COOPER WORKS ALL4 4DR SUV,2017-2018
mini,countryman,COUNTRYMAN COOPER S ALL4 / JOHN COOPER WORKS ALL4 4DR SUV,2019-2024
mini,countryman,COUNTRYMAN COOPER S ALL4 4DR SUV,2016
mini,countryman,COUNTRYMAN COOPER S ALL4 4DR SUV AWD,2015
mini,countryman,COUNTRYMAN COOPER S E ALL4,2019
mini,countryman,COUNTRYMAN COOPER SE ALL4,2020-2024
mini,countryman,COUNTRYMAN JOHN COOPER WORKS ALL4 4DR SUV,2015-2016
mini,countryman,COUNTRYMAN SE 4DR SUV,2025
mini,countryman,JOHN COOPER WORKS ALL4 COUNTRYMAN 4 DR SUV,2013-2014
mini,paceman,PACEMAN 2DR COUPE,2013-2014
mini,paceman,PACEMAN COOPER S 2DR COUPE AWD,2015
mini,paceman,PACEMAN COOPER S ALL4 2DR COUPE,2016-2017
mini,paceman,PACEMAN JOHN COOPER WORKS 2DR COUPE AWD,2015
mini,paceman,PACEMAN JOHN COOPER WORKS ALL4 2DR COUPE,2016
mini,paceman,PACEMAN S ALL4/JCW ALL4 2DR COUPE,2013-2014
mitsubishi,diamante,DIAMANTE 4DR SEDAN FWD ES/LS/VR-X,2004
mitsubishi,diamante,DIAMANTE ES,2002
mitsubishi,diamante,DIAMANTE LS,2002
mitsubishi,eclipse,ECLIPSE COUPE 2DR COUPE GS,2006
mitsubishi,eclipse,ECLIPSE COUPE 2DR COUPE GT,2006
mitsubishi,eclipse,ECLIPSE COUPE 2DR COUPE GT/GT PREMIUM,2003-2005
mitsubishi,eclipse,ECLIPSE COUPE 2DR COUPE RS/GS,2003-2005
mitsubishi,eclipse,ECLIPSE GS 2DR COUPE,2008-2012
mitsubishi,eclipse,ECLIPSE GT-P 2DR COUPE,2008-2012
mitsubishi,eclipse,ECLIPSE RS MT/GS MT/GT MT,2002
mitsubishi,eclipse,ECLIPSE SPYDER 2DR CONV FWD /GS,2004-2005
mitsubishi,eclipse,ECLIPSE SPYDER 2DR CONV FWD /GT PREMIUM,2004-2005
mitsubishi,eclipse,ECLIPSE SPYDER 2DR CONV GS,"2003,2007-2012"
mitsubishi,eclipse,ECLIPSE SPYDER 2DR CONV GT PREMIUM,2003
mitsubishi,eclipse,ECLIPSE SPYDER 2DR CONV GT-P,2007-2012
mitsubishi,eclipse,ECLIPSE SPYDER GS MT/GT MT,2002
mitsubishi,eclipse_cross,ECLIPSE CROSS 4DR SUV,2018-2026
mitsubishi,endeavor,ENDEAVOR 4DR SUV AWD LIMITED,2004-2007
mitsubishi,endeavor,ENDEAVOR 4DR SUV AWD LTD,2008-2009
mitsubishi,endeavor,ENDEAVOR 4DR SUV AWD SE,2010-2012
mitsubishi,endeavor,ENDEAVOR 4DR SUV FWD BASE,2008-2009
mitsubishi,endeavor,ENDEAVOR 4DR SUV FWD LS,2006-2007
mitsubishi,endeavor,ENDEAVOR 4DR SUV FWD LS/XLS,2004-2005
mitsubishi,endeavor,ENDEAVOR 4DR SUV FWD SE,2008-2009
mitsubishi,galant,GALANT 4DR SEDAN FWD /DE/ES,2003-2006
mitsubishi,galant,GALANT 4DR SEDAN FWD /ES,2007
mitsubishi,galant,GALANT 4DR SEDAN FWD /ES V6/ LS V6/ GTZ,2003
mitsubishi,galant,GALANT 4DR SEDAN FWD /GTS-V6,2004-2006
mitsubishi,galant,GALANT 4DR SEDAN FWD /LS-V6,2004-2007
mitsubishi,galant,GALANT 4DR SEDAN FWD /RALLIART-V6,2007
mitsubishi,galant,GALANT 4DR SEDAN FWD ES,2008-2010
mitsubishi,galant,GALANT 4DR SEDAN FWD LS,2008-2009
mitsubishi,galant,GALANT 4DR SEDAN FWD RALLIART,2008-2009
mitsubishi,i_miev,iMiEV,2012-2013
mitsubishi,i_miev,iMiEV 4DR HATCHBACK ES,2014-2018
mitsubishi,lancer,LANCER 4DR SEDAN AWD ES/SE LTD/GTS AWC,2017-2018
mitsubishi,lancer,LANCER 4DR SEDAN AWD SE-AWD,2012
mitsubishi,lancer,LANCER 4DR SEDAN AWD SE-AWD/GT-AWD,2013-2016
mitsubishi,lancer,LANCER 4DR SEDAN FWD /ES,2005
mitsubishi,lancer,LANCER 4DR SEDAN FWD /ES/LS,2004
mitsubishi,lancer,LANCER 4DR SEDAN FWD /OZ RALLY/RALLIART,2004-2005
mitsubishi,lancer,LANCER 4DR SEDAN FWD DE,2007
mitsubishi,lancer,LANCER 4DR SEDAN FWD DE/ES/SE,2008-2009
mitsubishi,lancer,LANCER 4DR SEDAN FWD DE/SE,2010
mitsubishi,lancer,LANCER 4DR SEDAN FWD DE/SE/GT,"2011-2013,2015-2016"
mitsubishi,lancer,LANCER 4DR SEDAN FWD DE/SE/LIMITED EDITION/GT,2014
mitsubishi,lancer,LANCER 4DR SEDAN FWD ES,2006
mitsubishi,lancer,LANCER 4DR SEDAN FWD ES/SE LTD/GTS,2017-2018
mitsubishi,lancer,LANCER 4DR SEDAN FWD EZ,2007
mitsubishi,lancer,LANCER 4DR SEDAN FWD GTS,2007-2010
mitsubishi,lancer,LANCER 4DR SEDAN FWD OZ RALLY,2006
mitsubishi,lancer,LANCER 4DR SEDAN FWD RALLIART,2006
mitsubishi,lancer,LANCER ES 4DR SEDAN FWD,2003
mitsubishi,lancer,LANCER ES MT/ ES AT,2002
mitsubishi,lancer,LANCER EVO X 4DR SEDAN AWD GSR/MR,2008-2015
mitsubishi,lancer,LANCER LS AT/ OZ MT/ OZ RALLY,2002
mitsubishi,lancer,LANCER LS/OZ RALLY 4DR SEDAN FWD,2003
mitsubishi,lancer,LANCER RALLIART 4DR SEDAN AWD,2009-2015
mitsubishi,lancer_sportback,LANCER SPORTBACK 4DR HATCH SE/GT FWD,2011-2018
mitsubishi,lancer_sportback,LANCER SPORTBACK 4DR WAGON FWD LS/RALLIART,2004
mitsubishi,lancer_sportback,LANCER SPORTBACK GTS 4DR FWD,2010
mitsubishi,lancer_sportback,LANCER SPORTBACK RALLIART 4DR AWD,2010-2011
mitsubishi,mirage,MIRAGE 4DR HATCHBACK ES/SE,2014-2015
mitsubishi,mirage,MIRAGE 5DR HATCH,2017-2025
mitsubishi,mirage,MIRAGE COUPE,2002
mitsubishi,mirage_g4,MIRAGE G4 SEDAN,2017-2020
mitsubishi,montero,MONTERO LIMITED,2006
mitsubishi,montero,MONTERO XLS/LIMITED,2002-2005
mitsubishi,montero_sport,MONTERO SPORT ES,2003
mitsubishi,montero_sport,MONTERO SPORT ES/LS,2002
mitsubishi,montero_sport,MONTERO SPORT LS/XLS/LTD,2003
mitsubishi,montero_sport,MONTERO SPORT XLS/LTD,2002
mitsubishi,outlander,OUTLANDER 4DR SUV,2022-2026
mitsubishi,outlander,OUTLANDER 4DR SUV AWD ES,2010-2015
mitsubishi,outlander,OUTLANDER 4DR SUV AWD LS/XLS,2010-2011
mitsubishi,outlander,OUTLANDER 4DR SUV AWD LS/XLS S-AWC,2012-2013
mitsubishi,outlander,OUTLANDER 4DR SUV AWD SE/GT,2014-2015
mitsubishi,outlander,OUTLANDER 4DR SUV AWD XLS,2007-2009
mitsubishi,outlander,OUTLANDER 4DR SUV ES AWC,2016-2021
mitsubishi,outlander,OUTLANDER 4DR SUV ES FWD,2016-2017
mitsubishi,outlander,OUTLANDER 4DR SUV FWD ES,2008-2015
mitsubishi,outlander,OUTLANDER 4DR SUV FWD LS,2007-2009
mitsubishi,outlander,OUTLANDER 4DR SUV SE/GT S AWC,2016-2021
mitsubishi,outlander,OUTLANDER LS 4DR SUV RWD,2003-2006
mitsubishi,outlander,OUTLANDER PHEV 4DR SUV,2018-2026
mitsubishi,outlander,OUTLANDER SE/LIMITED 4DR SUV AWD,2006
mitsubishi,outlander,OUTLANDER XLS 4DR SUV AWD,2003-2005
mitsubishi,rvr,RVR 4 DR SUV ES 2WD/SE 2WD,2011-2014
mitsubishi,rvr,RVR 4 DR SUV SE 4WD/GT 4WD,2011-2013
mitsubishi,rvr,RVR 4 DR SUV SE AWD/GT AWD,2014
mitsubishi,rvr,RVR 4DR SUV ES 2WD/SE 2WD,2015-2016
mitsubishi,rvr,RVR 4DR SUV ES/SE FWD,2017-2026
mitsubishi,rvr,RVR 4DR SUV SE AWD/GT AWD,2015
mitsubishi,rvr,RVR 4DR SUV SE/GT AWC,2016-2026
nissan,200sx,200 SX DELUXE NOTCHBACK,1986
nissan,200sx,200 SX HATCHBACK COUPE,1985
nissan,200sx,200 SX NOTCHBACK COUPE,1985
nissan,200sx,200 SX TURBO 2 DR HATCHBACK,1987-1988
nissan,200sx,200 SX TURBO HATCHBACK,1986
nissan,200sx,200 SX XE 2 DR COUPE,1987
nissan,200sx,200 SX XE 2 DR HATCHBACK,1987
nissan,200sx,200 SX XE 2 DR HATCHBACK/NOTCHBACK,1988
nissan,200sx,200SX 2DR COUPE SE,1998
nissan,200sx,200SX 2DR COUPE SE-R,1998
nissan,200sx,200SX 2DR COUPE SE/SE-R,1995-1997
nissan,240sx,240 SX 2DR CONVERTIBLE,1993
nissan,240sx,240 SX 2DR COUPE,1995-1996
nissan,240sx,240 SX COUPE,"1989-1990,1992"
nissan,240sx,240 SX HATCHBACK,1989-1990
nissan,240sx,240 SX LE COUPE,1993
nissan,240sx,240 SX SE/LE HATCHBACK,1992-1993
nissan,240sx,240 SX XE/LE COUPE,1991
nissan,240sx,240 SX XE/SE/LE HATCHBACK,1991
nissan,240sx,240SX 2DR COUPE SE/LE,1997-1998
nissan,300zx,300 ZX 2+2 GL,1986
nissan,300zx,300 ZX 2+2 GL 2 DR HATCHBACK,1987
nissan,300zx,300 ZX 2+2 GL TURBO 2 DR HATCHBACK,1987
nissan,300zx,300 ZX 2+2 GL/GLL/GLL TURBO 2 DR HATCH,1989
nissan,300zx,300 ZX 2+2 GL/GLL/GLL TURBO 2 DR HATCHBA,1988
nissan,300zx,300 ZX 2+2 TURBO GL,1986
nissan,300zx,300 ZX DLX SPORT COUPE,1986
nissan,300zx,300 ZX GL,1985
nissan,300zx,300 ZX GL 2 DR HATCHBACK,1987
nissan,300zx,300 ZX GL 2+2,1985
nissan,300zx,300 ZX GL SPORT COUPE,1986
nissan,300zx,300 ZX GL TURBO 2 DR HATCHBACK,1987
nissan,300zx,300 ZX SPORT 2 DR HATCHBACK,1987
nissan,300zx,300 ZX SPORT/GL/GL TURBO/GLL TURBO 2 DR,1988
nissan,300zx,300 ZX SPORT/GL/GL TURBO/GLL TURBO 2DR,1989
nissan,300zx,300 ZX SPORTS COUPE,1985
nissan,300zx,300 ZX TURBO GL SPORT COUPE,1986
nissan,300zx,300ZX 2+2 2DR COUPE,1990-1993
nissan,300zx,300ZX 2DR CONVERTIBLE,1994-1996
nissan,300zx,300ZX 2DR COUPE,1990-1996
nissan,300zx,300ZX 2DR COUPE 2+2,1994-1996
nissan,300zx,300ZX 2DR COUPE TWIN TURBO,1994-1996
nissan,300zx,300ZX TWIN TURBO 2DR COUPE,1990-1993
nissan,350z,350Z,2003
nissan,350z,350Z 2DR COUPE RWD /GT,2007
nissan,350z,350Z 2DR COUPE RWD /PERFORMANCE/TOURING/TRACK,2004-2006
nissan,350z,350Z COUPE 2DR RWD,2008
nissan,350z,350Z ROADSTER 2 DR CONV RWD,"2004-2006,2008-2009"
nissan,350z,350Z ROADSTER 2 DR CONV RWD /GT,2007
nissan,370z,370Z COUPE 2DR RWD,2009-2014
nissan,370z,370Z NISMO 2 DR COUPE,2011-2021
nissan,370z,370Z ROADSTER 2DR RWD,2010-2021
nissan,370z,370Z TOURING COUPE 2DR RWD,2015-2021
nissan,altima,ALTIMA 2.5 4DR SEDAN,2016-2018
nissan,altima,ALTIMA 2.5/2.5S/2.5SV/2.5SL 4DR SEDAN,2013-2015
nissan,altima,ALTIMA 2DR COUPE 2.5S,2008-2013
nissan,altima,ALTIMA 2DR COUPE 3.5SE,2008-2009
nissan,altima,ALTIMA 2DR COUPE 3.5SR,2010-2012
nissan,altima,ALTIMA 3.5 4DR SEDAN,2016-2018
nissan,altima,ALTIMA 3.5SL 4DR SEDAN,2014-2015
nissan,altima,ALTIMA 3.5SV/3.5SL 4DR SEDAN,2013
nissan,altima,ALTIMA 4DR SEDAN,2019-2026
nissan,altima,ALTIMA 4DR SEDAN FWD /2.5 SL,2004
nissan,altima,ALTIMA 4DR SEDAN FWD /2.5/2.5S EXTRA,2004
nissan,altima,ALTIMA 4DR SEDAN FWD /2.5S,2005-2007
nissan,altima,ALTIMA 4DR SEDAN FWD /3.5 S/3.5 SE,2005-2007
nissan,altima,ALTIMA 4DR SEDAN FWD /3.5 SE,2004
nissan,altima,ALTIMA 4DR SEDAN FWD /SE-R,2005-2006
nissan,altima,ALTIMA 4DR SEDAN FWD 2.5S,2008-2012
nissan,altima,ALTIMA 4DR SEDAN FWD 3.5 S/3.5 SE,2008-2009
nissan,altima,ALTIMA 4DR SEDAN FWD 3.5 S/3.5SR,2010-2012
nissan,altima,ALTIMA 4DR SEDAN GLE,2001
nissan,altima,ALTIMA 4DR SEDAN S,2002-2003
nissan,altima,ALTIMA 4DR SEDAN SE,2002-2003
nissan,altima,ALTIMA 4DR SEDAN SL,2002-2003
nissan,altima,ALTIMA 4DR SEDAN XE/GXE/GLE/SE,1998
nissan,altima,ALTIMA 4DR SEDAN XE/GXE/SE,2001
nissan,altima,ALTIMA 4DR SEDAN XE/GXE/SE/GLE,"1994-1996,1999-2000"
nissan,altima,ALTIMA 4DR SEDAN XE/SE,1997
nissan,altima,ALTIMA HYBRID 4DR SEDAN FWD,2007-2011
nissan,altima,ALTIMA XE/GXE/SE 4DR SEDAN,1993
nissan,armada,ARMADA 4DR SUV,2016-2024
nissan,armada,ARMADA 4DR SUV 4WD LE,2008-2011
nissan,armada,ARMADA 4DR SUV 4WD PLATINUM,2012-2015
nissan,armada,ARMADA 4DR SUV AWD SE/LE,2006-2007
nissan,armada,ARMADA PLATINUM 4DR SUV,2025-2026
nissan,armada,ARMADA PRO-4X 4DR SUV,2025-2026
nissan,armada,ARMADA SL 4DR SUV,2025-2026
nissan,axxess,AXXESS 4DR WAGON AWD SE,1994-1995
nissan,axxess,AXXESS 4DR WAGON FWD XE/SE,1994-1995
nissan,axxess,AXXESS FWD,1989
nissan,axxess,AXXESS FWD/AWD WAGON,1991-1993
nissan,axxess,AXXESS XE AWD/EURO AWD WAGON,1990
nissan,axxess,AXXESS XE FWD,1990
nissan,cube,CUBE 5DR HATCH,2009
nissan,cube,CUBE 5DR HATCH 1.8 S/1.8 SL,2012-2014
nissan,cube,CUBE 5DR HATCH S/SL,2010-2011
nissan,frontier,FRONTIER CREW CAB,2022-2026
nissan,frontier,FRONTIER CREW CAB 4X2 SE,"2002-2004,2006-2010"
nissan,frontier,FRONTIER CREW CAB 4X2 SE/LE,2005
nissan,frontier,FRONTIER CREW CAB 4X2 SE/SC V6,2001
nissan,frontier,FRONTIER CREW CAB 4X2 SV,2011-2014
nissan,frontier,FRONTIER CREW CAB 4X2 XE V6,2001
nissan,frontier,FRONTIER CREW CAB 4X4 LE/NISMO,2006-2009
nissan,frontier,FRONTIER CREW CAB 4X4 PRO-4X,2012-2021
nissan,frontier,FRONTIER CREW CAB 4X4 SC-V6,2003-2004
nissan,frontier,FRONTIER CREW CAB 4X4 SE-V6,2003-2004
nissan,frontier,FRONTIER CREW CAB 4X4 SE/LE/NISMO,2005
nissan,frontier,FRONTIER CREW CAB 4X4 SE/LE/PRO-4X,2010
nissan,frontier,FRONTIER CREW CAB 4X4 SE/SC V6,2001
nissan,frontier,FRONTIER CREW CAB 4X4 SL,2012-2021
nissan,frontier,FRONTIER CREW CAB 4X4 SV,2012-2021
nissan,frontier,FRONTIER CREW CAB 4X4 SV/SL/PRO-4X,2011
nissan,frontier,FRONTIER CREW CAB 4X4 XE V6,2001
nissan,frontier,FRONTIER CREW CAB L/BOX 4X2 XE,2002
nissan,frontier,FRONTIER CREW CAB Long Bed 4X4 SC,2002
nissan,frontier,FRONTIER CREW CAB S/BOX,2022-2026
nissan,frontier,FRONTIER CREW CAB XE/SE 4x2,2000
nissan,frontier,FRONTIER CREW CAB XE/SE 4x4,2000
nissan,frontier,FRONTIER KING CAB,2022-2026
nissan,frontier,FRONTIER KING CAB 4X2 XE,2001-2004
nissan,frontier,FRONTIER KING CAB 4X2 XE V6,2001-2004
nissan,frontier,FRONTIER KING CAB 4X4 SE/LE/NISMO,2005-2009
nissan,frontier,FRONTIER KING CAB 4X4 SE/PRO-4X,2010
nissan,frontier,FRONTIER KING CAB 4X4 SV/PRO-4X,2011-2021
nissan,frontier,FRONTIER KING CAB 4X4 XE V6,2001-2004
nissan,frontier,FRONTIER KING CAB S/BOX 4X2 S,2011-2021
nissan,frontier,FRONTIER KING CAB S/BOX 4X2 SE,2010
nissan,frontier,FRONTIER KING CAB S/BOX 4X2 SE/LE,2005-2009
nissan,frontier,FRONTIER KING CAB S/BOX 4X2 SV,2011-2021
nissan,frontier,FRONTIER KING CAB S/BOX 4X2 XE,2005-2010
nissan,frontier,FRONTIER KING CAB SE 4X2,1998-2000
nissan,frontier,FRONTIER KING CAB SE 4X4,1998
nissan,frontier,FRONTIER KING CAB SE-V6 4X4,1999
nissan,frontier,FRONTIER KING CAB XE 4X2,1998-2000
nissan,frontier,FRONTIER KING CAB XE 4X4,1998
nissan,frontier,FRONTIER KING CAB XE-V6 4X4,1999-2000
nissan,frontier,FRONTIER REG CAB STD 4X2,1998
nissan,frontier,FRONTIER REG CAB XE 4X2,1998-1999
nissan,frontier,FRONTIER REG CAB XE 4X4,1998-1999
nissan,gt_r,GT-R 2DR COUPE,2016-2024
nissan,gt_r,GT-R 2DR COUPE AWD,2008-2011
nissan,gt_r,GT-R 2DR COUPE AWD PREMIUM/BLACK EDITION,2012-2015
nissan,juke,JUKE 4 DR SUV NISMO AWD,2014
nissan,juke,JUKE 4 DR SUV NISMO/NISMO RS FWD,2014
nissan,juke,JUKE 4 DR SUV SV AWD/SL AWD,2011-2014
nissan,juke,JUKE 4 DR SUV SV FWD/SL FWD,2011-2014
nissan,juke,JUKE 4DR SUV NISMO AWD,2017
nissan,juke,JUKE 4DR SUV NISMO RS FWD,2015-2016
nissan,juke,JUKE 4DR SUV NISMO/NISMO RS AWD,2015-2016
nissan,juke,JUKE 4DR SUV SV AWD/SL AWD,2015-2016
nissan,juke,JUKE 4DR SUV SV FWD,2015-2017
nissan,juke,JUKE 4DR SUV SV/SL AWD,2017
nissan,kicks,KICKS 4DR SUV,2019-2024
nissan,kicks,KICKS 4DR SUV AWD,2025-2026
nissan,kicks,KICKS 4DR SUV FWD,2025-2026
nissan,kicks_play,KICKS PLAY 4DR SUV,2025-2026
nissan,leaf,LEAF 4DR HATCHBACK S/SV,2016-2017
nissan,leaf,LEAF 4DR HATCHBACK SL,2016-2017
nissan,leaf,LEAF 4DR HATCHBACK SV/SL,2012-2015
nissan,leaf,LEAF 4DR SUV,2026-2027
nissan,leaf,LEAF 5DR HATCHBACK,2018-2025
nissan,maxima,MAXIMA 4DR SEDAN,2016-2025
nissan,maxima,MAXIMA 4DR SEDAN FWD /3.5 SE 5-Seat/3.5 SE 4-,2005-2007
nissan,maxima,MAXIMA 4DR SEDAN FWD /SE 5-Seat/SE 4-Seat/SL,2004
nissan,maxima,MAXIMA 4DR SEDAN FWD /SV,2009
nissan,maxima,MAXIMA 4DR SEDAN FWD 3.5S/3.5SV,2010-2011
nissan,maxima,MAXIMA 4DR SEDAN FWD 3.5SE/3.5SL,2008
nissan,maxima,MAXIMA 4DR SEDAN FWD 3.5SV,2012-2014
nissan,maxima,MAXIMA 4DR SEDAN GLE,2003
nissan,maxima,MAXIMA 4DR SEDAN GXE/BROUGHAM/SE,1994
nissan,maxima,MAXIMA 4DR SEDAN GXE/ES/SE/GLE,1999
nissan,maxima,MAXIMA 4DR SEDAN GXE/GLE/SE,"1998,2000"
nissan,maxima,MAXIMA 4DR SEDAN GXE/SE,2003
nissan,maxima,MAXIMA 4DR SEDAN GXE/SE/GLE,"1995-1997,2001-2002"
nissan,maxima,MAXIMA GL SEDAN,1985
nissan,maxima,MAXIMA GXE 4 DR SEDAN,1987
nissan,maxima,MAXIMA GXE SEDAN,1986
nissan,maxima,MAXIMA GXE/BROUGHAM/SE 4DR SEDAN,1990-1993
nissan,maxima,MAXIMA SE 4 DR SEDAN,1987
nissan,maxima,MAXIMA SE SEDAN,1985-1986
nissan,maxima,MAXIMA SE/GXE/BROUGHAM 4 DR SEDAN,1988-1989
nissan,micra,MICRA 2 DR HATCHBACK,1988-1991
nissan,micra,MICRA 4 DR HATCHBACK,1988-1990
nissan,micra,MICRA 4DR HATCHBACK,2016-2020
nissan,micra,MICRA 4DR HATCHBACK  S/SV/KROM/SR,2015
nissan,micra,MICRA DELUXE,1985-1986
nissan,micra,MICRA E /XE 4 DR HATCHBACK,1987
nissan,micra,MICRA E/XE 2 DR HATCHBACK,1987
nissan,micra,MICRA GL,1985-1986
nissan,murano,MURANO 4 DR SUV S AWD,2014
nissan,murano,MURANO 4 DR SUV S AWD/SV AWD,2011-2013
nissan,murano,MURANO 4 DR SUV SL AWD/LE AWD,2011-2013
nissan,murano,MURANO 4 DR SUV SV AWD/SL AWD/PLATINUM AWD,2014
nissan,murano,MURANO 4DR SUV AWD,2016-2024
nissan,murano,MURANO 4DR SUV AWD LE,2009-2010
nissan,murano,MURANO 4DR SUV AWD S/SL,2009-2010
nissan,murano,MURANO 4DR SUV AWD SE,2006-2007
nissan,murano,MURANO 4DR SUV AWD SL/SE,2004-2005
nissan,murano,MURANO 4DR SUV FWD,2016-2024
nissan,murano,MURANO 4DR SUV FWD SL,2006-2007
nissan,murano,MURANO PLATINUM 4DR SUV,2025-2026
nissan,murano,MURANO S/SV FWD 4DR SUV,2015
nissan,murano,MURANO SL/SE 4DR SUV AWD,2003
nissan,murano,MURANO SV/SL 4DR SUV,2025-2026
nissan,murano,MURANO SV/SL/PLATINUM 4DR SUV AWD,2015
nissan,nv,NV1500 STANDARD ROOF S,2012-2023
nissan,nv,NV2500 HIGHROOF V6 S,2012-2023
nissan,nv,NV2500 HIGHROOF V6 SV/V8 S,2012-2023
nissan,nv,NV2500 HIGHROOF V8 SV,2012-2023
nissan,nv,NV2500 STANDARD ROOF V6 S/V6 SV/V8 S,2013-2023
nissan,nv,NV2500 STANDARD ROOF V6 S/V6/SV/V8 S,2012
nissan,nv,NV2500 STANDARD ROOF V8 SV,2012-2023
nissan,nv,NV3500 HIGHROOF V8 S,2012-2023
nissan,nv,NV3500 HIGHROOF V8 SV,2012-2023
nissan,nv,NV3500 PASSENGER VAN STANDARD ROOF S V6/S V8/,2013-2023
nissan,nv,NV3500 PASSENGER VAN STANDARD ROOF SV V8/SL V,2013-2023
nissan,nv,NV3500 STANDARD ROOF V8 S,2012-2023
nissan,nv,NV3500 STANDARD ROOF V8 SV,2012-2023
nissan,nv200,NV200 S/SV VAN,2013-2023
nissan,nx,NX 1600 2DR COUPE,1991-1993
nissan,nx,NX 2000 2DR COUPE,1991-1993
nissan,pathfinder,PATHFINDER (1999.5) LE 4x4 4DR,1999
nissan,pathfinder,PATHFINDER (1999.5) SE 4x4 4DR,1999
nissan,pathfinder,PATHFINDER (1999.5) XE 4x4 4DR,1999
nissan,pathfinder,PATHFINDER 4 X 2,1987
nissan,pathfinder,PATHFINDER 4 X 4,1987
nissan,pathfinder,PATHFINDER 4DR SUV 4WD /CHINOOK EDITION,2004
nissan,pathfinder,PATHFINDER 4DR SUV 4WD /LE,2004
nissan,pathfinder,PATHFINDER 4DR SUV 4WD /SE,2004
nissan,pathfinder,PATHFINDER 4DR SUV 4WD LE,2006-2007
nissan,pathfinder,PATHFINDER 4DR SUV 4WD LE V6,2011-2012
nissan,pathfinder,PATHFINDER 4DR SUV 4WD LE V8,2008-2010
nissan,pathfinder,PATHFINDER 4DR SUV 4WD S,2006-2007
nissan,pathfinder,PATHFINDER 4DR SUV 4WD S V6,2008-2012
nissan,pathfinder,PATHFINDER 4DR SUV 4WD SE,2007
nissan,pathfinder,PATHFINDER 4DR SUV 4WD SE OFF-ROAD,2005
nissan,pathfinder,PATHFINDER 4DR SUV 4WD SE V6,2008-2010
nissan,pathfinder,PATHFINDER 4DR SUV 4WD SE/LE,2005
nissan,pathfinder,PATHFINDER 4DR SUV 4WD SE/OFF-ROAD,2006
nissan,pathfinder,PATHFINDER 4DR SUV 4WD SVV6,2011-2012
nissan,pathfinder,PATHFINDER 4DR SUV 4WD XE,2005
nissan,pathfinder,PATHFINDER 4X4,1988
nissan,pathfinder,PATHFINDER 4X4 SE,1989
nissan,pathfinder,PATHFINDER 4X4 XE,1989
nissan,pathfinder,PATHFINDER ARMANDA 4DR SUV AWD SE/LE,2004
nissan,pathfinder,PATHFINDER CHILKOOT EDITION 4DR SUV 4WD,2003
nissan,pathfinder,PATHFINDER FWD 4DR SUV,2016-2021
nissan,pathfinder,PATHFINDER HYBRID SV/PLATINUM 4DR SUV,2015
nissan,pathfinder,PATHFINDER HYBRID SV/PLATINUM AWD 4DR SUV,2014
nissan,pathfinder,PATHFINDER LE 4DR SUV 4WD,2003
nissan,pathfinder,PATHFINDER LE 4x4 4DR,1994-2002
nissan,pathfinder,PATHFINDER PLATINUM 4DR SUV,2013
nissan,pathfinder,PATHFINDER PLATINUM AWD 4DR SUV,2014-2021
nissan,pathfinder,PATHFINDER S FWD 4DR SUV,2015
nissan,pathfinder,PATHFINDER S/SL 4 x 2 4DR SUV,2013
nissan,pathfinder,PATHFINDER S/SL FWD 4DR SUV,2014
nissan,pathfinder,PATHFINDER S/SV 4DR SUV,2022-2026
nissan,pathfinder,PATHFINDER S/SV/SL 4 x 4 4DR SUV,2013
nissan,pathfinder,PATHFINDER S/SV/SL AWD 4DR SUV,2014-2021
nissan,pathfinder,PATHFINDER SE 4DR SUV 4WD,2003
nissan,pathfinder,PATHFINDER SE 4x4 2DR,1990-1993
nissan,pathfinder,PATHFINDER SE 4x4 4DR,1990-2002
nissan,pathfinder,PATHFINDER SL/PLATINUM 4DR SUV,2022-2026
nissan,pathfinder,PATHFINDER XE 4x2 4DR,1990
nissan,pathfinder,PATHFINDER XE 4x4 2DR,1991
nissan,pathfinder,PATHFINDER XE 4x4 4DR,1990-2002
nissan,pulsar,PULSAR NX COUPE,1985-1986
nissan,pulsar,PULSAR NX XE 2DR COUPE,1990
nissan,pulsar,PULSAR NX XE/SE 2 DR COUPE,1988-1989
nissan,pulsar,PULSAR NX XE/SE 2 DR HATCHBACK,1987
nissan,quest,QUEST 3DR WAGON XE/GXE,1994-1996
nissan,quest,QUEST 4 DR MINIVAN S/SV,2011-2014
nissan,quest,QUEST 4 DR MINIVAN SL/LE,2011-2014
nissan,quest,QUEST 4DR FWD 3.5 S/3.5SL,2004-2007
nissan,quest,QUEST 4DR FWD 3.5S/3.5SL,2008-2009
nissan,quest,QUEST 4DR FWD 3.5SE,2004-2007
nissan,quest,QUEST 4DR FWD 3.5SLE,2008-2009
nissan,quest,QUEST 4DR MINIVAN S/SV,2015-2016
nissan,quest,QUEST 4DR MINIVAN SL/LE,2015-2016
nissan,quest,QUEST GXE,1999-2001
nissan,quest,QUEST SE,2000-2001
nissan,quest,QUEST SE/GLE,1999
nissan,quest,QUEST XE/GXE,1997-1998
nissan,quest,QUEST XE/GXE 2DR,1993
nissan,rogue,ROGUE 4DR CUV AWD S/SL,2009-2010
nissan,rogue,ROGUE 4DR CUV AWD S/SV/SL,2011-2013
nissan,rogue,ROGUE 4DR CUV FWD S/SL,2008-2010
nissan,rogue,ROGUE 4DR CUV FWD S/SV,2011-2013
nissan,rogue,ROGUE 4DR CUV S/SV FWD,2014-2015
nissan,rogue,ROGUE 4DR CUV S/SV/SL AWD,2014-2015
nissan,rogue,ROGUE 4DR SUV AWD,2016-2026
nissan,rogue,ROGUE 4DR SUV FWD,2016-2026
nissan,sentra,SENTRA 1.8 S/1.8SV 4DR SEDAN,2013
nissan,sentra,SENTRA 2DR COUPE DLX/XE,1994-1997
nissan,sentra,SENTRA 4DR SEDAN,2016-2027
nissan,sentra,SENTRA 4DR SEDAN BASE/XE/GXE,1998
nissan,sentra,SENTRA 4DR SEDAN DLX/XE/GXE,1994
nissan,sentra,SENTRA 4DR SEDAN FWD /1.8 /1.8S,2004
nissan,sentra,SENTRA 4DR SEDAN FWD /1.8 /1.8S/SPEICAL EDITI,2005-2006
nissan,sentra,SENTRA 4DR SEDAN FWD /2.0/S,2007
nissan,sentra,SENTRA 4DR SEDAN FWD /SE-R/SE-R SPEC V,2004-2006
nissan,sentra,SENTRA 4DR SEDAN FWD /SL/SE-R/SPEC V,2007
nissan,sentra,SENTRA 4DR SEDAN FWD 2.0,2012
nissan,sentra,SENTRA 4DR SEDAN FWD 2.0/S,2008-2011
nissan,sentra,SENTRA 4DR SEDAN FWD 2.0S/2.0SL/SR,2012
nissan,sentra,SENTRA 4DR SEDAN FWD 2.0SL/SE-R/SE-R SPEC V,2008-2011
nissan,sentra,SENTRA 4DR SEDAN FWD SE-R SPEC V,2012
nissan,sentra,SENTRA 4DR SEDAN SE,1999
nissan,sentra,SENTRA 4DR SEDAN SE-R/SE-R SPEC V,2003
nissan,sentra,SENTRA 4DR SEDAN SE-R/SE-R Spec V,2002
nissan,sentra,SENTRA 4DR SEDAN XE/GXE,1999
nissan,sentra,SENTRA 4DR SEDAN XE/GXE/GLE,1995-1997
nissan,sentra,SENTRA 4DR SEDAN XE/GXE/SE,2001
nissan,sentra,SENTRA DELUXE 2 DR,1985
nissan,sentra,SENTRA DLX  2 DR SEDAN,1988-1990
nissan,sentra,SENTRA DLX FWD,1989-1990
nissan,sentra,SENTRA DLX/XE/GXE 4 DR SEDAN,1991-1993
nissan,sentra,SENTRA E (2-DR),1986
nissan,sentra,SENTRA E 2 DR COUPE,1987
nissan,sentra,SENTRA E/GXE (4-DR),1986
nissan,sentra,SENTRA E/GXE 4 DR SEDAN,1987
nissan,sentra,SENTRA GXE/DLX 4 DR SEDAN,1988-1990
nissan,sentra,SENTRA S/SV/SR/SL 4DR SEDAN,2014-2015
nissan,sentra,SENTRA TURBO 4DR SEDAN,2017-2018
nissan,sentra,SENTRA XE 4 DR,1985
nissan,sentra,SENTRA XE 4X4,1989-1990
nissan,sentra,SENTRA XE 4X4 WAGON,1987
nissan,sentra,SENTRA XE 4X4/DLX FWD WAGON,1988
nissan,sentra,SENTRA XE COUPE,1989-1990
nissan,sentra,SENTRA XE HATCHBACK,1985
nissan,sentra,SENTRA XE WAGON,1985
nissan,sentra,SENTRA XE/GX,2002-2003
nissan,sentra,SENTRA XE/GXE WAGON,1986-1987
nissan,sentra,SENTRA XE/SE 2 DR HATCHBACK,1987
nissan,sentra,SENTRA XE/SE 2 DR SPORTS COUPE,1988
nissan,sentra,SENTRA XE/SE HATCHBACK,1986
nissan,sentra_classic,SENTRA CLASSIC 4 DR SEDAN,1991-1993
nissan,stanza,STANZA DLX/XE/GXE 4 DR SEDAN,1988-1989
nissan,stanza,STANZA DLX/XE/GXE 4DR SEDAN,1990-1991
nissan,stanza,STANZA E/GXE 4 DR SEDAN,1987
nissan,stanza,STANZA E/GXE SEDAN(4-DR),1986
nissan,stanza,STANZA GL SEDAN,1985
nissan,stanza,STANZA HATCHBACK XE (4-DR),1986
nissan,stanza,STANZA XE 4 DR HATCHBACK,1987
nissan,stanza,STANZA XE HATCHBACK 5 DR,1985
nissan,stanza,STANZA XE/SE 4DR SEDAN,1992
nissan,titan,TITAN CREW CAB L/BOX 4X4 SE,2010
nissan,titan,TITAN CREW CAB L/BOX 4X4 SV,2011-2016
nissan,titan,TITAN CREW CAB PRO-4X,2017-2024
nissan,titan,TITAN CREW CAB S / SV,2017-2023
nissan,titan,TITAN CREW CAB S/BOX 4X4 LE,2004-2009
nissan,titan,TITAN CREW CAB S/BOX 4X4 LE/PRO-4X,2010
nissan,titan,TITAN CREW CAB S/BOX 4X4 S,2011-2016
nissan,titan,TITAN CREW CAB S/BOX 4X4 SE,2004-2010
nissan,titan,TITAN CREW CAB S/BOX 4X4 SL/PRO-4X,2011-2016
nissan,titan,TITAN CREW CAB S/BOX 4X4 SV,2011-2016
nissan,titan,TITAN CREW CAB S/BOX 4X4 XE,2004-2010
nissan,titan,TITAN CREW CAB SL / PLATINUM RESERVE,2017-2024
nissan,titan,TITAN CREW CAB SV,2024
nissan,titan,TITAN KING CAB S/BOX 2WD S,2011-2016
nissan,titan,TITAN KING CAB S/BOX 2WD SE,2010
nissan,titan,TITAN KING CAB S/BOX 2WD SV,2011-2016
nissan,titan,TITAN KING CAB S/BOX 2WD XE,2010
nissan,titan,TITAN KING CAB S/BOX 2WD XE/SE,2004-2009
nissan,titan,TITAN KING CAB S/BOX 4X4 LE,2004-2009
nissan,titan,TITAN KING CAB S/BOX 4X4 LE/PRO-4X,2010
nissan,titan,TITAN KING CAB S/BOX 4X4 SE,2010
nissan,titan,TITAN KING CAB S/BOX 4X4 SL/PRO-4X,2011-2013
nissan,titan,TITAN KING CAB S/BOX 4X4 SV,2011-2013
nissan,titan,TITAN KING CAB S/BOX 4X4 SV/SL/PRO-4X,2014-2016
nissan,titan,TITAN SINGLE CAB S / SV,2017-2023
nissan,titan,TITAN SINGLE CAB SV,2024
nissan,titan,TITAN XD CREW CAB,2016
nissan,titan,TITAN XD CREW CAB PRO-4X,"2017-2022,2024"
nissan,titan,TITAN XD CREW CAB S / SV 4X2,2017-2022
nissan,titan,TITAN XD CREW CAB S / SV 4X4,2017-2022
nissan,titan,TITAN XD CREW CAB SL / PLATINUM RESERVE 4X2,"2017-2022,2024"
nissan,titan,TITAN XD CREW CAB SL / PLATINUM RESERVE 4X4,"2017-2022,2024"
nissan,titan,TITAN XD CREW CAB SV 4X2,2024
nissan,titan,TITAN XD CREW CAB SV 4X4,2024
nissan,titan,TITAN XD SINGLE CAB 4X2,"2017-2022,2024"
nissan,titan,TITAN XD SINGLE CAB 4X4,"2017-2022,2024"
nissan,versa,VERSA 4DR HATCH FWD /1.8S/1.8SL,2007
nissan,versa,VERSA 4DR HATCH FWD 1.8S/1.8SL,2008-2012
nissan,versa,VERSA 4DR HATCHBACK FWD 1.8S/1.8SL,2013
nissan,versa,VERSA 4DR SEDAN,2021-2026
nissan,versa,VERSA 4DR SEDAN 1.6 FWD,2010-2011
nissan,versa,VERSA 4DR SEDAN 1.6 S/1.6 SV/1.6 SL,2012-2013
nissan,versa,VERSA 4DR SEDAN FWD /1.8S/1.8SL,2007
nissan,versa,VERSA 4DR SEDAN FWD 1.8S/1.8SL,2008-2009
nissan,versa,VERSA 4DR SEDAN S/SV/SL,2014
nissan,versa_note,VERSA NOTE 4DR HATCHBACK,2016-2019
nissan,versa_note,VERSA NOTE 4DR HATCHBACK S/SV/SL,2014
nissan,versa_note,VERSA NOTE 4DR HATCHBACK S/SV/SR/SL,2015
nissan,x_trail,X-TRAIL 4DR SUV AWD BONAVISTA,2007
nissan,x_trail,X-TRAIL 4DR SUV AWD LE,2005-2006
nissan,x_trail,X-TRAIL 4DR SUV FWD XE/SE,2005-2006
nissan,xterra,XTERRA 4DR SUV 4WD,2016
nissan,xterra,XTERRA 4DR SUV 4WD /SE,2004
nissan,xterra,XTERRA 4DR SUV 4WD /SE-SC,2004
nissan,xterra,XTERRA 4DR SUV 4WD /XE,2004
nissan,xterra,XTERRA 4DR SUV 4WD S/OFF-ROAD/SE,2005-2010
nissan,xterra,XTERRA 4DR SUV 4WD S/PRO-4X,2014-2015
nissan,xterra,XTERRA 4DR SUV 4WD S/PRO-4X/SV,2011-2013
nissan,xterra,XTERRA 4DR SUV 4x4,"2000,2002"
nissan,xterra,XTERRA 4DR SUV 4x4 SE,2001-2002
nissan,xterra,XTERRA 4DR SUV 4x4 SE SC,2002
nissan,xterra,XTERRA 4DR SUV 4x4 XE,2001
nissan,xterra,XTERRA SE 4DR SUV 4WD,2003
nissan,xterra,XTERRA SE-SC 4DR SUV 4WD,2003
nissan,xterra,XTERRA XE 4DR SUV 4WD,2003
oldsmobile,achieva,ACHIEVA 2DR COUPE S,1995
oldsmobile,achieva,ACHIEVA 2DR COUPE S/SC,1994
oldsmobile,achieva,ACHIEVA 2DR COUPE SC,1996-1997
oldsmobile,achieva,ACHIEVA 4DR SEDAN S,1995
oldsmobile,achieva,ACHIEVA 4DR SEDAN S/SL,1994
oldsmobile,achieva,ACHIEVA 4DR SEDAN SL,1996-1998
oldsmobile,achieva,ACHIEVA S/SL 2DR COUPE,1992-1993
oldsmobile,achieva,ACHIEVA S/SL 4DR SEDAN,1992-1993
oldsmobile,alero,ALERO 2DR COUPE GX/GL,2004
oldsmobile,alero,ALERO 2DR COUPE GX/GL/GLS,1999-2003
oldsmobile,alero,ALERO 4DR SEDAN GX/GL,2004
oldsmobile,alero,ALERO 4DR SEDAN GX/GL/GLS,1999-2003
oldsmobile,aurora,AURORA 4DR SEDAN,1995-1999
oldsmobile,aurora,AURORA 4DR SEDAN (1999),2000
oldsmobile,aurora,AURORA 4DR SEDAN 3.5L,2001-2002
oldsmobile,aurora,AURORA 4DR SEDAN 4.0L,2001-2003
oldsmobile,bravada,BRAVADA 4DR SUV,2002
oldsmobile,bravada,BRAVADA 4DR SUV AWD,2003-2004
oldsmobile,custom_cruiser,CUSTOM CRUISER,1983-1984
oldsmobile,custom_cruiser,CUSTOM CRUISER WAGON,1985-1990
oldsmobile,cutlass,CUTLASS 2 DR CIERA LS COUPE,1985-1986
oldsmobile,cutlass,CUTLASS 2 DR CP,1981-1982
oldsmobile,cutlass,CUTLASS 4 DR SD,1981-1982
oldsmobile,cutlass,CUTLASS SUP 2 DR CP,1981
oldsmobile,cutlass,CUTLASS SUP 4 DR SD,1981
oldsmobile,cutlass,CUTLASS SUP. & SUP. BROUGH. CP,1983-1984
oldsmobile,cutlass,CUTLASS SUP. & SUP. BROUGH. SD,1983-1984
oldsmobile,cutlass,CUTLASS SUPER WD 2 DR CP,1982
oldsmobile,cutlass,CUTLASS WAGON,1981
oldsmobile,cutlass_calais,CUTLASS CALAIS 2 DR,1982
oldsmobile,cutlass_calais,CUTLASS CALAIS 2 DR COUPE,1988
oldsmobile,cutlass_calais,CUTLASS CALAIS BASE/SL 4 DR SEDAN,1988
oldsmobile,cutlass_calais,CUTLASS CALAIS CP,1983-1984
oldsmobile,cutlass_calais,CUTLASS CALAIS INT'L SERIES 2DR COUPE,1988-1989
oldsmobile,cutlass_calais,CUTLASS CALAIS INT'L SERIES 4DR SEDAN,1988-1989
oldsmobile,cutlass_calais,CUTLASS CALAIS S 2 DR COUPE,1989
oldsmobile,cutlass_calais,CUTLASS CALAIS S/INT'L SER/QUAD442 COUPE,1991-1992
oldsmobile,cutlass_calais,CUTLASS CALAIS S/INTERNAT'L SERIES COUPE,1990
oldsmobile,cutlass_calais,CUTLASS CALAIS S/SL 4 DR SEDAN,1989
oldsmobile,cutlass_calais,CUTLASS CALAIS S/SL 4DR SEDAN,1990
oldsmobile,cutlass_calais,CUTLASS CALAIS S/SL/INT'L SER 4DR SEDAN,1991-1992
oldsmobile,cutlass_ciera,CUTLASS CIERA,1982
oldsmobile,cutlass_ciera,CUTLASS CIERA 2 DR COUPE,1988
oldsmobile,cutlass_ciera,CUTLASS CIERA 4 DR SEDAN,1987
oldsmobile,cutlass_ciera,CUTLASS CIERA 4DR SEDAN S/SL,1994-1996
oldsmobile,cutlass_ciera,CUTLASS CIERA 4DR WAGON S/SL,1996
oldsmobile,cutlass_ciera,CUTLASS CIERA BASE 2 DR COUPE,1989
oldsmobile,cutlass_ciera,CUTLASS CIERA BASE 4 DR SEDAN,1989
oldsmobile,cutlass_ciera,CUTLASS CIERA BASE/BROUGHAM 4 DR SEDAN,1988
oldsmobile,cutlass_ciera,CUTLASS CIERA BASE/SL 4 DR SEDAN,1990
oldsmobile,cutlass_ciera,CUTLASS CIERA BROUGHAM 4 DR SEDAN,1987
oldsmobile,cutlass_ciera,CUTLASS CIERA BROUGHAM COUPE,1985-1986
oldsmobile,cutlass_ciera,CUTLASS CIERA BROUGHAM SEDAN,1985-1986
oldsmobile,cutlass_ciera,CUTLASS CIERA CRUISER WAGON,1984
oldsmobile,cutlass_ciera,CUTLASS CIERA GT 2 DR COUPE,1987
oldsmobile,cutlass_ciera,CUTLASS CIERA GT 4 DR SEDAN,1987
oldsmobile,cutlass_ciera,CUTLASS CIERA INT'L SERIES 2DR COUPE,1988-1989
oldsmobile,cutlass_ciera,CUTLASS CIERA INT'L SERIES 4DR SEDAN,1988-1989
oldsmobile,cutlass_ciera,CUTLASS CIERA INTERNAT'L SERIES SEDAN,1990
oldsmobile,cutlass_ciera,CUTLASS CIERA LS & BROUGH. CP,1983-1984
oldsmobile,cutlass_ciera,CUTLASS CIERA LS & BROUGH. SD,1983-1984
oldsmobile,cutlass_ciera,CUTLASS CIERA LS SEDAN 4 DR,1985-1986
oldsmobile,cutlass_ciera,CUTLASS CIERA S 2 DR COUPE,1987
oldsmobile,cutlass_ciera,CUTLASS CIERA S/SL 4 DR SEDAN,1991-1993
oldsmobile,cutlass_ciera,CUTLASS CIERA SL 2 DR COUPE,1987
oldsmobile,cutlass_ciera,CUTLASS CIERA WAGON,1985-1986
oldsmobile,cutlass_cruiser,CUTLASS CRUISER 4DR WAGON S/SL,1994-1995
oldsmobile,cutlass_cruiser,CUTLASS CRUISER BASE/BROUGHAM WAGON,1988
oldsmobile,cutlass_cruiser,CUTLASS CRUISER BASE/SL WAGON,1989-1993
oldsmobile,cutlass_cruiser,CUTLASS CRUISER BROUGHAM WAGON,1987
oldsmobile,cutlass_cruiser,CUTLASS CRUISER WAGON,"1982,1987"
oldsmobile,cutlass_supreme,CUTLASS SUPREME 2DR CONVERTIBLE,1994-1995
oldsmobile,cutlass_supreme,CUTLASS SUPREME 2DR COUPE S/SL,1994-1997
oldsmobile,cutlass_supreme,CUTLASS SUPREME 4 DR SD,1982
oldsmobile,cutlass_supreme,CUTLASS SUPREME 4 DR SEDAN,1987
oldsmobile,cutlass_supreme,CUTLASS SUPREME 4DR SEDAN S/SL,1994-1997
oldsmobile,cutlass_supreme,CUTLASS SUPREME BASE/SL,1989
oldsmobile,cutlass_supreme,CUTLASS SUPREME BASE/SL 2DR COUPE,1990-1992
oldsmobile,cutlass_supreme,CUTLASS SUPREME BASE/SL 4DR SEDAN,1990-1992
oldsmobile,cutlass_supreme,CUTLASS SUPREME BASE/SL COUPE,1988
oldsmobile,cutlass_supreme,CUTLASS SUPREME BROUGHAM 2 DR COUPE,1987
oldsmobile,cutlass_supreme,CUTLASS SUPREME BROUGHAM 4 DR SEDAN,1987
oldsmobile,cutlass_supreme,CUTLASS SUPREME BROUGHAM COUPE,1985-1986
oldsmobile,cutlass_supreme,CUTLASS SUPREME BROUGHAM SEDAN,1985-1986
oldsmobile,cutlass_supreme,CUTLASS SUPREME CLASSIC 2 DR COUPE,1988
oldsmobile,cutlass_supreme,CUTLASS SUPREME CLASSIC BROUGHAM 2 DR,1988
oldsmobile,cutlass_supreme,CUTLASS SUPREME CONVERTIBLE,1990-1993
oldsmobile,cutlass_supreme,CUTLASS SUPREME COUPE,1985
oldsmobile,cutlass_supreme,CUTLASS SUPREME INT'L SERIES 2DR COUPE,1988-1989
oldsmobile,cutlass_supreme,CUTLASS SUPREME INTERNAT'L SERIES COUPE,1990-1992
oldsmobile,cutlass_supreme,CUTLASS SUPREME INTERNAT'L SERIES SEDAN,1990-1992
oldsmobile,cutlass_supreme,CUTLASS SUPREME SALON 2 DR COUPE,1987
oldsmobile,cutlass_supreme,CUTLASS SUPREME SALON COUPE,1985-1986
oldsmobile,cutlass_supreme,CUTLASS SUPREME SEDAN,1985-1986
oldsmobile,cutlass_supreme,CUTLASS SUPREME/INTERNATIONAL 2DR COUPE,1993
oldsmobile,cutlass_supreme,CUTLASS SUPREME/INTERNATIONAL 4DR SEDAN,1993
oldsmobile,delta_88,DELTA 88 4 DR SD,1981-1982
oldsmobile,delta_88,DELTA 88 R.BROUGH. 2 DR,1981
oldsmobile,delta_88,DELTA 88 R.BROUGH. 4 DR WAGON,1981
oldsmobile,delta_88,DELTA 88 ROYAL 2 DR,1981-1982
oldsmobile,delta_88,DELTA 88 ROYAL 4 DR,1981-1982
oldsmobile,delta_88,DELTA 88 ROYAL BROUGH. 2 DR,1982
oldsmobile,delta_88,DELTA 88 ROYAL BROUGH. 4 DR,1982
oldsmobile,delta_88,DELTA 88 ROYALE & ROY. BROU. CP,1983-1984
oldsmobile,delta_88,DELTA 88 ROYALE & ROY. BROU. SD,1983-1984
oldsmobile,delta_88,DELTA 88 ROYALE 2 DR COUPE,1987
oldsmobile,delta_88,DELTA 88 ROYALE 4 DR SEDAN,1987
oldsmobile,delta_88,DELTA 88 ROYALE BASE COUPE,1986
oldsmobile,delta_88,DELTA 88 ROYALE BASE SEDAN,1986
oldsmobile,delta_88,DELTA 88 ROYALE BASE/BROUGHAM 4 DR,1989
oldsmobile,delta_88,DELTA 88 ROYALE BASE/BROUGHAM 4 DR SEDAN,1988
oldsmobile,delta_88,DELTA 88 ROYALE BROUGHAM 2 DR COUPE,1987-1989
oldsmobile,delta_88,DELTA 88 ROYALE BROUGHAM 4 DR SEDAN,1987
oldsmobile,delta_88,DELTA 88 ROYALE BROUGHAM COUPE,1985-1986
oldsmobile,delta_88,DELTA 88 ROYALE BROUGHAM SEDAN,1985-1986
oldsmobile,delta_88,DELTA 88 ROYALE COUPE,1985-1986
oldsmobile,delta_88,DELTA 88 ROYALE LS SEDAN,1985-1986
oldsmobile,delta_88,DELTA 88 ROYALE SEDAN,1985-1986
oldsmobile,firenza,FIRENZA & LX SD,1983-1984
oldsmobile,firenza,FIRENZA & LX WAGON,1983-1984
oldsmobile,firenza,FIRENZA (BASE) SEDAN 4 DR,1985-1986
oldsmobile,firenza,FIRENZA (BASE) WAGON,1985
oldsmobile,firenza,FIRENZA 2 DR,1982
oldsmobile,firenza,FIRENZA 2 DR COUPE,1987-1988
oldsmobile,firenza,FIRENZA 4 DR,1982
oldsmobile,firenza,FIRENZA 4 DR LX SEDAN,1985-1986
oldsmobile,firenza,FIRENZA 4 DR SEDAN,1987-1988
oldsmobile,firenza,FIRENZA COUPE BASE,1986
oldsmobile,firenza,FIRENZA CRUISER WAGON,1987
oldsmobile,firenza,FIRENZA GT 2 DR HATCHBACK,1987
oldsmobile,firenza,FIRENZA LC 2 DR COUPE,1987
oldsmobile,firenza,FIRENZA LC COUPE,1986
oldsmobile,firenza,FIRENZA LX 4 DR SEDAN,1987
oldsmobile,firenza,FIRENZA LX CRUISER WAGON,1985-1986
oldsmobile,firenza,FIRENZA S 2 DR HATCHBACK,1987
oldsmobile,firenza,FIRENZA S COUPE HB,1985
oldsmobile,firenza,FIRENZA S/GT HATCHBACK (2-DR),1986
oldsmobile,firenza,FIRENZA SX COUPE HB,1985
oldsmobile,firenza,FIRENZA SX HB CP,1983-1984
oldsmobile,firenza,FIRENZA WAGON,1988
oldsmobile,intrigue,INTRIGUE 4DR SEDAN BASE/GL,1998
oldsmobile,intrigue,INTRIGUE 4DR SEDAN GX/GL/GLS,1999-2002
oldsmobile,lss,88 4DR SEDAN BASE/LS/LSS,1996-1999
oldsmobile,lss,88 ROYALE 4DR SEDAN BASE/LS/LSS,1994-1995
oldsmobile,omega,OMEGA & BROUGHAM CP,1983-1984
oldsmobile,omega,OMEGA & BROUGHAM SD,1983-1984
oldsmobile,omega,OMEGA 2 DR CP,1981-1982
oldsmobile,omega,OMEGA 4 DR SD,1981-1982
oldsmobile,omega,OMEGA BROUGH. 2 DR CP,1981-1982
oldsmobile,omega,OMEGA BROUGH. 4 DR SD,1981-1982
oldsmobile,regency,98 REGENCY 4DR SEDAN ELITE,1994-1996
oldsmobile,regency,98 REGENCY BROUGHAM/TOURING 4DR SEDAN,1990
oldsmobile,regency,98 REGENCY COUPE,1985
oldsmobile,regency,98 REGENCY COUPE (BASE),1986
oldsmobile,regency,98 REGENCY ELITE/TOURING 4DR SEDAN,1991-1993
oldsmobile,regency,NINETY EIGHT REGENCY TOURING SEDAN,1988-1989
oldsmobile,regency,NINETY-EIGHT REGENCY & REG. BROU. SD,1983-1984
oldsmobile,regency,NINETY-EIGHT REGENCY 4 DR SEDAN,1987-1989
oldsmobile,regency,NINETY-EIGHT REGENCY BROUGHAM 2 DR COUPE,1987
oldsmobile,regency,NINETY-EIGHT REGENCY BROUGHAM 4 DR,1989
oldsmobile,regency,NINETY-EIGHT REGENCY BROUGHAM 4 DR SEDAN,1988
oldsmobile,regency,NINETY-EIGHT REGENCY CP,1983-1984
oldsmobile,regency,NINETY-EIGHT REGENCY SEDAN,1985-1986
oldsmobile,silhouette,SILHOUETTE GL/GLS/PREMIERE,2001-2003
oldsmobile,silhouette,SILHOUETTE GL/GLS/PREMIERE EDITION,2004
oldsmobile,silhouette,SILHOUETTE GS/GL/GLS,1998-1999
oldsmobile,silhouette,SILHOUETTE GS/GL/GLS EXTENDED W/B,1998-2000
oldsmobile,toronado,TORONADO,1981
oldsmobile,toronado,TORONADO BASE/TROFEO 2 DR COUPE,1988-1989
oldsmobile,toronado,TORONADO BASE/TROFEO 2DR COUPE,1990-1992
oldsmobile,toronado,TORONADO BROUGHAM,1983-1986
oldsmobile,toronado,TORONADO BROUGHAM 2 DR COUPE,1987
peugeot,405,405 DL/S SEDAN,1989
peugeot,405,405 DL/S/Mi 16 SEDAN,1990-1992
peugeot,405,405 Mi 16 SEDAN,1989
peugeot,504,504 WAGON,1981-1982
peugeot,505,505,1981-1982
peugeot,505,505 GL,1983-1984
peugeot,505,505 GL 4 DR SEDAN,1987
peugeot,505,505 GL 4 DR TURBO SEDAN,1985-1986
peugeot,505,505 GL WAGON,1985-1987
peugeot,505,505 GL/GLX/STX/TURBO 4 DR SEDAN,1988
peugeot,505,505 GLS 4 DR SEDAN,1987
peugeot,505,505 GLS WAGON,1987
peugeot,505,505 S,1983-1984
peugeot,505,505 STI,1983-1984
peugeot,505,505 STI 4 DR SEDAN,1987
peugeot,505,505 STX (V6) 4 DR SEDAN,1987
peugeot,505,505 TURBO 4 DR SEDAN,1987
peugeot,505,"505 TURBO S, WAGON",1987
peugeot,505,505 TURBO STATION WAGON,1988
peugeot,505,505 WAGON,1983-1984
peugeot,604,604,1981-1982
plymouth,acclaim,ACCLAIM BASE/LE/LX 4DR SEDAN,1990-1995
plymouth,acclaim,ACCLAIME BASE/LE/LX 4 DR,1989
plymouth,breeze,BREEZE 4DR SEDAN,1996-1999
plymouth,caravelle,CARAVELLE,1981-1982
plymouth,caravelle,CARAVELLE 2 DR,1983-1986
plymouth,caravelle,CARAVELLE 4 DR,1983-1985
plymouth,caravelle,CARAVELLE 4 DR SEDAN,1987-1988
plymouth,caravelle,CARAVELLE BASE/SE (4-DR),1986
plymouth,caravelle,CARAVELLE SALON,1983-1986
plymouth,caravelle,CARAVELLE SALON 4 DR SEDAN,1987-1989
plymouth,caravelle,CARAVELLE SE 4 DR SEDAN,1987-1988
plymouth,colt,COLT 2 DR HB,1981-1982
plymouth,colt,COLT 2DR COUPE GL,1995-1996
plymouth,colt,COLT E & DL HB 2 DR,1983-1984
plymouth,colt,COLT E & DL HB 4 DR,1983-1984
plymouth,grand_voyager,GRAND VOYAGER 3DR WAGON AWD SE/LE,"1994,1996"
plymouth,grand_voyager,GRAND VOYAGER 3DR WAGON AWD SE/LE/ES,1995
plymouth,grand_voyager,GRAND VOYAGER 3DR WAGON BASE/SE/LE,"1994,1996"
plymouth,grand_voyager,GRAND VOYAGER 3DR WAGON BASE/SE/LE/ES,1995
plymouth,grand_voyager,GRAND VOYAGER AWD SE/LE,1997-1999
plymouth,grand_voyager,GRAND VOYAGER BASE/SE/LE,1997-1999
plymouth,grand_voyager,GRAND VOYAGER LE,1988-1989
plymouth,grand_voyager,GRAND VOYAGER SE,1988-1989
plymouth,grand_voyager,GRAND VOYAGER SE/LE AWD WAGON,1991-1993
plymouth,grand_voyager,GRAND VOYAGER SE/LE WAGON,1990-1993
plymouth,horizon,HORIZON & HORIZON SE,1983-1984
plymouth,horizon,HORIZON 4 DR,1981-1982
plymouth,horizon,HORIZON 4DR HATCHBACK,1990
plymouth,horizon,HORIZON BASE,1986
plymouth,horizon,HORIZON SE,1985-1986
plymouth,horizon,HORIZON TC-3,1981-1982
plymouth,horizon,HORIZON TYPE E,1981
plymouth,horizon,HORIZON TYPE-E,1982
plymouth,laser,LASER 2DR HATCHBACK,1994
plymouth,laser,LASER 2DR HATCHBACK RS,1994
plymouth,laser,LASER 2DR HATCHBACK RS TURBO AWD,1994
plymouth,laser,LASER BASE/RS 2DR HATCHBACK,1990
plymouth,laser,LASER SPORTS COUPE/RS/RS TURBO,1991
plymouth,laser,LASER SPORTS COUPE/RS/RS TURBO/RS AWD,1992-1993
plymouth,neon,NEON 2DR COUPE,1995-1998
plymouth,neon,NEON 2DR COUPE BASE/EX/EXPRESSO,1999
plymouth,neon,NEON 4DR SEDAN,1994-1998
plymouth,neon,NEON 4DR SEDAN BASE/EX/EXPRESSO/STYLE,1999
plymouth,prowler,PROWLER 2DR CONVERTIBLE,1997-1999
plymouth,reliant,RELIANT & RELIANT SE 2 DR,1983-1984
plymouth,reliant,RELIANT & RELIANT SE 4 DR,1983-1984
plymouth,reliant,RELIANT (BASE) 2 DR,1985-1986
plymouth,reliant,RELIANT (BASE) 4 DR,1985-1986
plymouth,reliant,RELIANT CANADA-K 2 DR SEDAN,1987-1989
plymouth,reliant,RELIANT CANADA-K 4 DR SEDAN,1987-1989
plymouth,reliant,RELIANT CANADA-K WAGON,1987-1988
plymouth,reliant,RELIANT CUST. & SE STAT. WAGON,1983-1984
plymouth,reliant,RELIANT K 2 DR SD,1982
plymouth,reliant,RELIANT K 4 DR SD,1982
plymouth,reliant,RELIANT K SD 2 DR,1981
plymouth,reliant,RELIANT K SD 4 DR,1981
plymouth,reliant,RELIANT K WAGON,1981-1982
plymouth,reliant,RELIANT LE 2 DR,1985-1986
plymouth,reliant,RELIANT LE 4 DR,1986
plymouth,reliant,RELIANT LE WAGON,1985-1986
plymouth,reliant,RELIANT SE 2 DR,1985-1986
plymouth,reliant,RELIANT SE 4 DR,1985-1986
plymouth,reliant,RELIANT SE WAGON,1985-1986
plymouth,sapporo,SAPPORO,1981-1982
plymouth,sundance,SUNDANCE 2 DR,1989
plymouth,sundance,SUNDANCE 2 DR HATCHBACK,1987-1988
plymouth,sundance,SUNDANCE 2DR HATCHBACK,1990
plymouth,sundance,SUNDANCE 3DR HATCHBACK,1991-1992
plymouth,sundance,SUNDANCE 4 DR,1989
plymouth,sundance,SUNDANCE 4 DR HATCHBACK,1987-1988
plymouth,sundance,SUNDANCE 4DR HATCHBACK,1990
plymouth,sundance,SUNDANCE 5DR HATCHBACK,1991-1992
plymouth,sundance,SUNDANCE/DUSTER 3DR HATCHBACK,1993-1994
plymouth,sundance,SUNDANCE/DUSTER 5DR HATCHBACK,1993-1994
plymouth,turismo,TURISMO,1982-1984
plymouth,turismo,TURISMO (BASE),1985-1986
plymouth,turismo,TURISMO 2 DR HATCHBACK,1987
plymouth,turismo,TURISMO 2.2,1983-1986
plymouth,voyager,VOYAGER,"1985,1988-1989"
plymouth,voyager,VOYAGER & SE LIMITED,1984
plymouth,voyager,VOYAGER (VAN),1987
plymouth,voyager,VOYAGER 3DR WAGON AWD SE/LE,1994
plymouth,voyager,VOYAGER 3DR WAGON BASE/SE/LE,1996
plymouth,voyager,VOYAGER 3DR WAGON BASE/SE/LE/ES,1995
plymouth,voyager,VOYAGER 3DR WAGON BASE/SE/LE/LX,1994
plymouth,voyager,VOYAGER BASE/SE/LE,"1986,1997-1999"
plymouth,voyager,VOYAGER BASE/SE/LE WAGON,1990-1991
plymouth,voyager,VOYAGER EXTENDED BODY LE VAN,1987
plymouth,voyager,VOYAGER EXTENDED BODY SE VAN,1987
plymouth,voyager,VOYAGER LE,1988-1989
plymouth,voyager,VOYAGER LE VAN,1987
plymouth,voyager,VOYAGER LE/LX WAGON,1993
plymouth,voyager,VOYAGER SE,1988-1989
plymouth,voyager,VOYAGER SE VAN,1987
plymouth,voyager,VOYAGER SE WAGON,1993
plymouth,voyager,VOYAGER SE/LE AWD WAGON,1991
plymouth,voyager,VOYAGER SE/LE/LX AWD WAGON,1992-1993
plymouth,voyager,VOYAGER SE/LE/LX WAGON,1992
pontiac,6000,6000 & 6000 LE CP,1983-1984
pontiac,6000,6000 & 6000 STAT. WAGON,1984
pontiac,6000,6000 & 6000 STE SD,1983-1984
pontiac,6000,6000 2 DR COUPE,1987
pontiac,6000,6000 2 DR CP,1982
pontiac,6000,6000 4 DR SD,1982
pontiac,6000,6000 4 DR SEDAN,1987
pontiac,6000,6000 BASE/LE 4 DR SEDAN,1988
pontiac,6000,6000 BASE/LE WAGON,1988
pontiac,6000,6000 COUPE,1985-1986
pontiac,6000,6000 LE 2 DR CP,1982
pontiac,6000,6000 LE 4 DR SD,1982
pontiac,6000,6000 LE 4DR SEDAN,1987
pontiac,6000,6000 LE WAGON,"1987,1990-1991"
pontiac,6000,6000 LE/SE 4DR SEDAN,1990-1991
pontiac,6000,6000 S/E/STE 4 DR SEDAN,1988
pontiac,6000,6000 SE,1989
pontiac,6000,6000 SE 4 DR SEDAN,1987
pontiac,6000,6000 SE WAGON,1987
pontiac,6000,6000 SEDAN (BASE),1985-1986
pontiac,6000,6000 STE 4 DR SEDAN,1987
pontiac,6000,6000 STE ALL WHEEL DRIVE SEDAN,1988-1989
pontiac,6000,6000 STE SEDAN,1985-1986
pontiac,6000,6000 WAGON,1985-1987
pontiac,6000,6000/LE 4 DR SEDAN,1989
pontiac,6000,6000/LE WAGON,1989
pontiac,acadian,ACADIAN 2 DR,1985-1986
pontiac,acadian,ACADIAN 2 DR COUPE,1987
pontiac,acadian,ACADIAN 2 DR CP,1981
pontiac,acadian,ACADIAN 4 DR,1985
pontiac,acadian,ACADIAN 4 DR HATCHBACK,"1981,1987"
pontiac,acadian,ACADIAN BASE/LE HATCHBACK (4-DR),1986
pontiac,acadian,ACADIAN S,1981
pontiac,acadian,ACADIAN SCOOTER & ACADIAN 2 DR,1983-1984
pontiac,acadian,ACADIAN SCOOTER & ACADIAN 4 DR,1983-1984
pontiac,aztek,AZTEK 4DR BASE/GT AWD,2001
pontiac,aztek,AZTEK 4DR BASE/GT FWD,2001
pontiac,aztek,AZTEK 4DR BASE/GT FWD/AWD,2002-2005
pontiac,bonneville,BONNEVILLE & LE & BROUGH. SD,1983-1984
pontiac,bonneville,BONNEVILLE 4 DR SEDAN,1987
pontiac,bonneville,BONNEVILLE 4DR SEDAN FWD /GXP,2004-2005
pontiac,bonneville,BONNEVILLE 4DR SEDAN FWD SE/SLE,2004-2005
pontiac,bonneville,BONNEVILLE 4DR SEDAN SE,"1994-1995,1999-2003"
pontiac,bonneville,BONNEVILLE 4DR SEDAN SE/SLE,1996-1998
pontiac,bonneville,BONNEVILLE 4DR SEDAN SLE/SSEi,2000-2003
pontiac,bonneville,BONNEVILLE 4DR SEDAN SSE,1994
pontiac,bonneville,BONNEVILLE 4DR SEDAN SSE/SSEi,"1995,1999"
pontiac,bonneville,BONNEVILLE 4DR SEDAN SSE/SSEi V6,1996-1998
pontiac,bonneville,BONNEVILLE BASE/LE/BROUGHAM SEDAN,1986
pontiac,bonneville,BONNEVILLE BROUGHAM SEDAN,1985
pontiac,bonneville,BONNEVILLE LE 4 DR SEDAN,1987
pontiac,bonneville,BONNEVILLE LE SEDAN,1985
pontiac,bonneville,BONNEVILLE LE/SE/SSE 4 DR SEDAN,1988-1989
pontiac,bonneville,BONNEVILLE LE/SE/SSE 4DR SEDAN,1990-1991
pontiac,bonneville,BONNEVILLE SE 4 DR SEDAN,1987
pontiac,bonneville,BONNEVILLE SE/SSE/SSEi 4DR SEDAN,1992-1993
pontiac,bonneville,BONNEVILLE SEDAN (BASE),1985
pontiac,fiero,FIERO & FIERO SE,1984
pontiac,fiero,FIERO 2 DR COUPE,1987-1988
pontiac,fiero,FIERO 2.4L,1985
pontiac,fiero,FIERO 2.5L BASE,1986
pontiac,fiero,FIERO FORMULA 2 DR COUPE,1988
pontiac,fiero,FIERO GT 2 DR COUPE,1987-1988
pontiac,fiero,FIERO GT 2.8L,1985-1986
pontiac,fiero,FIERO SE,1986
pontiac,fiero,FIERO SE 2 DR COUPE,1987
pontiac,fiero,FIERO SPORT,1986
pontiac,fiero,FIERO SPORT 2 DR COUPE,1987
pontiac,firebird,FIREBIRD,1983-1984
pontiac,firebird,FIREBIRD (BASE),1985-1986
pontiac,firebird,FIREBIRD 2 DR CP,1981-1982
pontiac,firebird,FIREBIRD 2 DR HATCHBACK,1987-1989
pontiac,firebird,FIREBIRD 2DR CONVERTIBLE,1994-2000
pontiac,firebird,FIREBIRD 2DR CONVERTIBLE FORMULA,1994-1997
pontiac,firebird,FIREBIRD 2DR CONVERTIBLE TRANS AM,1994-2002
pontiac,firebird,FIREBIRD 2DR COUPE,1993
pontiac,firebird,FIREBIRD 2DR HATCHBACK BASE/FORMULA,2001-2002
pontiac,firebird,FIREBIRD 2DR HATCHBACK COUPE,1994-2000
pontiac,firebird,FIREBIRD 2DR HATCHBACK FORMULA,1994-1999
pontiac,firebird,FIREBIRD 2DR HATCHBACK TRANS AM,2000-2002
pontiac,firebird,FIREBIRD 2DR HATCHBACK TRANS AM GT,1994-1999
pontiac,firebird,FIREBIRD BASE/FORMULA HATCHBACK,1990-1991
pontiac,firebird,FIREBIRD FORMULA 2 DR HATCHBACK,1987-1989
pontiac,firebird,FIREBIRD FORMULA 2DR COUPE,1993
pontiac,firebird,FIREBIRD FORMULA/TRANS AM/GTA HATCHBACK,1992
pontiac,firebird,FIREBIRD SE,1983-1986
pontiac,firebird,FIREBIRD SE 2 DR CP,1982
pontiac,firebird,FIREBIRD TRANS 2 DR CP,1982
pontiac,firebird,FIREBIRD TRANS AM,1983-1986
pontiac,firebird,FIREBIRD TRANS AM 2DR COUPE,1993
pontiac,firebird,FIREBIRD TRANS AM/GTA 2 DR HATCHBACK,1987-1988
pontiac,firebird,FIREBIRD TRANS AM/GTA 2 DR NOTCHBACK,1989
pontiac,firebird,FIREBIRD TRANS AM/GTA HATCHBACK,1991
pontiac,firebird,FIREBIRD TRANS AM/TRANS AM GTA HATCHBACK,1990
pontiac,firebird,FIREBIRD/TRANS AM CONVERTIBLE,1992
pontiac,firefly,FIREFLY,1985-1986
pontiac,firefly,FIREFLY 2 DR KAMBACK,1987-1988
pontiac,firefly,FIREFLY 2DR HATCHBACK,"1991,1994,1999-2000"
pontiac,firefly,FIREFLY 2DR HATCHBACK BASE/SE,1995-1998
pontiac,firefly,FIREFLY 4 DR KAMBACK,1987-1988
pontiac,firefly,FIREFLY 4DR HATCHBACK,"1991,1994"
pontiac,firefly,FIREFLY 4DR SEDAN,"1994,1999-2000"
pontiac,firefly,FIREFLY 4DR SEDAN BASE/SE,1995-1998
pontiac,firefly,FIREFLY BASE/LE 2 DR,1989
pontiac,firefly,FIREFLY BASE/LE 2DR HATCHBACK,1990
pontiac,firefly,FIREFLY BASE/LE 4 DR,1989
pontiac,firefly,FIREFLY BASE/LE 4DR HATCHBACK,1990
pontiac,firefly,FIREFLY CONVERTIBLE,1990-1991
pontiac,firefly,FIREFLY TURBO 2 DR,1989
pontiac,firefly,FIREFLY TURBO 2 DR KAMBACK,1987
pontiac,firefly,FIREFLY TURBO 2DR HATCHBACK,1990-1991
pontiac,g3,G3 WAVE 4DR HATCH FWD /SE,2009-2010
pontiac,g3,G3 WAVE 4DR SEDAN FWD /SE,2009-2010
pontiac,g5,G5 2DR COUPE FWD /SE/GT,2007-2010
pontiac,g5,G5 4DR SEDAN FWD /SE/GT,2007-2010
pontiac,g6,G6 2DR CONV FWD GT/GTP,2006-2007
pontiac,g6,G6 2DR COUPE FWD GT/GTP,2006-2009
pontiac,g6,G6 4DR SEDAN FWD /SE,2007-2009
pontiac,g6,G6 4DR SEDAN FWD /V6,2006
pontiac,g6,G6 4DR SEDAN FWD GT,2006-2009
pontiac,g6,G6 4DR SEDAN FWD GTP,2006-2007
pontiac,g6,G6 4DR SEDAN FWD GXP,2008-2009
pontiac,g6,G6 4DR SEDAN FWD V6/GT,2005
pontiac,g6,G6 GT CONVERTIBLE 2DR FWD,2008-2009
pontiac,g8,G8 4DR SEDAN RWD /BASE,2009
pontiac,g8,G8 4DR SEDAN RWD /GT/GXP,2009
pontiac,g8,G8 BASE 4DR SEDAN RWD,2008
pontiac,g8,G8 GT 4DR SEDAN RWD,2008
pontiac,grand_am,GRAND AM 2 DR COUPE,1987
pontiac,grand_am,GRAND AM 2DR COUPE FWD /GT,2004-2005
pontiac,grand_am,GRAND AM 2DR COUPE GT,1998
pontiac,grand_am,GRAND AM 2DR COUPE SE,1998
pontiac,grand_am,GRAND AM 2DR COUPE SE/GT,"1994-1997,1999-2003"
pontiac,grand_am,GRAND AM 4 DR SEDAN,1987
pontiac,grand_am,GRAND AM 4DR SEDAN FWD /SE/SE1/GT,2004
pontiac,grand_am,GRAND AM 4DR SEDAN GT,1998
pontiac,grand_am,GRAND AM 4DR SEDAN SE/GT,"1994-1995,1997-2003"
pontiac,grand_am,GRAND AM 4DR SEDAN SE/GT V6,1996
pontiac,grand_am,GRAND AM BASE/LE 2 DR COUPE,1988-1989
pontiac,grand_am,GRAND AM BASE/LE 4 DR SEDAN,1988-1989
pontiac,grand_am,GRAND AM BASE/LE/SE COUPE,1986
pontiac,grand_am,GRAND AM BASE/LE/SE SEDAN,1986
pontiac,grand_am,GRAND AM COUPE,1985
pontiac,grand_am,GRAND AM LE 2 DR COUPE,1987
pontiac,grand_am,GRAND AM LE 4 DR SEDAN,1987
pontiac,grand_am,GRAND AM LE/SE 2DR COUPE,1990-1991
pontiac,grand_am,GRAND AM LE/SE 4DR SEDAN,1990-1991
pontiac,grand_am,GRAND AM SE 2 DR COUPE,1987-1989
pontiac,grand_am,GRAND AM SE 4 DR SEDAN,1987-1989
pontiac,grand_am,GRAND AM SE/GT 2DR COUPE,1992-1993
pontiac,grand_am,GRAND AM SE/GT 4DR SEDAN,1992-1993
pontiac,grand_lemans,GRAND LE MANS 4 DR,1982
pontiac,grand_lemans,GRAND LE MANS 4 DR WAGON,1982
pontiac,grand_lemans,GRAND LE MANS BROUGH. 4 DR SD,1982
pontiac,grand_prix,GRAND PRIX,1981
pontiac,grand_prix,GRAND PRIX & LE & BROUGH.,1983-1984
pontiac,grand_prix,GRAND PRIX (BASE),1985-1986
pontiac,grand_prix,GRAND PRIX 2 DR COUPE,1987
pontiac,grand_prix,GRAND PRIX 2 DR CP,1982
pontiac,grand_prix,GRAND PRIX 2DR COUPE GT/GTD,1997
pontiac,grand_prix,GRAND PRIX 2DR COUPE GT/GTP,1998-2003
pontiac,grand_prix,GRAND PRIX 2DR COUPE SE/GT,1994-1996
pontiac,grand_prix,GRAND PRIX 4DR SEDAN FWD /GT,2005-2007
pontiac,grand_prix,GRAND PRIX 4DR SEDAN FWD /GT1/GT2,2004
pontiac,grand_prix,GRAND PRIX 4DR SEDAN FWD /GTP,2004
pontiac,grand_prix,GRAND PRIX 4DR SEDAN FWD /GTP/GXP,2005
pontiac,grand_prix,GRAND PRIX 4DR SEDAN FWD GXP,2006-2007
pontiac,grand_prix,GRAND PRIX 4DR SEDAN GT/GTP,1998-2003
pontiac,grand_prix,GRAND PRIX 4DR SEDAN LE/SE,1994
pontiac,grand_prix,GRAND PRIX 4DR SEDAN SE,1998-2003
pontiac,grand_prix,GRAND PRIX 4DR SEDAN SE/GT,1995-1996
pontiac,grand_prix,GRAND PRIX 4DR SEDAN SE/GT/GTD,1997
pontiac,grand_prix,GRAND PRIX BASE 4DR SEDAN FWD,2008-2009
pontiac,grand_prix,GRAND PRIX BASE/LE/SE 2 DR COUPE,1988-1989
pontiac,grand_prix,GRAND PRIX BROUGH. 2 DR CP,1982
pontiac,grand_prix,GRAND PRIX BROUGHAM,1985-1986
pontiac,grand_prix,GRAND PRIX BROUGHAM 2 DR COUPE,1987
pontiac,grand_prix,GRAND PRIX GT/SE 2DR COUPE,1991-1993
pontiac,grand_prix,GRAND PRIX GTP COUPE,1991
pontiac,grand_prix,GRAND PRIX GXP 4DR SEDAN FWD,2008-2009
pontiac,grand_prix,GRAND PRIX LE,1985-1986
pontiac,grand_prix,GRAND PRIX LE 2 DR COUPE,1987
pontiac,grand_prix,GRAND PRIX LE/SE 2DR COUPE,1990
pontiac,grand_prix,GRAND PRIX LE/SE/STE 4DR SEDAN,1991-1993
pontiac,grand_prix,GRAND PRIX LE/STE 4DR SEDAN,1990
pontiac,grand_prix,GRAND PRIX LJ 2 DR CP,1982
pontiac,j2000,J2000 2 DR CP,1982
pontiac,j2000,J2000 3 DR HB CP,1982
pontiac,j2000,J2000 4 DR SD,1982
pontiac,j2000,J2000 4 DR WAGON,1982
pontiac,j2000,J2000 LE 2 DR CP,1982
pontiac,j2000,J2000 LE 4 DR SD,1982
pontiac,j2000,J2000 SE 3 DR HB CP,1982
pontiac,lemans,LE MANS 2 DR,1981
pontiac,lemans,LE MANS 4 DR,1981
pontiac,lemans,LE MANS AERO COUPE/SE 3DR HATCHBACK,1992
pontiac,lemans,LE MANS SE SEDAN,1992
pontiac,lemans,LE MANS WAGON,1981
pontiac,montana,MONTANA,2000
pontiac,montana,MONTANA 4DR MINIVAN /SE/GT,2005
pontiac,montana,MONTANA EWB BASE/SE/GT,2003-2004
pontiac,montana,MONTANA EWB BASE/SE/GT AWD,2003-2004
pontiac,montana,MONTANA EWB BASE/SE/GT/VISION,2001
pontiac,montana,MONTANA EWB BASE/SE/GT/VISION/THUNDER,2002
pontiac,montana,MONTANA EXTENDED W/B,2000
pontiac,montana,MONTANA RWB BASE/SE/GT,2001
pontiac,montana,MONTANA SWB BASE/SE/GT,2002-2004
pontiac,montana_sv6,MONTANA SV6 EWB AWD MINIVAN /UPLEVEL 1/UPLEVE,2005-2006
pontiac,montana_sv6,MONTANA SV6 EWB FWD MINIVAN,2007-2009
pontiac,montana_sv6,MONTANA SV6 EWB FWD MINIVAN /UPLEVEL 1/UPLEVE,2005-2006
pontiac,montana_sv6,MONTANA SV6 SWB AWD MINIVAN /UPLEVEL 1/UPLEVE,2005
pontiac,montana_sv6,MONTANA SV6 SWB FWD MINIVAN,2007-2009
pontiac,montana_sv6,MONTANA SV6 SWB FWD MINIVAN /UPLEVEL 1/UPLEVE,2005-2006
pontiac,parisienne,PARISIENNE,1985-1986
pontiac,parisienne,PARISIENNE & BROUGHAM,1983-1984
pontiac,parisienne,PARISIENNE 2 DR CP,1981-1982
pontiac,parisienne,PARISIENNE 4 DR SD,1981-1982
pontiac,parisienne,PARISIENNE 4 DR WAGON,1982
pontiac,parisienne,PARISIENNE BROUGH. 2 DR,1982
pontiac,parisienne,PARISIENNE BROUGH. 4 DR,1982
pontiac,parisienne,PARISIENNE STAT. WAGON,1983-1984
pontiac,parisienne,PARISIENNE WAGON,"1981,1985-1986"
pontiac,phoenix,PHOENIX 5 DR HB SD,1982
pontiac,phoenix,PHOENIX HATCHBACK,1981
pontiac,phoenix,PHOENIX LJ 2 DR CP,1982
pontiac,phoenix,PHOENIX LJ 5 DR HB SD,1982
pontiac,phoenix,PHOENIX NOTCHBACK,1981
pontiac,phoenix,PHOENIX PJ & LE CP & PHOENIX,1983-1984
pontiac,phoenix,PHOENIX PJ & LE HB SD & PHOENIX,1984
pontiac,phoenix,PHOENIX PJ & LE HB SD & PHONENIX,1983
pontiac,phoenix,PHOENIX SG CP,1983-1984
pontiac,phoenix,PHOENIX SJ 2 DR CP,1982
pontiac,phoenix,PHOENIX SJ 5 DR HB SD,1982
pontiac,pursuit,PURSUIT 2DR COUPE FWD /SE/GT,2006
pontiac,pursuit,PURSUIT 4DR SEDAN FWD /SE/GT,2005-2006
pontiac,safari,SAFARI WAGON,1987-1989
pontiac,solstice,SOLSTICE 2DR CONV RWD,2006-2009
pontiac,solstice,SOLSTICE 2DR COUPE RWD,2009
pontiac,sunbird,2000 SUNBIRD & LE & SE CP,1983-1984
pontiac,sunbird,2000 SUNBIRD & LE WAGON,1983-1984
pontiac,sunbird,2000 SUNBIRD & SE SD,1983-1984
pontiac,sunbird,2000 SUNBIRD CONV.,1983-1984
pontiac,sunbird,2000 SUNBIRD HB & SE HB,1983-1984
pontiac,sunbird,2000 SUNBIRD HB CP,1983-1984
pontiac,sunbird,SUNBIRD 2DR CONVERTIBLE LE,1994
pontiac,sunbird,SUNBIRD 2DR COUPE SE,1994
pontiac,sunbird,SUNBIRD 4 DR SEDAN,1987
pontiac,sunbird,SUNBIRD 4DR SEDAN LE,1994
pontiac,sunbird,SUNBIRD BASE/SE 4 DR SEDAN,1988
pontiac,sunbird,SUNBIRD CONVERTIBLE,1985-1986
pontiac,sunbird,SUNBIRD GT 2 DR COUPE,1987
pontiac,sunbird,SUNBIRD GT 2 DR HATCHBACK,1987
pontiac,sunbird,SUNBIRD GT 4 DR SEDAN,1987
pontiac,sunbird,SUNBIRD GT CONVERTIBLE,1986-1989
pontiac,sunbird,SUNBIRD GT COUPE,"1986,1989"
pontiac,sunbird,SUNBIRD GT HATCHBACK,1986
pontiac,sunbird,SUNBIRD GT SEDAN,1986
pontiac,sunbird,SUNBIRD HATCHBACK 2 DR,1985
pontiac,sunbird,SUNBIRD LE 4DR SEDAN,1990-1991
pontiac,sunbird,SUNBIRD LE CONVERTIBLE,1990-1991
pontiac,sunbird,SUNBIRD LE COUPE 2 DR,1985-1986
pontiac,sunbird,SUNBIRD LE SEDAN 4 DR,1985
pontiac,sunbird,SUNBIRD LE WAGON,1985
pontiac,sunbird,SUNBIRD LE/SE 4DR SEDAN,1992-1993
pontiac,sunbird,SUNBIRD LE/SE/GT 2DR COUPE,1990-1993
pontiac,sunbird,SUNBIRD S 4 DR SEDAN,1987
pontiac,sunbird,SUNBIRD S/BASE SEDAN (4-DR),1986
pontiac,sunbird,SUNBIRD SAFARI WAGON,1987
pontiac,sunbird,SUNBIRD SE 2 DR COUPE,1987
pontiac,sunbird,SUNBIRD SE 2 DR HATCHBACK,1987
pontiac,sunbird,SUNBIRD SE CONVERTIBLE,"1987,1992-1993"
pontiac,sunbird,SUNBIRD SE COUPE,1986
pontiac,sunbird,SUNBIRD SE HATCHBACK (2-DR),1986
pontiac,sunbird,SUNBIRD SE TURBO COUPE,1985-1986
pontiac,sunbird,SUNBIRD SE TURBO HATCHBACK,1985-1986
pontiac,sunbird,SUNBIRD SE TURBO SEDAN,1985
pontiac,sunbird,SUNBIRD SE WAGON,"1986,1988"
pontiac,sunbird,SUNBIRD SE/GT 2 DR COUPE,1988
pontiac,sunbird,SUNBIRD SE/LE COUPE,1989
pontiac,sunbird,SUNBIRD/LE 4 DR SEDAN,1989
pontiac,sunburst,SUNBURST 2 DR,1985-1986
pontiac,sunburst,SUNBURST 4 DR,1985-1987
pontiac,sunfire,SUNFIRE 2DR CONVERTIBLE GT,1999-2000
pontiac,sunfire,SUNFIRE 2DR CONVERTIBLE SE,1995-1998
pontiac,sunfire,SUNFIRE 2DR COUPE BASE,2001-2002
pontiac,sunfire,SUNFIRE 2DR COUPE FWD /SL/GT,2004-2005
pontiac,sunfire,SUNFIRE 2DR COUPE GT,1995-2003
pontiac,sunfire,SUNFIRE 2DR COUPE SE,1995-2000
pontiac,sunfire,SUNFIRE 2DR COUPE SL/SLX,2003
pontiac,sunfire,SUNFIRE 4DR SEDAN FWD /SL/SLX,2004-2005
pontiac,sunfire,SUNFIRE 4DR SEDAN GTX,2001-2002
pontiac,sunfire,SUNFIRE 4DR SEDAN SE,1995-2000
pontiac,sunfire,SUNFIRE 4DR SEDAN SL/SLX,2001-2003
pontiac,t1000,T1000 3 DR HB CP,1982
pontiac,t1000,T1000 5 DR HB SD,1982
pontiac,tempest,TEMPEST 4 DR SEDAN,1987-1988
pontiac,tempest,TEMPEST BASE/LE 4DR SEDAN,1990-1991
pontiac,tempest,TEMPEST BASE/LE SEDAN,1989
pontiac,torrent,TORRENT /SPORT 4DR SUV AWD,2006-2007
pontiac,torrent,TORRENT /SPORT 4DR SUV FWD,2006-2007
pontiac,torrent,TORRENT 4DR SUV FWD BASE/GT,2008-2009
pontiac,torrent,TORRENT 4DR SUV FWD GXP,2008-2009
pontiac,trans_sport,TRANS SPORT,1997-1999
pontiac,trans_sport,TRANS SPORT 3DR WAGON BASE/SE,1994-1996
pontiac,trans_sport,TRANS SPORT BASE/SE WAGON,1990-1993
pontiac,trans_sport,TRANS SPORT EXTENDED W/B,1997-1999
pontiac,vibe,VIBE / BASE,2003-2004
pontiac,vibe,VIBE / GT,2003-2004
pontiac,vibe,VIBE 4DR WAGON FWD,2005-2007
pontiac,vibe,VIBE 4DR WAGON FWD / GT,2005-2006
pontiac,vibe,VIBE AWD 4DR WAGON AWD,2009-2010
pontiac,vibe,VIBE BASE 4DR WAGON FWD,2009-2010
pontiac,vibe,VIBE GT 4DR WAGON FWD,2009-2010
pontiac,vibe,VIBE/ AWD,2003-2004
pontiac,vibe,VIBE4DR WAGON AWD,2005-2006
pontiac,wave,WAVE 4DR HATCH FWD /BASE/UPLEVEL,2005-2006
pontiac,wave,WAVE 4DR HATCH FWD /SE,2007-2008
pontiac,wave,WAVE 4DR SEDAN FWD /BASE/UPLEVEL,2005-2006
pontiac,wave,WAVE 4DR SEDAN FWD /SE,2007-2008
porsche,718_boxster,718 BOXSTER BASE/S 2DR CONVERTIBLE,2016-2026
porsche,718_boxster,718 BOXSTER GTS 2DR CONVERTIBLE,2019-2026
porsche,718_cayman,718 CAYMAN BASE/S 2DR COUPE RWD,2017-2026
porsche,718_cayman,718 CAYMAN GT4 2DR COUPE RWD,2021-2026
porsche,718_cayman,718 CAYMAN GTS 2DR COUPE RWD,2019-2026
porsche,911,911 CABRIOLET,1983-1985
porsche,911,911 CABRIOLET CARRERA,1996-1998
porsche,911,911 CABRIOLET CARRERA 2/CARRERA 4 4WD,1994
porsche,911,911 CABRIOLET CARRERA 4 AWD,1996-1997
porsche,911,911 CABRIOLET CARRERA C4 AWD,1998
porsche,911,911 CABRIOLET CARRERA/CARRERA 4 4WD,1995
porsche,911,911 CARRERA,1988
porsche,911,911 CARRERA  4 CABRIOLET,2002-2003
porsche,911,911 CARRERA 2/CARRERA 4 4WD 2DR COUPE,1990-1993
porsche,911,911 CARRERA 2/CARRERA 4 4WD CABRIOLET,1990-1993
porsche,911,911 CARRERA 2/CARRERA 4 4WD TARGA,1990-1993
porsche,911,911 CARRERA 2DR CABRIOLET,2020-2026
porsche,911,911 CARRERA 2DR CONV AWD 4 CABRIOLET,2004
porsche,911,911 CARRERA 2DR CONV AWD 4S CABRIOLET,2004
porsche,911,911 CARRERA 2DR CONV RWD CABRIOLET,2004
porsche,911,911 CARRERA 2DR COUPE,2020-2026
porsche,911,911 CARRERA 2DR COUPE AWD 4S,2004
porsche,911,911 CARRERA 2DR COUPE RWD,2004
porsche,911,911 CARRERA 2DR COUPE RWD /S,2005-2007
porsche,911,911 CARRERA 4 2DR CABRIOLET,2020-2026
porsche,911,911 CARRERA 4 2DR COUPE,2020-2026
porsche,911,911 CARRERA 4 2DR COUPE AWD /S,2006-2007
porsche,911,911 CARRERA 4 4WD COUPE,1989
porsche,911,911 CARRERA 4 CABRIOLET,2000-2001
porsche,911,911 CARRERA 4 CABRIOLET /CARRERA 4S CABRIOLET,2013-2014
porsche,911,911 CARRERA 4 CABRIOLET 2DR AWD /S,2006-2007
porsche,911,911 CARRERA 4 COUPE,2000-2001
porsche,911,911 CARRERA 4 GTS 2DR COUPE AWD,"2012,2020"
porsche,911,911 CARRERA 4 GTS CABRIOLET AWD,2020
porsche,911,911 CARRERA 4/4S 2DR COUPE AWD,2010-2012
porsche,911,911 CARRERA 4/4S/4GTS 2DR COUPE AWD,2015-2019
porsche,911,911 CARRERA 4/4S/4GTS CABRIOLET AWD,2015-2019
porsche,911,911 CARRERA 4/CARRERA 4S 2DR COUPE AWD,2013-2014
porsche,911,911 CARRERA 4/S/4S 2DR COUPE AWD,2008-2009
porsche,911,911 CARRERA 4S 2DR CABRIOLET,2020-2026
porsche,911,911 CARRERA 4S 2DR COUPE,2020-2026
porsche,911,911 CARRERA BASE 2DR COUPE RWD,2008-2009
porsche,911,911 CARRERA BASE/S 2DR COUP RWD,2012
porsche,911,911 CARRERA BASE/S 2DR COUPE RWD,"2010-2011,2013-2019"
porsche,911,911 CARRERA BASE/S CABRIOLET 2DR CONVERTIBLE,2015-2019
porsche,911,911 CARRERA CABRIOLET,"1986,1999-2003"
porsche,911,911 CARRERA CABRIOLET (CONVERTIBLE),1987
porsche,911,911 CARRERA CABRIOLET /4/S 2DR AWD,2008-2009
porsche,911,911 CARRERA CABRIOLET 2DR RWD /S,2005-2007
porsche,911,911 CARRERA CABRIOLET 4 GTS 2DR CONVERTIBLE A,2012
porsche,911,911 CARRERA CABRIOLET 4/4S 2DR AWD,2010-2011
porsche,911,911 CARRERA CABRIOLET 4/4S 2DR CONVERTIBLE AW,2012
porsche,911,911 CARRERA CABRIOLET 4S 2DR RWD,2008-2009
porsche,911,911 CARRERA CABRIOLET BASE/S 2DR CONVERTIBLE,2012-2014
porsche,911,911 CARRERA CABRIOLET BASE/S 2DR RWD,2010-2011
porsche,911,911 CARRERA CARRERA 4S,2002-2003
porsche,911,911 CARRERA COUPE,1999-2003
porsche,911,911 CARRERA COUPE 2 DR,1987
porsche,911,911 CARRERA COUPE/TARGA,"1986,1988"
porsche,911,911 CARRERA COUPE/TARGA/CABRIOLET/SPEED,1989
porsche,911,911 CARRERA GTS 2DR COUPE RWD,"2012,2015-2020"
porsche,911,911 CARRERA GTS CABRIOLET 2DR CONVERTIBLE,2015-2020
porsche,911,911 CARRERA GTS CABRIOLET 2DR CONVERTIBLE RWD,2012
porsche,911,911 CARRERA S 2DR CABRIOLET,2020-2026
porsche,911,911 CARRERA S 2DR COUPE,2020-2026
porsche,911,911 CARRERA TARGA,2002-2003
porsche,911,911 COUPE,1985
porsche,911,911 COUPE CARRERA,1996-1997
porsche,911,911 COUPE CARRERA 2/CARRERA 4 4WD,1994
porsche,911,911 COUPE CARRERA 4 AWD/4S AWD,1996
porsche,911,911 COUPE CARRERA 4S AWD,1997-1998
porsche,911,911 COUPE CARRERA S,1998
porsche,911,911 COUPE CARRERA/CARRERA 4 4WD,1995
porsche,911,911 COUPE TURBO 3.6L,1994
porsche,911,911 COUPE TWIN TURBO 3.6L,1995
porsche,911,911 COUPE TWIN TURBO 3.6L AWD,1996-1997
porsche,911,911 CP & TARGA,1983-1984
porsche,911,911 DAKAR 2DR COUPE,2024-2026
porsche,911,911 GT2 2DR COUPE RWD,"2002-2004,2008-2011"
porsche,911,911 GT2 RS 2DR COUPE RWD,2012
porsche,911,911 GT3 2DR COUPE AWD /RS,2007
porsche,911,911 GT3 2DR COUPE RWD,"2004,2014-2026"
porsche,911,911 GT3 RS 4.0 2DR COUPE AWD,2012
porsche,911,911 GT3/RS 2DR COUPE AWD,2008-2011
porsche,911,911 S/T 2DR COUPE RWD,2024-2026
porsche,911,911 SC,1982
porsche,911,911 SC TURBO,1983-1985
porsche,911,911 SPEEDSTER 2DR CONVERTIBLE,1994
porsche,911,911 TARGA 2 DR COUPE,1987
porsche,911,911 TARGA 2DR COUPE 4/4S,2007-2012
porsche,911,911 TARGA 2DR COUPE RWD,2004
porsche,911,911 TARGA 4/4S 2DR COUPE,2021-2026
porsche,911,911 TARGA 4/4S/4GTS 2DR COUPE AWD,2015-2020
porsche,911,911 TARGA 4/TARGA 4S 2DR COUPE AWD,2014
porsche,911,911 TARGA CARRERA,1996-1998
porsche,911,911 TARGA CARRERA 2/CARRERA 4 4WD,1994
porsche,911,911 TURBO,1986
porsche,911,911 TURBO 2 DR COUPE,1987
porsche,911,911 TURBO 2DR COUPE AWD,"2004,2007"
porsche,911,911 TURBO CABRIOLET,1988-1989
porsche,911,911 TURBO CABRIOLET /TURBO S CABRIOLET,2014-2019
porsche,911,911 TURBO CABRIOLET /TURBO S CABRIOLET 2DR CO,2012-2013
porsche,911,911 TURBO CABRIOLET 2DR AWD,2010-2011
porsche,911,911 TURBO CABRIOLET 2DR CONV AWD,2004
porsche,911,911 TURBO COUPE,"1991-1993,2000-2003"
porsche,911,911 TURBO COUPE 2DR AWD,2010-2011
porsche,911,911 TURBO COUPE/CABRIOLET 2DR AWD,2008-2009
porsche,911,911 TURBO COUPE/TARGA,1988-1989
porsche,911,911 TURBO S 2DR CABRIOLET,2020-2026
porsche,911,911 TURBO S 2DR COUPE,2020-2026
porsche,911,911 TURBO S 2DR COUPE AWD,2005
porsche,911,911 TURBO S CABRIOLET 2DR CONV AWD,2005
porsche,911,911 TURBO/TURBO S COUPE 2DR AWD,2012-2019
porsche,911,911SC,1981
porsche,918,918 SPYDER/WEISSACH PACKAGE,2014-2016
porsche,924,924,1981-1982
porsche,924,924 TURBO,1981
porsche,924,924S 2 DR HATCHBACK,1987-1988
porsche,928,928,1981-1982
porsche,928,928 COUPE GTS,1994-1995
porsche,928,928 GTS 2DR COUPE,1992-1993
porsche,928,928 S4 2 DR HATCHBACK,1987-1988
porsche,928,928 S4 COUPE,1989
porsche,928,928 S4/GT 2DR COUPE,1990-1991
porsche,928,928S,1983-1986
porsche,944,944,1982-1986
porsche,944,944 2 DR HATCHBACK,1987
porsche,944,944 COUPE,1989
porsche,944,944 S2 2DR COUPE/CABRIOLET,1990-1991
porsche,944,944 S2 COUPE,1989
porsche,944,944 TURBO,1986
porsche,944,944 TURBO 2 DR HATCHBACK,1987-1988
porsche,944,944 TURBO 2DR COUPE,1990
porsche,944,944 TURBO COUPE,1989
porsche,944,944S 2 DR HATCHBACK,1987-1988
porsche,944,944S2 CABRIOLET,1989
porsche,968,968 CABRIOLET,1992-1995
porsche,968,968 COUPE,1992-1995
porsche,boxster,BOXSTER 2DR CONVERTIBLE RWD,2005-2009
porsche,boxster,BOXSTER BASE/S 2DR CONVERTIBLE,2013-2015
porsche,boxster,BOXSTER BASE/S 2DR CONVERTIBLE RWD,2010
porsche,boxster,BOXSTER BASE/S/BLACK EDITION 2DR CONVERTIBLE,2011-2012
porsche,boxster,BOXSTER CABRIOLET 2.5L,1997-1999
porsche,boxster,BOXSTER CABRIOLET 2.5L TIPTRONIC,1999
porsche,boxster,BOXSTER CABRIOLET 2.7L,2000-2004
porsche,boxster,BOXSTER GTS 2DR CONVERTIBLE,2015
porsche,boxster,BOXSTER S 2DR CONVERTIBLE RWD,2005-2009
porsche,boxster,BOXSTER S CABRIOLET 3.2L,2000-2004
porsche,boxster,BOXSTER SPYDER 2DR CONVERTIBLE RWD,2011
porsche,cayenne,CAYENNE 4 DR SUV,2011-2014
porsche,cayenne,CAYENNE 4DR SUV,"2010,2015-2018"
porsche,cayenne,CAYENNE 4DR SUV /S/GTS,2008-2009
porsche,cayenne,CAYENNE 4DR SUV 4WD,2006
porsche,cayenne,CAYENNE 4DR SUV 4WD /S,2004-2005
porsche,cayenne,CAYENNE 4DR SUV 4WD /TURBO,2004-2005
porsche,cayenne,CAYENNE BASE / S 4DR SUV,2019-2026
porsche,cayenne,CAYENNE BASE/S COUPE 4DR SUV,2020-2026
porsche,cayenne,CAYENNE DIESEL 4 DR SUV,2013-2014
porsche,cayenne,CAYENNE DIESEL 4DR SUV,2015-2016
porsche,cayenne,CAYENNE E-HYBRID 4DR SUV,2019-2026
porsche,cayenne,CAYENNE E-HYBRID COUPE 4DR SUV,2020-2026
porsche,cayenne,CAYENNE ELECTRIC 4DR SUV,2026-2027
porsche,cayenne,CAYENNE S 4 DR SUV,2011-2012
porsche,cayenne,CAYENNE S 4DR SUV 4WD,"2003,2006"
porsche,cayenne,CAYENNE S E-HYBRID 4DR SUV,2015-2018
porsche,cayenne,CAYENNE S HYBRID 4 DR SUV,2011-2014
porsche,cayenne,CAYENNE S/GTS 4 DR SUV,2013-2014
porsche,cayenne,CAYENNE S/GTS 4DR SUV,"2010,2015-2018"
porsche,cayenne,CAYENNE TURBO 4 DR SUV,2011-2012
porsche,cayenne,CAYENNE TURBO 4DR SUV,"2008-2010,2019-2026"
porsche,cayenne,CAYENNE TURBO 4DR SUV 4WD,"2003,2006"
porsche,cayenne,CAYENNE TURBO COUPE 4DR SUV,2020-2026
porsche,cayenne,CAYENNE TURBO ELECTRIC 4DR SUV,2026-2027
porsche,cayenne,CAYENNE TURBO S E-HYBRID 4DR SUV,2020-2026
porsche,cayenne,CAYENNE TURBO S E-HYBRID COUPE 4DR SUV,2020-2026
porsche,cayenne,CAYENNE TURBO/TURBO S 4 DR SUV,2013-2014
porsche,cayenne,CAYENNE TURBO/TURBO S 4DR SUV,2015-2018
porsche,cayman,CAYMAN BASE/S 2DR COUPE RWD,"2010,2013-2016"
porsche,cayman,CAYMAN BASE/S/R 2DR COUPE RWD,2011
porsche,cayman,CAYMAN BASE/S/R/BLACK EDITION 2DR COUPE RWD,2012
porsche,cayman,CAYMAN GT4 2DR COUPE RWD,2016
porsche,cayman,CAYMAN GTS 2DR COUPE RWD,2015-2016
porsche,cayman,CAYMAN S 2DR COUPE RWD,2006-2009
porsche,macan,MACAN 4DR SUV AWD,2017-2026
porsche,macan,MACAN EV 4DR SUV,2024-2026
porsche,macan,MACAN S  4DR SUV AWD,2020-2026
porsche,macan,MACAN S 4DR SUV AWD,2015-2016
porsche,macan,MACAN TURBO / GTS 4DR SUV AWD,2020-2026
porsche,macan,MACAN TURBO 4DR SUV AWD,2015-2019
porsche,panamera,PANAMERA,2017
porsche,panamera,PANAMERA /PLATINUM/S  4 DR HATCHBACK RWD,2013-2014
porsche,panamera,PANAMERA /S  4DR HATCHBACK RWD,2015-2016
porsche,panamera,PANAMERA 4 / 4S,2017
porsche,panamera,PANAMERA 4 / 4S 4DR SEDAN,2018-2026
porsche,panamera,PANAMERA 4 / 4S EXECUTIVE,2017
porsche,panamera,PANAMERA 4 / 4S EXECUTIVE 4DR SEDAN,2018-2026
porsche,panamera,PANAMERA 4 E-HYBRID,2017
porsche,panamera,PANAMERA 4 E-HYBRID 4DR SEDAN,2018-2026
porsche,panamera,PANAMERA 4 E-HYBRID EXECUTIVE 4DR SEDAN,2018-2026
porsche,panamera,PANAMERA 4 E_HYBRID EXECUTIVE,2017
porsche,panamera,PANAMERA 4 SPORT TURISMO 4DR WAGON,2020-2026
porsche,panamera,PANAMERA 4 SPORT TURISMO E-HYBRID 4DR WAGON,2020-2026
porsche,panamera,PANAMERA 4/4 PLATINUM/4S 4 DR HATCHBACK AWD,2013-2014
porsche,panamera,PANAMERA 4/4S,2012
porsche,panamera,PANAMERA 4/4S 4DR HATCHBACK AWD,2015-2016
porsche,panamera,PANAMERA 4DR SEDAN,2018-2026
porsche,panamera,PANAMERA 4S,2010-2011
porsche,panamera,PANAMERA 4S EXECUTIVE 4DR HATCHBACK AWD,2015-2016
porsche,panamera,PANAMERA 4S SPORT TURISMO 4DR WAGON,2020-2026
porsche,panamera,PANAMERA BASE/S,2012
porsche,panamera,PANAMERA BASE/S/4,2011
porsche,panamera,PANAMERA GTS,2012
porsche,panamera,PANAMERA GTS 4 DR HATCHBACK AWD,2013-2014
porsche,panamera,PANAMERA GTS 4DR HATCHBACK AWD,2015-2016
porsche,panamera,PANAMERA GTS 4DR SEDAN,2020-2026
porsche,panamera,PANAMERA GTS SPORT TURISMO 4DR WAGON,2020-2026
porsche,panamera,PANAMERA S,2010
porsche,panamera,PANAMERA S E-HYBRID  4DR HATCHBACK RWD,2015-2016
porsche,panamera,PANAMERA S HYBRID,2011-2012
porsche,panamera,PANAMERA S HYBRID  4 DR HATCHBACK RWD,2013-2014
porsche,panamera,PANAMERA SPORT TURISMO 4DR WAGON,2018-2019
porsche,panamera,PANAMERA SPORT TURISMO E-HYBRID 4DR WAGON,2018-2019
porsche,panamera,PANAMERA SPORT TURISMO TURBO S E-HYBRID 4DR WAGON,2018-2026
porsche,panamera,PANAMERA TURBO,"2010-2011,2017"
porsche,panamera,PANAMERA TURBO 4DR SEDAN 4DR SEDAN,2018-2026
porsche,panamera,PANAMERA TURBO EXECUTIVE,2017
porsche,panamera,PANAMERA TURBO EXECUTIVE 4DR SEDAN,2018-2026
porsche,panamera,PANAMERA TURBO S E-HYBRID,2017
porsche,panamera,PANAMERA TURBO S E-HYBRID 4DR SEDAN,2018-2026
porsche,panamera,PANAMERA TURBO S E-HYBRID EXECUTIVE,2017
porsche,panamera,PANAMERA TURBO S E-HYBRID EXECUTIVE 4DR SEDAN,2018-2026
porsche,panamera,PANAMERA TURBO SPORT TURISMO 4DR WAGON,2020-2026
porsche,panamera,PANAMERA TURBO/TURBO S,2012
porsche,panamera,PANAMERA TURBO/TURBO S  4 DR HATCHBACK AWD,2013-2014
porsche,panamera,PANAMERA TURBO/TURBO S  4DR HATCHBACK AWD,2015-2016
porsche,panamera,PANAMERA TURBO/TURBO S EXECUTIVE 4DR HATCHBACK AWD,2015-2016
porsche,taycan,TAYCAN 4 / 4S 4DR SEDAN,2021-2026
porsche,taycan,TAYCAN 4 / 4S CROSS TURISMO,2021-2026
porsche,taycan,TAYCAN TURBO / TURBO S 4DR SEDAN,2020-2026
porsche,taycan,TAYCAN TURBO / TURBO S CROSS TURISMO,2021
porsche,taycan,TAYCAN TURBO / TURBO S CROSS TURISMO / SPORT TURISMO,2022-2026
ram,1500,1500 CREW CAB 5.7-FT BOX 2WD,2019-2026
ram,1500,1500 CREW CAB 5.7-FT BOX 4X4,2019-2026
ram,1500,1500 CREW CAB 6.4-FT BOX 2WD,2019-2026
ram,1500,1500 CREW CAB 6.4-FT BOX 4X4,2019-2026
ram,1500,1500 QUAD CAB 6.4-FT BOX 2WD,2019-2026
ram,1500,1500 QUAD CAB 6.4-FT BOX 4X4,2019-2026
ram,1500,RAM 1500 CLASSIC CREW CAB 5.7-FT BOX 2WD,2019-2025
ram,1500,RAM 1500 CLASSIC CREW CAB 5.7-FT BOX 4X4,2019-2025
ram,1500,RAM 1500 CLASSIC CREW CAB 6.4-FT BOX 2WD,2019-2025
ram,1500,RAM 1500 CLASSIC CREW CAB 6.4-FT BOX 4X4,2019-2025
ram,1500,RAM 1500 CLASSIC QUAD CAB 6.4-FT BOX 2WD,2019-2025
ram,1500,RAM 1500 CLASSIC QUAD CAB 6.4-FT BOX 4X4,2019-2025
ram,1500,RAM 1500 CLASSIC REG CAB 6.4-FT BOX 2WD,2019-2025
ram,1500,RAM 1500 CLASSIC REG CAB 6.4-FT BOX 4X4,2019-2025
ram,1500,RAM 1500 CLASSIC REG CAB 8-FT BOX 2WD,2019-2025
ram,1500,RAM 1500 CLASSIC REG CAB 8-FT BOX 4X4,2019-2025
ram,1500,RAM 1500 CREW CAB 5.7-FT BOX 2WD,2012-2018
ram,1500,RAM 1500 CREW CAB 5.7-FT BOX 4X4,2012-2018
ram,1500,RAM 1500 CREW CAB 6.4-FT BOX 2WD,2014-2018
ram,1500,RAM 1500 CREW CAB 6.4-FT BOX 4X4,2014-2018
ram,1500,RAM 1500 QUAD CAB 6.4-FT BOX 2WD,2012-2018
ram,1500,RAM 1500 QUAD CAB 6.4-FT BOX 4X4,2012-2018
ram,1500,RAM 1500 REG CAB 6.4-FT BOX 2WD,2012-2018
ram,1500,RAM 1500 REG CAB 6.4-FT BOX 4X4,2012-2018
ram,1500,RAM 1500 REG CAB 8-FT BOX 2WD,2012-2018
ram,1500,RAM 1500 REG CAB 8-FT BOX 4X4,2012-2018
ram,2500,2500 NEW GEN CREW CAB L/BOX 2WD,2019-2026
ram,2500,2500 NEW GEN CREW CAB L/BOX 4WD,2019-2026
ram,2500,2500 NEW GEN CREW CAB S/BOX 2WD,2019-2026
ram,2500,2500 NEW GEN CREW CAB S/BOX 4WD,2019-2026
ram,2500,2500 NEW GEN MEGA CAB S/BOX 4WD,2019-2026
ram,2500,2500 NEW GEN REG CAB L/BOX 2WD,2019-2026
ram,2500,2500 NEW GEN REG CAB L/BOX 4WD,2019-2026
ram,2500,RAM 2500 CLASSIC  MEGA CAB S/BOX 4WD,2019
ram,2500,RAM 2500 CLASSIC CREW CAB L/BOX 2WD,2019
ram,2500,RAM 2500 CLASSIC CREW CAB L/BOX 4WD,2019
ram,2500,RAM 2500 CLASSIC CREW CAB S/BOX 2WD,2019
ram,2500,RAM 2500 CLASSIC CREW CAB S/BOX 4WD,2019
ram,2500,RAM 2500 CLASSIC MEGA CAB S/BOX 2WD,2019
ram,2500,RAM 2500 CLASSIC REG CAB L/BOX 2WD,2019
ram,2500,RAM 2500 CLASSIC REG CAB L/BOX 4WD,2019
ram,2500,RAM 2500 CREW CAB L/BOX 2WD,2012-2018
ram,2500,RAM 2500 CREW CAB L/BOX 4WD,2012-2018
ram,2500,RAM 2500 CREW CAB S/BOX 2WD,2012-2018
ram,2500,RAM 2500 CREW CAB S/BOX 4WD,2012-2018
ram,2500,RAM 2500 MEGA CAB S/BOX 2WD,2012-2018
ram,2500,RAM 2500 MEGA CAB S/BOX 4WD,2012-2018
ram,2500,RAM 2500 REG CAB L/BOX 2WD,2012-2018
ram,2500,RAM 2500 REG CAB L/BOX 4WD,2012-2018
ram,3500,3500 NEW GEN CREW CAB L/BOX 2WD DRW,2019-2026
ram,3500,3500 NEW GEN CREW CAB L/BOX 2WD SRW,2019-2026
ram,3500,3500 NEW GEN CREW CAB L/BOX 4WD DRW,2019-2026
ram,3500,3500 NEW GEN CREW CAB L/BOX 4WD SRW,2019-2026
ram,3500,3500 NEW GEN CREW CAB S/BOX 2WD SRW,2019-2026
ram,3500,3500 NEW GEN CREW CAB S/BOX 4WD SRW,2019-2026
ram,3500,3500 NEW GEN MEGA CAB S/BOX 4WD DRW,2019-2026
ram,3500,3500 NEW GEN MEGA CAB S/BOX 4WD SRW,2019-2026
ram,3500,3500 NEW GEN REG CAB L/BOX 2WD DRW,2019-2026
ram,3500,3500 NEW GEN REG CAB L/BOX 2WD SRW,2019-2026
ram,3500,3500 NEW GEN REG CAB L/BOX 4WD DRW,2019-2026
ram,3500,3500 NEW GEN REG CAB L/BOX 4WD SRW,2019-2026
ram,3500,RAM 3500 CLASSIC CREW CAB L/BOX 2WD DRW,2019
ram,3500,RAM 3500 CLASSIC CREW CAB L/BOX 2WD SRW,2019
ram,3500,RAM 3500 CLASSIC CREW CAB L/BOX 4WD DRW,2019
ram,3500,RAM 3500 CLASSIC CREW CAB L/BOX 4WD SRW,2019
ram,3500,RAM 3500 CLASSIC CREW CAB S/BOX 2WD,2019
ram,3500,RAM 3500 CLASSIC CREW CAB S/BOX 4WD,2019
ram,3500,RAM 3500 CLASSIC MEGA CAB S/BOX 2WD DRW,2019
ram,3500,RAM 3500 CLASSIC MEGA CAB S/BOX 2WD SRW,2019
ram,3500,RAM 3500 CLASSIC MEGA CAB S/BOX 4WD DRW,2019
ram,3500,RAM 3500 CLASSIC MEGA CAB S/BOX 4WD SRW,2019
ram,3500,RAM 3500 CLASSIC REG CAB L/BOX 2WD DRW,2019
ram,3500,RAM 3500 CLASSIC REG CAB L/BOX 2WD SRW,2019
ram,3500,RAM 3500 CLASSIC REG CAB L/BOX 4WD DRW,2019
ram,3500,RAM 3500 CLASSIC REG CAB L/BOX 4WD SRW,2019
ram,3500,RAM 3500 CREW CAB L/BOX 2WD DRW,2012-2018
ram,3500,RAM 3500 CREW CAB L/BOX 2WD SRW,2013-2018
ram,3500,RAM 3500 CREW CAB L/BOX 4WD DRW,2012-2018
ram,3500,RAM 3500 CREW CAB L/BOX 4WD SRW,2013-2018
ram,3500,RAM 3500 CREW CAB S/BOX 2WD,2012-2018
ram,3500,RAM 3500 CREW CAB S/BOX 4WD,2012-2018
ram,3500,RAM 3500 MEGA CAB S/BOX 2WD DRW,2012-2018
ram,3500,RAM 3500 MEGA CAB S/BOX 2WD SRW,2013-2018
ram,3500,RAM 3500 MEGA CAB S/BOX 4WD DRW,2012-2018
ram,3500,RAM 3500 MEGA CAB S/BOX 4WD SRW,2013-2018
ram,3500,RAM 3500 REG CAB L/BOX 2WD DRW,2012-2018
ram,3500,RAM 3500 REG CAB L/BOX 2WD SRW,2013-2018
ram,3500,RAM 3500 REG CAB L/BOX 4WD DRW,2012-2018
ram,3500,RAM 3500 REG CAB L/BOX 4WD SRW,2013-2018
ram,cargo_van,RAM CARGO VAN BASE,2012-2024
ram,promaster_1500,PROMASTER 1500 HIGH ROOF 136 IN. WB CARGO VAN,2014-2026
ram,promaster_1500,PROMASTER 1500 LOW ROOF 118 IN. WB CARGO VAN,2014-2026
ram,promaster_1500,PROMASTER 1500 LOW ROOF 136 IN. WB CARGO VAN,2014-2026
ram,promaster_2500,PROMASTER 2500 159 IN. WB WINDOWED VAN,2020-2026
ram,promaster_2500,PROMASTER 2500 HIGH ROOF 136 IN. WB CARGO VAN,2014-2026
ram,promaster_2500,PROMASTER 2500 HIGH ROOF 159 IN. WB CARGO VAN,2014-2026
ram,promaster_2500,PROMASTER 2500 LOW ROOF 136 IN. WB CARGO VAN,2020-2026
ram,promaster_3500,PROMASTER 3500 159 IN. WB EXT WINDOWED VAN,2020-2026
ram,promaster_3500,PROMASTER 3500 HIGH ROOF 136 IN. WB CARGO VAN,2020-2026
ram,promaster_3500,PROMASTER 3500 HIGH ROOF 159 IN. WB CARGO VAN,2014-2026
ram,promaster_3500,PROMASTER 3500 HIGH ROOF 159 IN. WB EXT CARGO,2014
ram,promaster_3500,PROMASTER 3500 HIGH ROOF 159 IN. WB EXT CARGO VAN,2015-2026
ram,promaster_3500,PROMASTER 3500 LOW ROOF 136 IN. WB CARGO VAN,2020-2026
ram,promaster_city,PROMASTER CITY CARGO VAN,2020-2024
ram,promaster_city,PROMASTER CITY VAN,2015-2019
ram,promaster_city,PROMASTER CITY WAGON,2015-2024
renault,alliance,ALLIANCE 2 DR,1983-1986
renault,alliance,ALLIANCE 2 DR COUPE,1987
renault,alliance,ALLIANCE 2 DR HATCHBACK,1987
renault,alliance,ALLIANCE 4 DR,1986
renault,alliance,ALLIANCE 4 DR SEDAN,1987
renault,alliance,ALLIANCE DL 2 DR,1983-1986
renault,alliance,ALLIANCE DL 2 DR COUPE,1987
renault,alliance,ALLIANCE DL 2 DR HATCHBACK,1987
renault,alliance,ALLIANCE DL 4 DR,1983-1986
renault,alliance,ALLIANCE DL 4 DR HATCHBACK,1987
renault,alliance,ALLIANCE DL 4 DR SEDAN,1987
renault,alliance,ALLIANCE DL CONVERTIBLE,1985-1987
renault,alliance,ALLIANCE GS 2 DR HATCHBACK,1987
renault,alliance,ALLIANCE L 2 DR,1983-1986
renault,alliance,ALLIANCE L 2 DR COUPE,1987
renault,alliance,ALLIANCE L 2 DR HATCHBACK,1987
renault,alliance,ALLIANCE L 4 DR,1983-1986
renault,alliance,ALLIANCE L 4 DR HATCHBACK,1987
renault,alliance,ALLIANCE L 4 DR SEDAN,1987
renault,alliance,ALLIANCE LIMITED 4 DR,1985
renault,alliance,ALLIANCE LTD. 4 DR,1983-1984
renault,encore,ENCORE 2 DR,1985
renault,encore,ENCORE GS 2 DR,1985-1986
renault,encore,ENCORE LB 2 DR,1984
renault,encore,ENCORE LS & GS LB 2 DR,1984
renault,encore,ENCORE LS & GS LB 4 DR,1984
renault,encore,ENCORE LS 2 DR,1985-1986
renault,encore,ENCORE LS 4 DR,1985-1986
renault,encore,ENCORE S 2 DR,1985-1986
renault,encore,ENCORE S 4 DR,1985-1986
renault,encore,ENCORE S LB 2 DR,1984
renault,encore,ENCORE S LB 4 DR,1984
renault,fuego,FUEGO,1982
renault,fuego,FUEGO & FUEGO TURBO,1983-1984
renault,fuego,FUEGO 2.2,1985
renault,lecar,LE CAR,1981-1982
renault,lecar,LE CAR TL & GTL HB,1983-1984
renault,lecar,LE CAR TL/GTL,1985-1986
rivian,r1s,R1S 4DR SUV,2023-2025
rivian,r1t,R1T 4DR PICKUP,2022-2025
rolls_royce,camargue,CAMARGUE,1986
rolls_royce,corniche,CORNICHE,1983-1985
rolls_royce,corniche,CORNICHE CONV.,1981-1982
rolls_royce,corniche,CORNICHE COUPE,1981
rolls_royce,corniche,CORNICHE CP,1982
rolls_royce,corniche,CORNICHE II,1986
rolls_royce,corniche,CORNICHE IV 2DR CONVERTIBLE,1994-1995
rolls_royce,corniche,CORNICHE IV/CONTINENTAL CONVERTIBLE,1992-1993
rolls_royce,corniche,CORNICHE/BENTLEY CONTINENTAL CONVER,1989
rolls_royce,corniche,CORNICHE/BENTLEY CONTINENTAL CONVERTABLE,1987
rolls_royce,corniche,CORNICHE/BENTLEY CONTINENTAL CONVERTIBLE,"1988,1990"
rolls_royce,corniche,CORNICHE/CONTINENTAL CONVERTIBLE,1991
rolls_royce,cullinan,CULLINAN 4DR SUV,2019-2026
rolls_royce,dawn,DAWN,2017-2018
rolls_royce,dawn,DAWN 2DR CONVERTIBLE,2019-2023
rolls_royce,ghost,GHOST 4DR SEDAN RWD,2012-2024
rolls_royce,ghost,GHOST EXTENDED 4DR SEDAN RWD,2012-2024
rolls_royce,ghost,GHOST SERIES II 4DR SEDAN,2025-2026
rolls_royce,ghost,GHOST SERIES II EXTENDED 4DR SEDAN,2025-2026
rolls_royce,phantom,PHANTOM 4DR SEDAN RWD,2004-2026
rolls_royce,phantom,PHANTOM COUPE 2DR COUPE RWD,2012-2019
rolls_royce,phantom,PHANTOM DROPHEAD 2DR COUPE RWD,2008-2011
rolls_royce,phantom,PHANTOM DROPHEAD COUPE 2DR CONVERTIBLE RWD,2012-2019
rolls_royce,phantom,PHANTOM EXTENDED 4DR SEDAN RWD,2008-2026
rolls_royce,silver_dawn,SILVER DAWN 4DR SEDAN,1995-1997
rolls_royce,silver_seraph,SILVER SERAPH 4DR SEDAN,1999-2002
rolls_royce,silver_spirit,SILVER SPIRIT,1981-1986
rolls_royce,silver_spirit,SILVER SPIRIT 4 DR SEDAN,1987-1989
rolls_royce,silver_spirit,SILVER SPIRIT 4DR SEDAN,1990
rolls_royce,silver_spirit,SILVER SPIRIT II 4DR SEDAN,1991-1993
rolls_royce,silver_spirit,SILVER SPIRIT III 4DR SEDAN,1994
rolls_royce,silver_spur,SILVER SPUR,1981-1986
rolls_royce,silver_spur,SILVER SPUR 4 DR SEDAN,1987-1989
rolls_royce,silver_spur,SILVER SPUR 4DR SEDAN,"1990,1996-1998"
rolls_royce,silver_spur,SILVER SPUR II 4DR SEDAN,1991-1993
rolls_royce,silver_spur,SILVER SPUR III 4DR SEDAN,1994-1995
rolls_royce,spectre,SPECTRE 2DR COUPE,2024-2026
rolls_royce,wraith,WRAITH 2DR COUPE RWD,2014-2023
saab,900,900 2 DR,"1982,1985"
saab,900,900 2 DR & 2 DR HB TURBO,1983-1984
saab,900,900 2 DR HATCHBACK,1986-1989
saab,900,900 2DR CONVERTIBLE S/SE,1998
saab,900,900 2DR CONVERTIBLE S/SE TURBO,1995-1997
saab,900,900 2DR CONVERTIBLE TURBO,1994
saab,900,900 2DR HATCHBACK,1990-1993
saab,900,900 2DR HATCHBACK S/SE,1995-1998
saab,900,900 4 DR,"1982,1985"
saab,900,900 4 DR SD & 4 DR TURBO,1983-1984
saab,900,900 4 DR SEDAN,1986-1989
saab,900,900 4DR HATCHBACK S/SE,1994-1998
saab,900,900 4DR SEDAN,1990-1993
saab,900,900 S 2 DR,1986
saab,900,900 S 2 DR COUPE,1987
saab,900,900 S 2 DR HATCHBACK,1989
saab,900,900 S 2 DR SEDAN,1988
saab,900,900 S 4 DR,1985-1986
saab,900,900 S 4 DR SEDAN,1987-1989
saab,900,900 SD,1981
saab,900,900 SPG 2DR HATCHBACK,1990-1991
saab,900,900 TURBO 16 2 DR,1985-1986
saab,900,900 TURBO 16 4 DR,1985
saab,900,900 TURBO 16S 2-DR,1986
saab,900,900 TURBO 2 DR HATCHBACK,1987
saab,900,900 TURBO 2DR HATCHBACK,1990-1993
saab,900,900 TURBO 3 DR,1981
saab,900,900 TURBO 4 DR SEDAN,1989
saab,900,900 TURBO CONVERTIBLE,1987-1993
saab,900,900 TURBO HATCHBACK,1988-1989
saab,900,900 TURBO SPG 2 DR HATCHBACK,1987
saab,900,900 TURBO SPG HATCHBACK,1988
saab,900,900S 2DR HATCHBACK,1990-1991
saab,900,900S 4 DR,1983-1984
saab,900,900S 4DR SEDAN,1990-1991
saab,9000,9000,1986
saab,9000,9000 4DR HATCHBACK AREO,1994
saab,9000,9000 4DR HATCHBACK AREO TURBO,1995-1997
saab,9000,9000 4DR HATCHBACK CS/CSE TURBO,1994-1997
saab,9000,9000 4DR HATCHBACK CSE,1998
saab,9000,9000 4DR SEDAN CD/CDE TURBO,1994
saab,9000,9000 4DR SEDAN CDE,1995-1997
saab,9000,9000 CD 4 DR SEDAN,1989
saab,9000,9000 CS/CSE TURBO 4DR HATCHBACK,1993
saab,9000,9000 SPG 4DR HATCHBACK,1990-1991
saab,9000,9000 TURBO 4 DR HATCHBACK,1987
saab,9000,9000 TURBO 4DR HATCHBACK,1992
saab,9000,9000 TURBO/9000S 4 DR HATCHBACK,1988-1989
saab,9000,9000CD/9000CD TURBO 4DR SEDAN,1992-1993
saab,9000,9000S 4 DR HATCHBACK,1987
saab,9000,9000S/9000 TURBO 4DR HATCHBACK,1990-1991
saab,9000,9000S/9000CD 4DR SEDAN,1990-1991
saab,9_2x,9-2X 4DR WAGON /LINEAR/AERO,2005-2007
saab,9_3,9-3 2DR CONVERTIBLE BASE/SE,2000-2002
saab,9_3,9-3 2DR CONVERTIBLE FWD,2006-2010
saab,9_3,9-3 2DR CONVERTIBLE FWD 2.0T/AERO,2011
saab,9_3,9-3 2DR CONVERTIBLE FWD AERO,2006-2010
saab,9_3,9-3 2DR CONVERTIBLE FWD ARC/AERO,2004-2005
saab,9_3,9-3 2DR CONVERTIBLE SE,"1999,2003"
saab,9_3,9-3 2DR CONVERTIBLE VIGGEN,2000-2002
saab,9_3,9-3 2DR HATCHBACK,1999
saab,9_3,9-3 2DR HATCHBACK BASE/SE,2000-2002
saab,9_3,9-3 2DR HATCHBACK VIGGEN,2000-2002
saab,9_3,9-3 4DR HATCHBACK BASE/SE,1999-2002
saab,9_3,9-3 4DR HATCHBACK VIGGEN,2000-2002
saab,9_3,9-3 4DR SEDAN FWD,2006-2011
saab,9_3,9-3 4DR SEDAN FWD /AERO,2004-2005
saab,9_3,9-3 4DR SEDAN FWD /LINEAR/ARC,2004-2005
saab,9_3,9-3 4DR SEDAN FWD AERO,2006-2010
saab,9_3,9-3 4DR SEDAN XWD AERO,2011
saab,9_3,9-3 LINEAR/ARC 4DR SEDAN FWD,2003
saab,9_3,9-3 SPORTCOMBI 4DR WAGON FWD,2006-2010
saab,9_3,9-3 SPORTCOMBI 4DR WAGON FWD 2.0T/AERO,2011
saab,9_3,9-3 SPORTCOMBI 4DR WAGON FWD AERO,2006-2010
saab,9_3,9-3 VECTOR 4DR SEDAN FWD,2003
saab,9_3,9-3X 4DR WAGON XWD,2011
saab,9_4x,9-4X 4 DR SUV,2011
saab,9_5,9-5 4DR SEDAN AERO 2.3 TURBO HIGH PRESSURE,2000-2003
saab,9_5,9-5 4DR SEDAN ARC 3.0 V6 TURBO,2002
saab,9_5,9-5 4DR SEDAN FWD,2006-2010
saab,9_5,9-5 4DR SEDAN FWD /ARC/AERO,2004-2005
saab,9_5,9-5 4DR SEDAN LINEAR 2.3 TURBO LIGHT PRESSURE,2002-2003
saab,9_5,9-5 4DR SEDAN SE,1998-1999
saab,9_5,9-5 4DR SEDAN SE 2.3 TURBO LIGHT PRESSURE,2000-2001
saab,9_5,9-5 4DR SEDAN SE 3.0 V6 TURBO,2000-2001
saab,9_5,9-5 4DR SEDAN SE V6,1998-1999
saab,9_5,9-5 4DR WAGON,1999
saab,9_5,9-5 4DR WAGON 2.3 TURBO LIGHT PRESSURE,2000-2001
saab,9_5,9-5 4DR WAGON 3.0 V6 TURBO,2001
saab,9_5,9-5 4DR WAGON AERO 2.3 TURBO HIGH PRESSURE,2001-2003
saab,9_5,9-5 4DR WAGON ARC 3.0 V6 TURBO,2002
saab,9_5,9-5 4DR WAGON FWD /ARC/AERO,2004-2005
saab,9_5,9-5 4DR WAGON LINEAR 2.3 TURBO LIGHT PRESSURE,2002-2003
saab,9_5,9-5 AERO 4 DR SEDAN XWD,2011
saab,9_5,9-5 SPORTCOMBI 4DR WAGON FWD,2006-2010
saab,9_5,9-5 TURBO4 4 DR SEDAN FWD,2011
saab,9_7x,9-7X 4DR SUV AWD /LINEAR/ARC,2005
saab,9_7x,9-7X 4DR SUV AWD /V8,2006
saab,9_7x,9-7X 4DR SUV AWD 4.2i/5.3i,2007
saab,9_7x,9-7X 4DR SUV AWD 4.2i/5.3i/AERO,2008-2009
saturn,astra,ASTRA XE/XR 5DR HATCH,2008-2009
saturn,astra,ASTRA XR 3DR HATCH,2008-2009
saturn,aura,AURA 4DR SEDAN FWD /XE/GREEN LINE,2007-2009
saturn,aura,AURA 4DR SEDAN FWD /XR,2007-2009
saturn,ion,ION 4DR QUAD COUPE FWD /2/3,2005-2007
saturn,ion,ION 4DR QUAD COUPE FWD /2/3/RED LINE,2004
saturn,ion,ION 4DR QUAD COUPE FWD /RED LINE,2005-2007
saturn,ion,ION 4DR SEDAN FWD 1/2/3,2004-2007
saturn,ion,ION QUAD COUPE S/3 4DR COUPE FWD,2003
saturn,ion,ION SEDAN 1/2/3 4DR SEDAN FWD,2003
saturn,l200,L100/L200 4DR SEDAN,2002
saturn,l200,L200 4DR SEDAN,2003
saturn,l300,L300 4DR SEDAN FWD 2.2 L4,2004-2005
saturn,l300,L300 4DR SEDAN FWD 3.0 V6,2004-2005
saturn,l300,L300 4DR SEDAN V6,2002-2003
saturn,l300,L300 4DR WAGON FWD 2.2 L4,2004
saturn,l300,L300 4DR WAGON FWD 3.0 V6,2004
saturn,ls,LS/LS1 4DR SEDAN,2000
saturn,ls,LS300 4DR SEDAN V6,2001
saturn,ls1,LS100/LS200 4DR SEDAN,2001
saturn,ls2,LS2 4DR SEDAN,2000
saturn,lw1,LW1 4DR WAGON,2000
saturn,lw2,LW2 4DR WAGON,2000
saturn,lw200,LW200 4DR WAGON,2001-2003
saturn,lw300,LW300 4DR WAGON V6,2001-2003
saturn,outlook,OUTLOOK 4DR SUV FWD XE/XR,2007-2009
saturn,relay,RELAY 2 FWD 4DR MINIVAN,2005-2009
saturn,relay,RELAY 3 AWD 4DR MINIVAN,"2005-2006,2009"
saturn,relay,RELAY 3 FWD 4DR MINIVAN,2005-2009
saturn,sc1,SATURN SC1/SC2 2DR COUPE,1993
saturn,sc1,SC1 2DR COUPE,1994-1996
saturn,sc1,SC1 2DR/3DR COUPE,1999
saturn,sc1,SC1/SC2 2DR COUPE,1997-1998
saturn,sc1,SC1/SC2 3DR COUPE,2000-2002
saturn,sc2,SC2 2DR COUPE SPORT (HIDDEN HEADLIGHTS),1994-1996
saturn,sc2,SC2 2DR/3DR COUPE,1999
saturn,sky,SKY 2DR CONV RWD /REDLINE,2007-2009
saturn,sl,SL 4DR SEDAN,1994
saturn,sl,SL/SL1 4DR SEDAN,1997-1999
saturn,sl,SL/SL1 4DR SEDAN BASE/SPORT,1995-1996
saturn,sl,SL/SL1 SPORT SEDAN,1992-1993
saturn,sl,SL/SL1/SL2 4DR SEDAN,2000-2002
saturn,sl1,SL1 4DR SEDAN SPORT,1994
saturn,sl2,SL2 4DR SEDAN SPORT TOURING,1994-1999
saturn,sl2,SL2 SPORT TOURING SEDAN,1992-1993
saturn,sw1,SATURN SW1/SW2 4DR WAGON,1993
saturn,sw1,SW1 4DR WAGON,1994-1999
saturn,sw2,SW2 4DR WAGON SPORT,1994-2001
saturn,vue,VUE 2-MODE HYBRID 4DR CUV FWD,2009
saturn,vue,VUE 4DR CUV FWD XE,2008-2009
saturn,vue,VUE 4DR CUV FWD XR/RED LINE,2008-2009
saturn,vue,VUE 4DR SUV AWD,2002
saturn,vue,VUE 4DR SUV FWD,2002
saturn,vue,VUE 4DR SUV FWD / 4 CYL,2004-2007
saturn,vue,VUE 4DR SUV FWD / V6/RED LINE,2004-2006
saturn,vue,VUE 4DR SUV FWD V6/RED LINE/GREEN LINE,2007
saturn,vue,VUE HYBRID 4DR CUV FWD,2008-2009
saturn,vue,VUE L4 4DR SUV FWD,2003
saturn,vue,VUE V6 4DR SUV AWD,2003
smart,fortwo,FORTWO 2DR COUPE,2016-2019
smart,fortwo,FORTWO 2DR HATCH /PURE/PULSE/PASSION,2007
smart,fortwo,FORTWO CABRIOLET 2DR CONV /PURE/PULSE/PASSION,2005-2007
smart,fortwo,FORTWO COUPE 2DR HATCH /PURE/PULSE/PASSION,2005-2006
smart,fortwo,FORTWO ED 2DR COUPE (electric) RWD,2014-2015
smart,fortwo,FORTWO PASSION 2DR CONV RWD,"2008-2009,2015"
smart,fortwo,FORTWO PASSION/BRABUS 2DR CONV RWD,2010-2014
smart,fortwo,FORTWO PURE/PASSION 2DR COUPE RWD,"2008-2009,2015"
smart,fortwo,FORTWO PURE/PASSION/BRABUS 2DR COUPE RWD,2010-2014
subaru,ascent,ASCENT CONVENIENCE 4DR SUV,2019-2026
subaru,ascent,ASCENT LIMITED / PREMIER 4DR SUV,2019-2026
subaru,ascent,ASCENT TOURING 4DR SUV,2019-2026
subaru,b9_tribeca,B9 TRIBECA 4DR SUV AWD,2006
subaru,b9_tribeca,B9 TRIBECA 4DR SUV AWD /LIMITED,2007
subaru,baja,BAJA EXT CAB S/BOX AWD,2003-2005
subaru,brat,BRAT DL 4 WD,1981-1982
subaru,brz,BRZ 2DR COUPE,2016-2026
subaru,brz,BRZ 2DR COUPE /SPORT-TECH,2013-2015
subaru,crosstrek,CROSSTREK 4DR SUV CONVENIENCE,2018-2023
subaru,crosstrek,CROSSTREK 4DR SUV LIMITED,2018-2023
subaru,crosstrek,CROSSTREK 4DR SUV SPORT,2018-2023
subaru,crosstrek,CROSSTREK 4DR SUV TOURING,2018-2023
subaru,crosstrek,CROSSTREK CONVENIENCE/TOURING 4DR SUV,2024-2026
subaru,crosstrek,CROSSTREK ONYX/LIMITED 4DR SUV,2024-2026
subaru,crosstrek,CROSSTREK WILDERNESS 4DR SUV,2024-2026
subaru,dl,4WD GL/DL WAGON,1988
subaru,dl,DL 4 WD WAGON,1982
subaru,dl,DL HD,1982
subaru,dl,DL SD,1982
subaru,dl,FWD DL/GL COUPE,1988
subaru,dl,FWD DL/GL WAGON,1989
subaru,dl,FWD GL/DL 4 DR SEDAN,1989
subaru,dl,HARDTOP DL,1981
subaru,dl,SEDAN DL,1981
subaru,dl,WAGON DL 4 WD,1981
subaru,forester,FORESTER 2.5X/S.5XS 4DR SUV AWD,2003
subaru,forester,FORESTER 2.5i / CONVENIENCE / TOURING 4DR SUV,2019-2024
subaru,forester,FORESTER 4DR SUV,2025-2026
subaru,forester,FORESTER 4DR SUV 2.0XT,2014-2018
subaru,forester,FORESTER 4DR SUV 2.5X/TOURING PACKAGE/LTD PAC,2009-2011
subaru,forester,FORESTER 4DR SUV 2.5X/TOURING/LIMITED,2012-2013
subaru,forester,FORESTER 4DR SUV 2.5XT,2012-2013
subaru,forester,FORESTER 4DR SUV 2.5i,2014-2018
subaru,forester,FORESTER 4DR SUV AWD /2.5 X/2.5 SX/2.5 SX PRE,2004-2007
subaru,forester,FORESTER 4DR SUV AWD /2.5 XT,2004-2007
subaru,forester,FORESTER 4DR SUV AWD 2.5 XT,2008
subaru,forester,FORESTER 4DR SUV AWD 2.5X/ANN. EDITION/2.5 SX,2008
subaru,forester,FORESTER 4DR SUV AWD L/S,1998
subaru,forester,FORESTER 4DR SUV AWD L/S/LTD,1999-2002
subaru,forester,FORESTER SPORT / LIMITED / PREMIER 4DR SUV,2019-2024
subaru,gl,4WD GL 4 DR SEDAN,1988
subaru,gl,4WD GL/4WD RX TURBO COUPE,1988
subaru,gl,4WD GL/4WD RX TURBO COUPE/FWDGL,1989
subaru,gl,FWD GL COUPE,1989
subaru,gl,GL 2 DR HB,1983-1984
subaru,gl,GL 2 DR HB 4 WD,1982
subaru,gl,GL 2 DR HB 4WD,1983-1984
subaru,gl,GL 2 WD WAGON,1985-1986
subaru,gl,GL 4 DR SD,1982
subaru,gl,GL 4 WD WAGON,1985
subaru,gl,GL 4WD 4 DR SEDAN,1987
subaru,gl,GL 4WD LIFTBACK 2 DR HATCHBACK,1987
subaru,gl,GL 4WD STAT. WAGON,1983-1984
subaru,gl,GL 4WD WAGON,1987
subaru,gl,GL SEDAN,1985
subaru,gl,GL WAGON,1982
subaru,gl,GL/GL-10 4WD TURBO WAGON,1986
subaru,gl,GL/GL-10 TURBO SEDAN,1986
subaru,gl,GL/GL-G 4 DR SD,1983-1984
subaru,gl,GL/GL-G STAT. WAGON,1983-1984
subaru,gl,HATCHBACK GL,1981
subaru,gl,HATCHBACK GL 2 DR,1985
subaru,gl_10,4WD GL-10 TURBO 4DR SEDAN,1988
subaru,gl_10,4WD GL-10 TURBO WAGON,1988
subaru,gl_10,4WD GL/GL-10 TURBO 4 DR SEDAN,1989
subaru,gl_10,4WD GL/GL-10 TURBO WAGON,1989
subaru,gl_10,FWD GL/DL/GL-10 TURBO SEDAN,1988
subaru,gl_10,FWD GL/DL/GL-10 TURBO WAGON,1988
subaru,gl_10,FWD GL/GL-10 TURBO SEDAN,1989
subaru,gl_10,GL-10 TURBO 4WD 4 DR SEDAN,1987
subaru,gl_10,GL-10 TURBO 4WD WAGON,1987
subaru,glf,CHASER GL FWD 2 DR HATCHBACK,1988
subaru,glf,GL FWD 4 DR SEDAN,1987
subaru,glf,GL FWD LIFTBACK 2 DR HATCHBACK,1987
subaru,glf,GL FWD WAGON,1987
subaru,glf,GLF/GLF-G 2 DR HD,1983-1984
subaru,glf,SEDAN GL F,1981
subaru,glf,SUBARU GLF 2 DR,1982
subaru,impreza,IMPREZA 2.5i/SPORT 4DR SEDAN AWD,2008-2009
subaru,impreza,IMPREZA 2.5i/SPORT/LIMITED 4DR SEDAN AWD,2010-2011
subaru,impreza,IMPREZA 2DR COUPE AWD 1.8,1996
subaru,impreza,IMPREZA 2DR COUPE AWD 2.5 RS,1998-2001
subaru,impreza,IMPREZA 2DR COUPE AWD L,"1995,1997"
subaru,impreza,IMPREZA 2DR COUPE AWD L 2.2,1996
subaru,impreza,IMPREZA 2DR COUPE FWD L,1995
subaru,impreza,IMPREZA 4DR SEDAN,2017-2023
subaru,impreza,IMPREZA 4DR SEDAN 2.0i,2014-2016
subaru,impreza,IMPREZA 4DR SEDAN 2.0i/2.0i TOURING/2.0i SPOR,2012-2013
subaru,impreza,IMPREZA 4DR SEDAN AWD,1998-1999
subaru,impreza,IMPREZA 4DR SEDAN AWD /2.5 RS/SPORT PACKAGE,2005
subaru,impreza,IMPREZA 4DR SEDAN AWD 2.5 RS,2000-2004
subaru,impreza,IMPREZA 4DR SEDAN AWD 2.5I,2006
subaru,impreza,IMPREZA 4DR SEDAN AWD 2.5i,2007
subaru,impreza,IMPREZA 4DR SEDAN AWD BASE/L,1994
subaru,impreza,IMPREZA 4DR SEDAN AWD L,1997
subaru,impreza,IMPREZA 4DR SEDAN AWD L 1.8,1996
subaru,impreza,IMPREZA 4DR SEDAN AWD L 2.2,1996
subaru,impreza,IMPREZA 4DR SEDAN AWD L/L+,1995
subaru,impreza,IMPREZA 4DR SEDAN AWD LS,1994
subaru,impreza,IMPREZA 4DR SEDAN AWD TS,2000-2001
subaru,impreza,IMPREZA 4DR SEDAN FWD BASE,1994
subaru,impreza,IMPREZA 4DR SEDAN FWD L/L+,1995
subaru,impreza,IMPREZA 4DR SEDAN FWD L/LS,1994
subaru,impreza,IMPREZA 4DR WAGON AWD /2.5 TS SPORT,2004
subaru,impreza,IMPREZA 4DR WAGON AWD /OUTBACK SPORT,2004-2005
subaru,impreza,IMPREZA 4DR WAGON AWD 2.5I/OUTBACK SPORT,2006
subaru,impreza,IMPREZA 4DR WAGON AWD 2.5i/OUTBACK SPORT,2007
subaru,impreza,IMPREZA 4DR WAGON AWD BASE/LS,1994
subaru,impreza,IMPREZA 4DR WAGON AWD BRIGHTON,1999
subaru,impreza,IMPREZA 4DR WAGON AWD BRIGHTON SPORT,"1998,2000-2001"
subaru,impreza,IMPREZA 4DR WAGON AWD L,1994
subaru,impreza,IMPREZA 4DR WAGON AWD L+,1995
subaru,impreza,IMPREZA 4DR WAGON AWD L/OUTBACK SPORT,1997
subaru,impreza,IMPREZA 4DR WAGON AWD L/OUTBACK SPORT 1.8,1996
subaru,impreza,IMPREZA 4DR WAGON AWD L/OUTBACK SPORT 2.2,1996
subaru,impreza,IMPREZA 4DR WAGON AWD OUTBACK SPORT,2000-2001
subaru,impreza,IMPREZA 4DR WAGON AWD TS,2002-2003
subaru,impreza,IMPREZA 4DR WAGON AWD/ BRIGHTON,1997
subaru,impreza,IMPREZA 4DR WAGON FWD BASE/L,1994
subaru,impreza,IMPREZA 4DR WAGON FWD L,1994
subaru,impreza,IMPREZA 5-DOOR 2.5i/SPORT WAGON AWD,2008-2009
subaru,impreza,IMPREZA 5-DOOR 2.5i/SPORT/LIMITED HATCH AWD,2010-2011
subaru,impreza,IMPREZA 5-DOOR WRX WAGON AWD,2008-2009
subaru,impreza,IMPREZA 5-DOOR WRX/WRX LIMITED HATCH AWD,2010-2011
subaru,impreza,IMPREZA 5DR HATCH,2017-2023
subaru,impreza,IMPREZA 5DR HATCH 2.0i,2014-2016
subaru,impreza,IMPREZA 5DR HATCH 2.0i/2.0i TOURING/2.0i SPOR,2012-2013
subaru,impreza,IMPREZA CONVENIENCE/TOURING 4DR SEDAN,2024-2026
subaru,impreza,IMPREZA OUTBACK SPORT 4DR WAGON AWD,2002
subaru,impreza,IMPREZA RS/SPORT-TECH 4DR SEDAN,2024-2026
subaru,impreza,IMPREZA TS SPORT/OUTBACK SPORT 4DR WAGON AWD,2003
subaru,impreza,IMPREZA WRX 4DR SEDAN AWD,2008-2009
subaru,impreza,IMPREZA WRX SEDAN 4DR AWD,2002-2007
subaru,impreza,IMPREZA WRX SPORT WAGON,2002-2003
subaru,impreza,IMPREZA WRX SPORT WAGON AWD,2004-2007
subaru,impreza,IMPREZA WRX STI 5DR HATCH AWD,2008-2009
subaru,impreza,IMPREZA WRX STI/SPORT-TECH 4DR SEDAN AWD,2011-2014
subaru,impreza,IMPREZA WRX STI/SPORT-TECH 5DR HATCH AWD,2010-2014
subaru,impreza,IMPREZA WRX STi 4DR SEDAN AWD,2004-2007
subaru,impreza,IMPREZA WRX/WRX LIMITED 4DR SEDAN AWD,2010-2014
subaru,impreza,IMPREZA WRX/WRX LIMITED 5DR HATCH AWD,2012-2014
subaru,justy,JUSTY 4DR HATCHBACK 4WD,1994-1995
subaru,justy,JUSTY DL/GL/GL 4WD 2DR HATCHBACK,1990-1991
subaru,justy,JUSTY GL 4WD,1988
subaru,justy,JUSTY GL 4WD 4DR HATCHBACK,1990-1993
subaru,justy,JUSTY GL 4WDDL FWD/GL FWD,1989
subaru,justy,JUSTY GL FWD 2DR HATCHBACK,1992-1993
subaru,legacy,LEGACY 2.5i/TOURING 4DR WAGON AWD,2008-2009
subaru,legacy,LEGACY 2.5i/TOURING/LIMITED 4DR SEDAN AWD,2008-2009
subaru,legacy,LEGACY 4DR SEDAN,2020-2026
subaru,legacy,LEGACY 4DR SEDAN /2.5i/2.5 GT,2005
subaru,legacy,LEGACY 4DR SEDAN 2.5 GT,2006-2007
subaru,legacy,LEGACY 4DR SEDAN 2.5GT/3.6R,2010-2012
subaru,legacy,LEGACY 4DR SEDAN 2.5I/PZEV,2010-2011
subaru,legacy,LEGACY 4DR SEDAN 2.5i,2006-2007
subaru,legacy,LEGACY 4DR SEDAN 2.5i AWD,2015-2019
subaru,legacy,LEGACY 4DR SEDAN 2.5i/PZEV/2.5i TOURING/2.5i,2012-2014
subaru,legacy,LEGACY 4DR SEDAN 3.6R,2013-2014
subaru,legacy,LEGACY 4DR SEDAN 3.6R AWD,2015-2019
subaru,legacy,LEGACY 4DR SEDAN AWD 2.2 L,1999
subaru,legacy,LEGACY 4DR SEDAN AWD 2.5 GT,1998
subaru,legacy,LEGACY 4DR SEDAN AWD 2.5 GT/GT LTD,1999
subaru,legacy,LEGACY 4DR SEDAN AWD L+/LS,1997
subaru,legacy,LEGACY 4DR SEDAN AWD L/GT/GT LTD,2000-2002
subaru,legacy,LEGACY 4DR SEDAN AWD L/GT/GT PREMIUM,2003
subaru,legacy,LEGACY 4DR SEDAN AWD L/L PREMIUM/2.5 GT,2004
subaru,legacy,LEGACY 4DR SEDAN AWD L/LS/LSi,1995-1996
subaru,legacy,LEGACY 4DR SEDAN AWD L/LTD,1998
subaru,legacy,LEGACY 4DR SEDAN AWD LS,1994
subaru,legacy,LEGACY 4DR SEDAN AWD TURBO,1994
subaru,legacy,LEGACY 4DR SEDAN FWD L,1994-1996
subaru,legacy,LEGACY 4DR SEDAN GT/LSi,1997
subaru,legacy,LEGACY 4DR WAGON /2.5i/2.5 GT,2005
subaru,legacy,LEGACY 4DR WAGON 2.5 GT,2006-2007
subaru,legacy,LEGACY 4DR WAGON 2.5i,2006-2007
subaru,legacy,LEGACY 4DR WAGON AWD /2.5 GT,2004
subaru,legacy,LEGACY 4DR WAGON AWD /L/L PREMIUM,2004
subaru,legacy,LEGACY 4DR WAGON AWD 2.5 GT,1998-1999
subaru,legacy,LEGACY 4DR WAGON AWD BRIGHTON/L,2000-2002
subaru,legacy,LEGACY 4DR WAGON AWD GT,2000-2002
subaru,legacy,LEGACY 4DR WAGON AWD L/BRIGHTON,1998-1999
subaru,legacy,LEGACY 4DR WAGON AWD LS/TOURING,1994
subaru,legacy,LEGACY 4DR WAGON FWD L,1994
subaru,legacy,LEGACY 4DR WAGON L+/BRIGHTON,1997
subaru,legacy,LEGACY 4WD 4DR SEDAN,1990
subaru,legacy,LEGACY 4WD TURBO SEDAN,1991-1993
subaru,legacy,LEGACY 4WD WAGON,1990
subaru,legacy,LEGACY BRIGHTON 4DR WAGON AWD L/LS/LSi,1995-1996
subaru,legacy,LEGACY BRIGHTON 4DR WAGON AWD LS/GT/LSi,1997
subaru,legacy,LEGACY BRIGHTON 4DR WAGON FWD L,1995
subaru,legacy,LEGACY FWD 4DR SEDAN,1990
subaru,legacy,LEGACY FWD WAGON,1990
subaru,legacy,LEGACY GT 4DR SEDAN,2020-2026
subaru,legacy,LEGACY GT 4DR SEDAN AWD,2008-2009
subaru,legacy,LEGACY GT 4DR WAGON AWD,"2003,2008-2009"
subaru,legacy,LEGACY GT SPEC.B 4DR SEDAN AWD,2008-2009
subaru,legacy,LEGACY L 4DR WAGON AWD,2003
subaru,legacy,LEGACY L/LS 4WD 4DR SEDAN,1991-1993
subaru,legacy,LEGACY L/LS 4WD WAGON,1991-1993
subaru,legacy,LEGACY L/LS FWD 4DR SEDAN,1991-1993
subaru,legacy,LEGACY L/LS FWD WAGON,1991-1993
subaru,loyale,LOYALE 4WD 4DR SEDAN,1990
subaru,loyale,LOYALE 4WD WAGON,1990-1994
subaru,loyale,LOYALE FWD 4DR SEDAN,"1990,1992-1993"
subaru,loyale,LOYALE FWD WAGON,1990-1994
subaru,loyale,LOYALE SX FWD 4DR SEDAN,1991
subaru,outback,OUTBACK 4DR SEDAN AWD (LEGACY),1999
subaru,outback,OUTBACK 4DR SEDAN AWD H6,2002-2003
subaru,outback,OUTBACK 4DR SEDAN AWD LTD,2000-2001
subaru,outback,OUTBACK 4DR WAGON,2023-2025
subaru,outback,OUTBACK 4DR WAGON AWD,"1996-1997,2000-2002"
subaru,outback,OUTBACK 4DR WAGON AWD /2.5XT/3.0R,2005-2009
subaru,outback,OUTBACK 4DR WAGON AWD /2.5i/2.5i LIMITED,2005-2009
subaru,outback,OUTBACK 4DR WAGON AWD /3.0R VDC,2005-2009
subaru,outback,OUTBACK 4DR WAGON AWD /BASE/PREMIUM,2004
subaru,outback,OUTBACK 4DR WAGON AWD /LIMITED/ANNIV,2004
subaru,outback,OUTBACK 4DR WAGON AWD 2.5i,2014-2019
subaru,outback,OUTBACK 4DR WAGON AWD 2.5i (manual),2013
subaru,outback,OUTBACK 4DR WAGON AWD 2.5i/PZEV/2.5i TOURING/,2013
subaru,outback,OUTBACK 4DR WAGON AWD 3.6R,2010-2019
subaru,outback,OUTBACK 4DR WAGON AWD BASE/LIMITED,1998-1999
subaru,outback,OUTBACK 4DR WAGON AWD H6,2001-2003
subaru,outback,OUTBACK 4DR WAGON AWD H6-3.0/VDC,2004
subaru,outback,OUTBACK 4DR WAGON AWD LTD,2000-2003
subaru,outback,OUTBACK 4DR WAGON AWD PZEV/2.5I,2010-2012
subaru,outback,OUTBACK 4DR WAGON CONVIENCE/TOURING/LIMITED,2020-2022
subaru,outback,OUTBACK 4DR WAGON LIMITED XT/PREMIER XT,2020-2022
subaru,outback,OUTBACK 4DR WAGON LIMITED/WILDERNESS/PREMIER,2026-2027
subaru,outback,OUTBACK 4DR WAGON PREMIER/OUTDOOR XT,2020-2022
subaru,outback,OUTBACK 4DR WAGON TOURING,2026-2027
subaru,outback,OUTBACK 4DR WGAON WILDERNESS/XT,2023-2025
subaru,outback,OUTBACK SPORT 4DR WAGON AWD (IMPREZA),1998-1999
subaru,solterra,SOLTERRA SUV,2023-2026
subaru,svx,SVX 2DR COUPE,"1992,1994-1997"
subaru,trailseeker,TRAILSEEKER 4DR  WAGON,2026-2027
subaru,uncharted,UNCHARTED 4DR SUV AWD,2026-2027
subaru,uncharted,UNCHARTED 4DR SUV FWD,2026-2027
subaru,wrx,WRX 4DR SEDAN,2015-2026
subaru,wrx,WRX SPORT 4DR SEDAN,2022-2026
subaru,wrx,WRX SPORT EyeSight 4DR SEDAN,2022-2026
subaru,wrx,WRX STI 4DR SEDAN,2015-2021
subaru,xt,XT COUPE FWD/4WD,1990
subaru,xt,XT GL FWD COUPE (2 DR),1987
subaru,xt,XT GL-10 TURBO 4WD COUPE (2 DR),1987
subaru,xt,XT TURBO COUPR FWD/4WD,1986
subaru,xt6,4WD XT-6 COUPE,1988-1989
subaru,xt6,FWD GLXT/FWD XT6,1989
subaru,xt6,FWD XT DL/GL/XT6 COUPE,1988
subaru,xv_crosstrek,XV CROSSTREK HYBRID,2014-2017
subaru,xv_crosstrek,XV CROSSTREK TOURING/SPORT PACKAGE/LIMITED PA,2013
subaru,xv_crosstrek,XV CROSSTREK TOURING/SPORT/LIMITED,2014-2017
suzuki,aerio,AERIO 4DR SEDAN AWD GLX AWD,2004-2005
suzuki,aerio,AERIO 4DR SEDAN FWD,2006-2007
suzuki,aerio,AERIO 4DR SEDAN FWD /GL/GLX,2004-2005
suzuki,aerio,AERIO 4DR WAGON AWD SX,2006
suzuki,aerio,AERIO 4DR WAGON FWD /FASTBACK S/SX,2004
suzuki,aerio,AERIO 4DR WAGON FWD /SX,2005
suzuki,aerio,AERIO 4DR WAGON FWD SE/SX,2006
suzuki,aerio,AERIO FASTBACK GL/GLX/SX,2002-2003
suzuki,aerio,AERIO SEDAN GL/GLX/SX,2002-2003
suzuki,equator,EQUATOR 4DR PICKUP RWD,2009-2010
suzuki,esteem,ESTEEM 4DR SEDAN GL/GLX,1995-2001
suzuki,esteem,ESTEEM 4DR WAGON GL/GLX,1998-2002
suzuki,forsa,FORSA  GL/GA 4 DR KAMBACK,1988
suzuki,forsa,FORSA GA (2DR) / GL (2DR),1986
suzuki,forsa,FORSA GA/GL 2 DR KAMBACK,1987
suzuki,forsa,FORSA GA/GL/GE 2DR KAMBACK,1988
suzuki,forsa,FORSA V GL 4 DR KAMBACK,1987
suzuki,forsa,FORSA VLG (4DR),1986
suzuki,grand_vitara,GRAND VITARA 4DR 4WD V6 JA/JX/JLX,2006-2008
suzuki,grand_vitara,GRAND VITARA 4DR 4WD V6 JX/JLX,2002-2005
suzuki,grand_vitara,GRAND VITARA 4DR 4WD V6 JX/JLX/LTD,2001
suzuki,grand_vitara,GRAND VITARA 4DR SUV AWD JA/JX/JLX,2009
suzuki,grand_vitara,GRAND VITARA 4DR SUV AWD JX/JLX,2010
suzuki,grand_vitara,GRAND VITARA 4DR SUV AWD JX/JLX/JLX-L,2011-2012
suzuki,grand_vitara,GRAND VITARA 4DR SUV AWD URBAN/JX/JLX/JLX-L,2013-2014
suzuki,grand_vitara,GRAND VITARA V6 4DR 4WD JX/JLX,1999-2000
suzuki,kizashi,KIZASHI 4DR SEDAN,2011
suzuki,kizashi,KIZASHI S 4DR SEDAN,2012
suzuki,kizashi,KIZASHI S iAWD 4DR SEDAN,2013-2014
suzuki,kizashi,KIZASHI SPORT 4DR SEDAN,2012
suzuki,kizashi,KIZASHI SPORT iAWD/SX iAWD 4DR SEDAN,2013-2014
suzuki,kizashi,KIZASHI SX AWD 4DR SEDAN,2012
suzuki,samurai,SAMURAI CONVERTABLE STD/JA,1991-1992
suzuki,samurai,SAMURAI CONVERTABLE STD/JX,1988-1990
suzuki,samurai,SAMURAI CONVERTIBLE,1985-1987
suzuki,samurai,SAMURAI HARD TOP,1985-1987
suzuki,samurai,SAMURAI HARDTOP STD/JA,1991-1992
suzuki,samurai,SAMURAI HARDTOP STD/JX,1988-1990
suzuki,samurai,SAMURAI JX PLUS,1988
suzuki,samurai,SAMURAI LONG BODY,1987
suzuki,samurai,SAMURAI LONG BODY CONVERTIBLE,1985-1986
suzuki,samurai,SAMURAI LONG BODY JX,1988
suzuki,sidekick,SIDEKICK 2DR HARD TOP 4X4 JA/JX,1994-1995
suzuki,sidekick,SIDEKICK 2DR JA/JX HARD TOP 4x4,1991-1993
suzuki,sidekick,SIDEKICK 2DR JA/JX/JLX SOFT TOP 4x4,1991-1993
suzuki,sidekick,SIDEKICK 2DR SOFT TOP 4X4,1998
suzuki,sidekick,SIDEKICK 2DR SOFT TOP 4X4 JA/JX,1996-1997
suzuki,sidekick,SIDEKICK 2DR SOFT TOP 4X4 JA/JX/JLX,1994-1995
suzuki,sidekick,SIDEKICK 4DR HARD TOP 4X4,1998
suzuki,sidekick,SIDEKICK 4DR HARD TOP 4X4 JX,1996-1997
suzuki,sidekick,SIDEKICK 4DR HARD TOP 4X4 JX/JLX,1994-1995
suzuki,sidekick,SIDEKICK 4DR HARD TOP 4X4 SPORT JX/JLX,1996-1998
suzuki,sidekick,SIDEKICK 4DR JA/JLX/JLX-PP 4X4,1991-1993
suzuki,sidekick,SIDEKICK BASE/DLX/SUPER DLX CONV. 4X4,1989
suzuki,sidekick,SIDEKICK DLX/SUPER DLX HARDTOP 4X4,1989
suzuki,sidekick,SIDEKICK STD/DLX/SUPER DLX HARD TOP 4x4,1990
suzuki,sidekick,SIDEKICK STD/DLX/SUPER DLX SOFT TOP 4x4,1990
suzuki,swift,SWIFT 2DR HATCHBACK,2001
suzuki,swift,SWIFT 2DR HATCHBACK BASE/DLX,1995-2000
suzuki,swift,SWIFT 2DR HATCHBACK GA,1994
suzuki,swift,SWIFT 2DR HATCHBACK GT,1994
suzuki,swift,SWIFT 2DR HATCHBACK L/GS,1994
suzuki,swift,SWIFT 4DR HATCH FWD +/S,2004-2007
suzuki,swift,SWIFT 4DR SEDAN GL/GLX,1994
suzuki,swift,SWIFT 4DR SEDAN L,1994
suzuki,swift,SWIFT GA 2DR HATCHBACK,1993
suzuki,swift,SWIFT GL 4DR HATCHBACK,1990
suzuki,swift,SWIFT GT 2DR HATCHBACK,1990
suzuki,swift,SWIFT GT 3DR HATCHBACK,1991-1993
suzuki,swift,SWIFT L/GL/GLX 4DR SEDAN,1990-1993
suzuki,swift,SWIFT L/GS 3DR HATCHBACK,1992-1993
suzuki,swift,SWIFT L/S/GL 2DR HATCHBACK,1990
suzuki,swift,SWIFT L/S/GL 3DR HATCHBACK,1991
suzuki,swift,SWIFT+ /S 4DR HATCH FWD,2008-2009
suzuki,swift,SWIFTL/S/DL 2DR HATCHBACK,1989
suzuki,sx4,SX4 4DR CROSSOVER JA iAWD/JX iAWD/JLX iAWD,2013-2014
suzuki,sx4,SX4 4DR HATCH AWD JX/JLX,2010-2012
suzuki,sx4,SX4 4DR HATCH FWD,2007-2009
suzuki,sx4,SX4 4DR HATCH FWD /JLX,2007-2009
suzuki,sx4,SX4 4DR HATCH FWD /JX,2007-2009
suzuki,sx4,SX4 4DR HATCH FWD AERO,2010
suzuki,sx4,SX4 4DR HATCH FWD BASE,2010-2011
suzuki,sx4,SX4 4DR HATCH FWD JA/JX,2012-2014
suzuki,sx4,SX4 4DR HATCH FWD JX,2010-2011
suzuki,sx4,SX4 4DR SEDAN FWD,2008-2011
suzuki,sx4,SX4 4DR SEDAN FWD  JA/SPORT (auto),2012
suzuki,sx4,SX4 4DR SEDAN FWD  JA/SPORT (manual),2012
suzuki,sx4,SX4 4DR SEDAN FWD  JE/JA/SPORT (manual),2013-2014
suzuki,sx4,SX4 4DR SEDAN FWD JA/SPORT (auto),2013-2014
suzuki,sx4,SX4 SPORT 4DR SEDAN FWD,2008-2011
suzuki,verona,VERONA 4DR SEDAN FWD GL/GLX,2004-2006
suzuki,vitara,VITARA 2DR CONVERTIBLE 4WD 1.6L,1999-2002
suzuki,vitara,VITARA 2DR CONVERTIBLE 4WD 2.0L,1999-2002
suzuki,vitara,VITARA 2DR CONVERTIBLE JX 4WD 2.0L,2003
suzuki,vitara,VITARA 4DR 4WD,2000
suzuki,vitara,VITARA 4DR 4WD BASE/JX,2001-2003
suzuki,vitara,VITARA 4DR 4WD JX,1999
suzuki,vitara,VITARA 4DR 4WD SUV,2004
suzuki,x_90,X-90 2DR HARD TOP SUV 4WD,1997-1998
suzuki,x_90,X-90 2DR SUV 4WD,1996
suzuki,xl7,XL-7 4DR 4WD,2001
suzuki,xl7,XL-7 4DR 4WD /JLX/JLX PLUS/LTD,2004-2005
suzuki,xl7,XL-7 4DR 4WD JLX,2009
suzuki,xl7,XL-7 4DR 4WD JLX/JLX PLUS,2006
suzuki,xl7,XL-7 4DR 4WD JX,"2004-2006,2009"
suzuki,xl7,XL-7 4DR 4WD JX/JLX/LTD,2002-2003
suzuki,xl7,XL7 4DR 4WD JLX,2007-2008
suzuki,xl7,XL7 4DR 4WD JX,2007-2008
tesla,cybertruck,CYBERTRUCK 4DR PICKUP AWD,2024-2026
tesla,cybertruck,CYBERTRUCK 4DR PICKUP CYBERBEAST,2024-2026
tesla,model_3,MODEL 3 4DR SEDAN LONG RANGE,2018
tesla,model_3,MODEL 3 4DR SEDAN LONG RANGE AWD,2019-2026
tesla,model_3,MODEL 3 4DR SEDAN LONG RANGE RWD,2019-2023
tesla,model_3,MODEL 3 4DR SEDAN MID RANGE,2019-2023
tesla,model_3,MODEL 3 4DR SEDAN RWD,2024-2026
tesla,model_3,MODEL 3 4DR SEDAN STANDARD,2018-2023
tesla,model_s,MODEL S,2013
tesla,model_s,MODEL S 4DR SEDAN,2014
tesla,model_s,MODEL S 4DR SEDAN AWD,2017-2026
tesla,model_s,MODEL S 4DR SEDAN RWD,2017-2018
tesla,model_s,MODEL S 60 4DR SEDAN RWD,2015
tesla,model_s,MODEL S 60D 4DR SEDAN AWD,2015
tesla,model_s,MODEL S 70 4DR SEDAN RWD,2016
tesla,model_s,MODEL S 70D 4DR SEDAN AWD,2016
tesla,model_s,MODEL S 85 4DR SEDAN RWD,2015
tesla,model_s,MODEL S 85D 4DR SEDAN AWD,2015
tesla,model_s,MODEL S 90D 4DR SEDAN AWD,2016
tesla,model_s,MODEL S P85D 4DR SEDAN AWD,2015
tesla,model_s,MODEL S P90D 4DR SEDAN AWD,2016
tesla,model_x,MODEL X,2016
tesla,model_x,MODEL X 4DR SUV AWD,2017-2026
tesla,model_y,MODEL Y 4DR SUV,2025-2026
tesla,model_y,MODEL Y 4DR SUV AWD,2021-2024
tesla,model_y,MODEL Y 4DR SUV RWD,2021-2024
toyota,4runner,4 RUNNER BASE SR5 V6 4X4,1989
toyota,4runner,4 RUNNER BASE/SR5 4X4,1989
toyota,4runner,4 RUNNER DELUXE/SR5,1988
toyota,4runner,4 RUNNER SR5,1986
toyota,4runner,4 RUNNER SR5 2DR/4DR 4WD,1991-1993
toyota,4runner,4 RUNNER SR5 4DR 2WD,1991-1993
toyota,4runner,4 RUNNER SR5 PICK-UP,"1985,1987"
toyota,4runner,4 RUNNER SR5 V6 2DR/4DR 4WD,1991-1993
toyota,4runner,4RUNNER 4DR SUV,2025-2026
toyota,4runner,4RUNNER 4DR SUV 4WD /Limited V6,2004-2007
toyota,4runner,4RUNNER 4DR SUV 4WD /Limited V8,2004-2009
toyota,4runner,4RUNNER 4DR SUV 4WD /SR5 V6,2004-2009
toyota,4runner,4RUNNER 4DR SUV 4WD /SR5 V8,2004-2009
toyota,4runner,4RUNNER 4DR SUV 4WD BADLANDS,2002
toyota,4runner,4RUNNER 4DR SUV 4WD BASE,2001
toyota,4runner,4RUNNER 4DR SUV 4WD LIMITED V6,2010-2024
toyota,4runner,4RUNNER 4DR SUV 4WD LTD,2001-2002
toyota,4runner,4RUNNER 4DR SUV 4WD LTD V6,1998-2000
toyota,4runner,4RUNNER 4DR SUV 4WD SR5,"1998-1999,2001-2002"
toyota,4runner,4RUNNER 4DR SUV 4WD SR5 V6,"1998-2000,2010-2024"
toyota,4runner,4RUNNER 4DR SUV 4WD TRAIL EDITION V6,2010-2024
toyota,4runner,4RUNNER 4DR SUV SR5 4WD,1994-1997
toyota,4runner,4RUNNER 4DR SUV SR5 V6 4WD,1994-1997
toyota,4runner,4RUNNER 4DR SUV SR5 V6 4WD LTD,1996-1997
toyota,4runner,4RUNNER 4DR SUV SR5 V6 4WD W/TIRE PACKAGE,1994-1995
toyota,4runner,4RUNNER HYBRID 4DR SUV,2025-2026
toyota,4runner,4RUNNER Limited V6 4DR SUV 4WD,2003
toyota,4runner,4RUNNER Limited V8 4DR SUV 4WD,2003
toyota,4runner,4RUNNER SR5 2DR 4x4,1990
toyota,4runner,4RUNNER SR5 4DR 4x4,1990
toyota,4runner,4RUNNER SR5 V6 4DR SUV 4WD,2003
toyota,4runner,4RUNNER SR5 V6 4X4,1990
toyota,4runner,4RUNNER SR5 V8 4DR SUV 4WD,2003
toyota,86,86 2DR COUPE,2017-2021
toyota,avalon,AVALON 4DR SEDAN,2016-2023
toyota,avalon,AVALON 4DR SEDAN XL/XLS,1995-2009
toyota,avalon,AVALON 4DR SEDAN XLS,2010-2012
toyota,avalon,AVALON XLE/LIMITED 4DR SEDAN,2013-2015
toyota,bz,bZ 4DR SUV AWD,2026
toyota,bz,bZ 4DR SUV FWD,2026
toyota,bz4x,bZ4X L/LE EV 4DR SUV,2022-2025
toyota,bz4x,bZ4X XLE AWD EV 4DR SUV,2022-2025
toyota,bz_woodland,bZ WOODLAND 4DR WAGON,2026-2027
toyota,c_hr,C-HR 4DR SUV,2018-2024
toyota,c_hr,C-HR 4DR SUV AWD,2026-2027
toyota,c_hr,C-HR 4DR SUV FWD,2026-2027
toyota,camry,CAMRY 2DR COUPE BASE/LE,1994-1996
toyota,camry,CAMRY 2DR COUPE LE-V6,1994-1996
toyota,camry,CAMRY 4DR SEDAN,2016-2017
toyota,camry,CAMRY 4DR SEDAN /SE,2004-2006
toyota,camry,CAMRY 4DR SEDAN AWD,2025-2026
toyota,camry,CAMRY 4DR SEDAN BASE/LE,1994-1996
toyota,camry,CAMRY 4DR SEDAN CE,1998-2000
toyota,camry,CAMRY 4DR SEDAN CE V6,2001
toyota,camry,CAMRY 4DR SEDAN CE V6/LE,1999-2000
toyota,camry,CAMRY 4DR SEDAN CE/LE,"1997,2001"
toyota,camry,CAMRY 4DR SEDAN FWD,2025-2026
toyota,camry,CAMRY 4DR SEDAN FWD /SE,2007
toyota,camry,CAMRY 4DR SEDAN FWD LE /XLE,2007
toyota,camry,CAMRY 4DR SEDAN FWD LE V6/ XLE V6/SE V6,2007
toyota,camry,CAMRY 4DR SEDAN FWD LE V6/SE V6/XLE,2007
toyota,camry,CAMRY 4DR SEDAN FWD LE/SE,2007-2011
toyota,camry,CAMRY 4DR SEDAN FWD LEV6/SEV6/XLEV6,2008-2011
toyota,camry,CAMRY 4DR SEDAN L/LE,2018
toyota,camry,CAMRY 4DR SEDAN LE,2019-2024
toyota,camry,CAMRY 4DR SEDAN LE /XLE,2002-2006
toyota,camry,CAMRY 4DR SEDAN LE V6/ XLE V6/SE V6,2002-2006
toyota,camry,CAMRY 4DR SEDAN LE-V6,1994-1996
toyota,camry,CAMRY 4DR SEDAN LE/CE V6,1998
toyota,camry,CAMRY 4DR SEDAN SE/XSE/XLE,2018-2024
toyota,camry,CAMRY 4DR SEDAN V6 CE/XLE,1997
toyota,camry,CAMRY 4DR SEDAN XLE V6,1998-2001
toyota,camry,CAMRY 4DR SEDAN XSE V6/XLE V6,2018-2024
toyota,camry,CAMRY 4DR WAGON BASE/LE,1994-1996
toyota,camry,CAMRY 4DR WAGON LE-V6,1994-1996
toyota,camry,CAMRY BASE/LE 4 DR SEDAN,1992-1993
toyota,camry,CAMRY BASE/LE WAGON,1989-1991
toyota,camry,CAMRY BASE/LE/LE 4WD 4 DR SEDAN,1989-1991
toyota,camry,CAMRY DELUXE 4 DR SEDAN,1987
toyota,camry,CAMRY DELUXE WAGON,1987
toyota,camry,CAMRY DELUXE/LE WAGON,1988
toyota,camry,CAMRY DELUXE/LE/LE 4WD 4 DR SEDAN,1988
toyota,camry,CAMRY HYBRID 4DR SEDAN,2016-2017
toyota,camry,CAMRY HYBRID 4DR SEDAN FWD,2007-2011
toyota,camry,CAMRY HYBRID 4DR SEDAN LE,2018-2024
toyota,camry,CAMRY HYBRID 4DR SEDAN SE/XLE,2018-2024
toyota,camry,CAMRY LE 4 DR SEDAN,1987
toyota,camry,CAMRY LE HYBRID/XLE HYBRID 4DR SEDAN,2012-2014
toyota,camry,CAMRY LE LB,1983-1984
toyota,camry,CAMRY LE SD,1983-1984
toyota,camry,CAMRY LE WAGON,1987
toyota,camry,CAMRY LE/LE V6 4DR WAGON,1993
toyota,camry,CAMRY LE/SE/XLE 4DR SEDAN,2012-2014
toyota,camry,CAMRY LE/SE/XLE HYBRID 4DR SEDAN,2015
toyota,camry,CAMRY LE/SE/XLE/XSE 4DR SEDAN,2015
toyota,camry,CAMRY LIFTBACK LE,1985-1986
toyota,camry,CAMRY SE V6/XLE V6 4DR SEDAN,2012-2014
toyota,camry,CAMRY SEDAN LE,1985-1986
toyota,camry,CAMRY V6 4DR SEDAN,2016-2017
toyota,camry,CAMRY XSE V6/XLE V6 4DR SEDAN,2015
toyota,camry_solara,CAMRY SOLARA 2DR CONV,2004
toyota,camry_solara,CAMRY SOLARA 2DR CONVERTIBLE SLE-V6,2000-2002
toyota,camry_solara,CAMRY SOLARA 2DR COUPE FWD / SE,2004
toyota,camry_solara,CAMRY SOLARA 2DR COUPE FWD / SE V6/CLE V6,2004
toyota,camry_solara,CAMRY SOLARA 2DR COUPE SE/SE-V6,1999-2002
toyota,camry_solara,CAMRY SOLARA 2DR COUPE SLE V6,2002
toyota,camry_solara,CAMRY SOLARA SE 2DR COUPE,2003
toyota,camry_solara,CAMRY SOLARA SLE V6 2DR COUPE,2003
toyota,camry_solara,CAMRY SOLARA SLE-V62DR CONVERTIBLE,2003
toyota,celica,CELICA 2 DR CP,1982
toyota,celica,CELICA 2DR COUPE,1994
toyota,celica,CELICA 2DR LIFTBACK,1994-1995
toyota,celica,CELICA 2DR LIFTBACK GT,"1994-1998,2000-2005"
toyota,celica,CELICA 2DR LIFTBACK GT-S,1999-2005
toyota,celica,CELICA GT 2 DR COUPE,1987
toyota,celica,CELICA GT 2 DR HATCHBACK,1987
toyota,celica,CELICA GT COUPE,"1985-1986,1988"
toyota,celica,CELICA GT COUPE/ST COUPE,1989
toyota,celica,CELICA GT CP,1983-1984
toyota,celica,CELICA GT LB,1983-1984
toyota,celica,CELICA GT LIFTBACK,1988-1993
toyota,celica,CELICA GT LIIFTBACK,1981
toyota,celica,CELICA GT-S 4WD TURBO LIFTBACK,1990-1993
toyota,celica,CELICA GT-S LIFTBACK,1990-1993
toyota,celica,CELICA GT/ST 2DR COUPE,1990-1993
toyota,celica,CELICA GTS 2 DR COUPE,1987-1989
toyota,celica,CELICA GTS 2 DR HATCHBACK,1987
toyota,celica,CELICA GTS COUPE,1986
toyota,celica,CELICA GTS CP,1983-1984
toyota,celica,CELICA GTS LB,1983-1984
toyota,celica,CELICA GTS LFTBCK/4WD TURBO LFTBCK,1988
toyota,celica,CELICA GTS TURBO LIFTBACK,1989
toyota,celica,CELICA LIFTBACK,1982
toyota,celica,CELICA LIFTBACK GT,1985-1986
toyota,celica,CELICA LIFTBACK GTS,1985-1986
toyota,celica,CELICA ST. SPT. CP,1981
toyota,celica,CELICA SUPRA,1981
toyota,corolla,COROLLA 2 & 4 DR SD,1981
toyota,corolla,COROLLA 2 DR,1982
toyota,corolla,COROLLA 2 DR SD,1983
toyota,corolla,COROLLA 4 DR,1982
toyota,corolla,COROLLA 4 DR SD,1983
toyota,corolla,COROLLA 4DR SEDAN,2016-2019
toyota,corolla,COROLLA 4DR SEDAN BASE/DX/LE,1994-1996
toyota,corolla,COROLLA 4DR SEDAN CE/LE/S,2014-2015
toyota,corolla,COROLLA 4DR SEDAN CE/SPORT,2001-2002
toyota,corolla,COROLLA 4DR SEDAN FWD /XRS,2005-2006
toyota,corolla,COROLLA 4DR SEDAN FWD CE/LE/S,2011-2013
toyota,corolla,COROLLA 4DR SEDAN FWD CE/LE/S/XRS,2009-2010
toyota,corolla,COROLLA 4DR SEDAN FWD CE/SPORT/LE,2004-2008
toyota,corolla,COROLLA 4DR SEDAN FWD XRS,2011-2012
toyota,corolla,COROLLA 4DR SEDAN HYBRID,2020-2026
toyota,corolla,COROLLA 4DR SEDAN L/LE,2020-2026
toyota,corolla,COROLLA 4DR SEDAN LE,1998-2002
toyota,corolla,COROLLA 4DR SEDAN SD/DX,1997
toyota,corolla,COROLLA 4DR SEDAN SE/XLE/XSE,2020-2026
toyota,corolla,COROLLA 4DR SEDAN VE/CE,1998-2000
toyota,corolla,COROLLA 4DR WAGON,1995-1996
toyota,corolla,COROLLA 4WD SR5 WAGON,1989-1992
toyota,corolla,COROLLA 4WD WAGON,1990-1993
toyota,corolla,COROLLA 5DR HATCH,2019-2026
toyota,corolla,COROLLA BASE 4DR SEDAN,1990-1992
toyota,corolla,COROLLA BASE WAGON,1990-1992
toyota,corolla,COROLLA BASE/4WD/WAGON,1989
toyota,corolla,COROLLA BASE/LE/4WD SEDAN,1989
toyota,corolla,COROLLA CE/SPORT/LE 4DR SEDAN FWD,2003
toyota,corolla,COROLLA COUPE GT-S,1985-1986
toyota,corolla,COROLLA COUPE SR5,1985-1986
toyota,corolla,COROLLA DEL./LE LB,1983-1984
toyota,corolla,COROLLA DEL./LE SD,1984
toyota,corolla,COROLLA DELUXE 4 DR HATCHBACK,1987
toyota,corolla,COROLLA DELUXE 4 DR SEDAN,1987
toyota,corolla,COROLLA DELUXE WAGON,"1982,1988"
toyota,corolla,COROLLA GTS 2 DR COUPE,1987
toyota,corolla,COROLLA GTS 2 DR HATCHBACK,1987
toyota,corolla,COROLLA GTS/SR5 2 DR COUPE,1988
toyota,corolla,COROLLA HYBRID 4DR LE,2025-2026
toyota,corolla,COROLLA HYBRID 4DR LE AWD,2025-2026
toyota,corolla,COROLLA HYBRID 4DR SE/XSE AWD,2025-2026
toyota,corolla,COROLLA LE 4 DR HATCHBACK,1987
toyota,corolla,COROLLA LE 4 DR SEDAN,1987
toyota,corolla,COROLLA LE 4DR SEDAN,1991-1992
toyota,corolla,COROLLA LE/ DELUXE 4 DR SEDAN,1988
toyota,corolla,COROLLA LE/4WD 4DR SEDAN,1990
toyota,corolla,COROLLA LIFTBACK,1981-1983
toyota,corolla,COROLLA LIFTBACK DELUXE,1985-1986
toyota,corolla,COROLLA LIFTBACK GT-S,1985-1986
toyota,corolla,COROLLA LIFTBACK LE,1985-1986
toyota,corolla,COROLLA LIFTBACK SR5,1985-1986
toyota,corolla,COROLLA SEDAN DELUXE,1985-1986
toyota,corolla,COROLLA SEDAN LE,1985-1986
toyota,corolla,COROLLA SPIRIT CP,1981
toyota,corolla,COROLLA SPORT SR5/GT-S 2DR COUPE,1990-1991
toyota,corolla,COROLLA SPORT SR5/GTS COUPE,1989
toyota,corolla,COROLLA SR5,1982
toyota,corolla,COROLLA SR5 2 DR COUPE,1987
toyota,corolla,COROLLA SR5 2 DR HATCHBACK,1987
toyota,corolla,COROLLA SR5 CP,1983
toyota,corolla,COROLLA SR5 HB,1983
toyota,corolla,COROLLA SR5 SPT. CP,1982-1984
toyota,corolla,COROLLA SR5 SPT. LB,1983-1984
toyota,corolla,COROLLA STATION WAGON,1983
toyota,corolla,COROLLA WAGON,"1981,1993-1994"
toyota,corolla_cross,COROLLA CROSS 4DR SUV AWD,2022-2026
toyota,corolla_cross,COROLLA CROSS 4DR SUV FWD,2022-2026
toyota,corolla_cross,COROLLA CROSS HYBRID 4DR SUV,2025-2026
toyota,corolla_im,COROLLA iM 5DR HATCHBACK,2017-2018
toyota,corona,CORONA 5 DR,1982
toyota,corona,CORONA LIFTBACK,1981
toyota,corona,CORONA SD,1981
toyota,corona,CORONA WAGON,1981
toyota,cressida,CRESSIDA 4 DR SD,1982
toyota,cressida,CRESSIDA 4 DR SEDAN,1987-1989
toyota,cressida,CRESSIDA 4DR SEDAN,1990-1992
toyota,cressida,CRESSIDA SD,"1981,1983-1984"
toyota,cressida,CRESSIDA SEDAN,1985-1986
toyota,cressida,CRESSIDA WAGON,1981-1986
toyota,crown,CROWN 4DR SEDAN PLATINUM,2023-2026
toyota,crown,CROWN 4DR SEDAN XLE / LIMITED,2023-2026
toyota,crown_signia,CROWN SIGNIA 4DR WAGON,2025-2026
toyota,echo,ECHO 2DR COUPE,2000-2003
toyota,echo,ECHO 2DR HATCH FWD /CE,2005
toyota,echo,ECHO 4DR HATCH FWD /LE/RS,2005
toyota,echo,ECHO 4DR SEDAN,2000-2002
toyota,echo,ECHO 4DR SEDAN FWD,2003-2007
toyota,echo,ECHO HATCH FWD 3-DR,2004
toyota,echo,ECHO HATCH FWD 5-DR,2004
toyota,fj_cruiser,FJ CRUISER 2DR SUV 4WD,2007-2010
toyota,fj_cruiser,FJ CRUISER 2DR SUV 4WD /OFFROAD/ADVENTURE,2011
toyota,fj_cruiser,FJ CRUISER 2DR SUV 4WD /OFFROAD/URBAN/TRAIL T,2012-2014
toyota,gr86,GR86 3DR COUPE,2022-2026
toyota,gr_corolla,GR COROLLA 5DR HATCH,2023-2026
toyota,grand_highlander,GRAND HIGHLANDER 4DR SUV,2024-2026
toyota,grand_highlander,GRAND HIGHLANDER 4DR SUV HYBRID,2024-2026
toyota,grand_highlander,GRAND HIGHLANDER 4DR SUV PLATINUM MAX HYBRID,2024-2026
toyota,highlander,HIGHLANDER 4DR SUV 4WD,2011-2013
toyota,highlander,HIGHLANDER 4DR SUV 4WD /SR5/SPORT,2008-2010
toyota,highlander,HIGHLANDER 4DR SUV 4WD LIMITED,2008-2013
toyota,highlander,HIGHLANDER 4DR SUV 4WD V6,"2006-2007,2011-2013"
toyota,highlander,HIGHLANDER 4DR SUV 4WD/4WD V6,2004-2005
toyota,highlander,HIGHLANDER 4DR SUV AWD,2001-2003
toyota,highlander,HIGHLANDER 4DR SUV FWD,2001-2005
toyota,highlander,HIGHLANDER 4DR SUV L FWD,2020-2026
toyota,highlander,HIGHLANDER 4DR SUV LE/XLE AWD,2020-2026
toyota,highlander,HIGHLANDER 4DR SUV LE/XLE HYBRID AWD,2020-2026
toyota,highlander,HIGHLANDER 4DR SUV LIMITED AWD,2020-2026
toyota,highlander,HIGHLANDER 4DR SUV LIMITED HYBRID AWD,2020-2026
toyota,highlander,HIGHLANDER AWD 4DR SUV,2016-2019
toyota,highlander,HIGHLANDER FWD 4DR SUV,2016-2019
toyota,highlander,HIGHLANDER HYBRID 4DR SUV,2016-2019
toyota,highlander,HIGHLANDER HYBRID 4DR SUV 4WD BASE/LIMITED,2011
toyota,highlander,HIGHLANDER HYBRID 4DR SUV 4WD-i/LIMITED 4WD-i,2012-2013
toyota,highlander,HIGHLANDER HYBRID 4DR SUV FWD,2005-2007
toyota,highlander,HIGHLANDER HYBRID 4DR SUV FWD BASE,2008-2010
toyota,highlander,HIGHLANDER HYBRID 4DR SUV FWD LIMITED,2008-2010
toyota,highlander,HIGHLANDER HYBRID LE/XLE/LIMITED,2014-2015
toyota,highlander,HIGHLANDER LE FWD,2014-2015
toyota,highlander,HIGHLANDER LE/XLE/LIMITED AWD,2014-2015
toyota,land_cruiser,LAND CRUISER 4 DR,1982
toyota,land_cruiser,LAND CRUISER 4DR SUV,2024-2026
toyota,land_cruiser,LAND CRUISER HARDTOP,1981
toyota,land_cruiser,LANDCRUISER HARDTOP 2 DR,1985-1987
toyota,land_cruiser,LANDCRUISER HD,1984
toyota,land_cruiser,LANDCRUISER HT,1983
toyota,land_cruiser,LANDCRUISER WAGON,1983-1984
toyota,land_cruiser,LANDCRUISER WAGON 4 DR,1985-1988
toyota,land_cruiser,LANDCRUISER WAGON 4 DR 4X4,1989
toyota,mirai,MIRAI 4DR SEDAN,2021-2026
toyota,mr2,MR2,1985-1986
toyota,mr2,MR2 (2 DR COUPE),1987
toyota,mr2,MR2 BASE/SUPERCHARGED 2 DR COUPE,1988-1989
toyota,mr2,MR2/MR2 TURBO COUPE,1991-1993
toyota,paseo,PASEO 2DR COUPE,1994-1999
toyota,paseo,PASEO SPORT COUPE,1992-1993
toyota,pick_up,LONG BED DELUXE 4 X 4 PICK-UP,1986-1987
toyota,pick_up,LONG BED DIESEL DELUXE 4 X 4 PICK-UP,1985
toyota,pick_up,LONG BED DIESEL PICK-UP,1985
toyota,pick_up,LONG BED PICK-UP,1986-1987
toyota,pick_up,LONG BED SR5 4 X 4 PICK-UP,1985-1987
toyota,pick_up,LONG BED SR5 PICK-UP,1985-1987
toyota,pick_up,PICKUP,1981
toyota,pick_up,PICKUP LONGBED,1981
toyota,pick_up,STANDARD BED 4 X 4 PICK-UP,1985-1987
toyota,pick_up,STANDARD BED PICK-UP,1985-1987
toyota,pick_up,XTRACAB DELUXE/SR5 PICK-UP,1985-1986
toyota,pick_up,XTRACAB SR5 4 X 4 PICK-UP,1985-1987
toyota,pick_up,XTRACAB SR5 PICK-UP,1987
toyota,previa,PREVIA BASE 2WD WAGON,1993
toyota,previa,PREVIA BASE 2WD/LE 2WD WAGON,1990
toyota,previa,PREVIA BASE 4WD WAGON,1993
toyota,previa,PREVIA BASE 4WD/LE 4WD WAGON,1990
toyota,previa,PREVIA BASE/LE 2WD WAGON,"1991-1992,1994-1997"
toyota,previa,PREVIA BASE/LE 4WD WAGON,"1991-1992,1994-1997"
toyota,previa,PREVIA LE 2WD WAGON,1993
toyota,previa,PREVIA LE 4WD WAGON,1993
toyota,prius,PRIUS 4DR HATCH FWD,2004-2009
toyota,prius,PRIUS 4DR HATCH PREMIUM/TOURING/NAV,2010-2011
toyota,prius,PRIUS 4DR LIFTBACK,"2013-2015,2023-2026"
toyota,prius,PRIUS 4DR LIFTBACK PREMIUM/TOURING/NAV,2012
toyota,prius,PRIUS 4DR SEDAN,2001-2003
toyota,prius,PRIUS 5DR LIFTBACK,2016-2022
toyota,prius,PRIUS PHEV 4DR LIFTBACK,2024-2026
toyota,prius,PRIUS PLUG-IN HYBRID 4DR LIFTBACK,2013-2015
toyota,prius,PRIUS PRIME 5DR LIFTBACK,2019-2023
toyota,prius_c,PRIUS C /TECHNOLOGY 4DR HATCHBACK,2013-2015
toyota,prius_c,PRIUS C 4DR HATCHBACK/TECHNOLOGY,2012
toyota,prius_c,PRIUS C 5DR HATCHBACK,2016-2020
toyota,prius_v,PRIUS V 4DR HATCHBACK,2012-2015
toyota,prius_v,PRIUS V 5DR HATCHBACK,2016-2020
toyota,rav4,RAV4 2DR SUV 4WD,1998
toyota,rav4,RAV4 2DR SUV 4WD HARDTOP,1999-2000
toyota,rav4,RAV4 2DR SUV FWD,1997-1998
toyota,rav4,RAV4 2DR SUV FWD SOFTTOP,1999
toyota,rav4,RAV4 4DR SUV 4WD,1998-2000
toyota,rav4,RAV4 4DR SUV 4WD BASE/SPORT/LIMITED,2008-2009
toyota,rav4,RAV4 4DR SUV 4WD L4 BASE/SPORT/LIMITED,2010
toyota,rav4,RAV4 4DR SUV 4WD V6/SPORT V6/LIMITED V6,2008-2010
toyota,rav4,RAV4 4DR SUV AWD,"1997,2001-2005"
toyota,rav4,RAV4 4DR SUV AWD /LIMITED,2006-2007
toyota,rav4,RAV4 4DR SUV AWD V6 SPORT,2006-2007
toyota,rav4,RAV4 4DR SUV AWD V6/V6 LIMITED,2006-2007
toyota,rav4,RAV4 4DR SUV BASE 2WD,2011-2012
toyota,rav4,RAV4 4DR SUV BASE 4WD,2011-2012
toyota,rav4,RAV4 4DR SUV BASE V-6 4WD,2011-2012
toyota,rav4,RAV4 4DR SUV FWD,1997-1998
toyota,rav4,RAV4 4DR SUV SPORT 2WD/LIMITED 2WD,2011
toyota,rav4,RAV4 4DR SUV SPORT 4WD/LIMITED 4WD,2011-2012
toyota,rav4,RAV4 4DR SUV SPORT V6 4WD/LIMITED V6 4WD,2011-2012
toyota,rav4,RAV4 AWD 4DR SUV,2017-2018
toyota,rav4,RAV4 AWD LE / XLE 4DR SUV,2019-2025
toyota,rav4,RAV4 AWD TRAIL / LIMITED 4DR SUV,2019-2025
toyota,rav4,RAV4 FWD 4DR SUV,2017-2025
toyota,rav4,RAV4 HYBRID,2016-2018
toyota,rav4,RAV4 HYBRID 4DR SUV,2019-2025
toyota,rav4,RAV4 LE 4DR SUV,2026-2027
toyota,rav4,RAV4 LE AWD 4DR SUV,2013-2016
toyota,rav4,RAV4 LE FWD 4DR SUV,2013-2016
toyota,rav4,RAV4 WOODLAND 4DR SUV,2026-2027
toyota,rav4,RAV4 XLE FWD 4DR SUV,2013-2016
toyota,rav4,RAV4 XLE/LIMITED AWD 4DR SUV,2013-2015
toyota,rav4,RAV4 XLE/SE/LIMITED AWD 4DR SUV,2016
toyota,rav4,RAV4 XLE/XSE/LIMITED 4DR SUV,2026-2027
toyota,rav4_prime_phev,RAV4 PRIME PHEV 4DR SUV,2024-2025
toyota,sequoia,SEQUOIA 4DR SUV 4WD,2016-2026
toyota,sequoia,SEQUOIA 4DR SUV 4WD SR5/LIMITED/PLATINUM,2008-2015
toyota,sequoia,SEQUOIA 4DR SUV 4WD SR5/LTD,2001-2007
toyota,sienna,SIENNA 3DR CE,1999-2000
toyota,sienna,SIENNA 4DR CE/LE,1999-2002
toyota,sienna,SIENNA AWD /LE/XLE,2004-2007
toyota,sienna,SIENNA AWD V6,2017-2020
toyota,sienna,SIENNA AWD XLE AWD LIMITED,2008-2010
toyota,sienna,SIENNA BASE/LE FWD,2017-2020
toyota,sienna,SIENNA BASE/LE FWD V6,2011
toyota,sienna,SIENNA CARGO VAN,1998-1999
toyota,sienna,SIENNA CE/LE,1998
toyota,sienna,SIENNA CE/LE/XLE LIMITED 4DR VAN FWD,2003
toyota,sienna,SIENNA FWD  /CE/LE,2004-2007
toyota,sienna,SIENNA FWD CE/LE,2008-2010
toyota,sienna,SIENNA LE AWD,2011-2016
toyota,sienna,SIENNA LE FWD 4CYL,2011-2013
toyota,sienna,SIENNA LE/SE V6/XLE FWD,2014
toyota,sienna,SIENNA LE/SE/LIMITED FWD,2015-2016
toyota,sienna,SIENNA LIMITED AWD,2011
toyota,sienna,SIENNA MINIVAN AWD,2021-2026
toyota,sienna,SIENNA MINIVAN FWD,2021-2026
toyota,sienna,SIENNA SE/LIMITED FWD,2017-2020
toyota,sienna,SIENNA SE/XLE FWD V6,2011
toyota,sienna,SIENNA V6/LE V6/SE V6 FWD,2012-2013
toyota,sienna,SIENNA XLE AWD V6,2012-2016
toyota,sienna,SIENNA XLE FWD V6,2012-2013
toyota,starlet,STARLET,1981-1983
toyota,supra,GR SUPRA 2DR COUPE,2020-2026
toyota,supra,SUPRA,1982
toyota,supra,SUPRA 2 DR HATCHBACK,1987
toyota,supra,SUPRA 2DR HATCHBACK TURBO,1994-1995
toyota,supra,SUPRA BASE/TURBO,1989
toyota,supra,SUPRA BASE/TURBO 2 DR HATCHBACK,1988
toyota,supra,SUPRA BASE/TURBO 2DR COUPE,1990
toyota,supra,SUPRA GTS,1983-1986
toyota,supra,SUPRA TURBO 2 DR HATCHBACK,1987
toyota,supra,SUPRA TURBO 2DR COUPE,1991-1992
toyota,supra,SUPRA TURBO 2DR HATCH,1997
toyota,t100,T100 P/U REG CAB 2WD,1995-1997
toyota,t100,T100 P/U XTRACAB 2WD,1995-1998
toyota,t100,T100 P/U XTRACAB 4WD,1997-1998
toyota,t100,T100 P/U XTRACAB 4WD SR5,1997-1998
toyota,t100,T100 P/U XTRACAB SR5 4WD,1995-1996
toyota,t100,T100/SR5 2WD,1993
toyota,t100,T100/SR5 4WD,1993
toyota,tacoma,TACOMA ACCESS CAB L/BOX 4WD,2015-2023
toyota,tacoma,TACOMA ACCESS CAB L/BOX 4WD V-6,2015-2019
toyota,tacoma,TACOMA ACCESS CAB L/BOX RWD,2015-2019
toyota,tacoma,TACOMA ACCESS P/U EXT CAB S/BOX 4WD/V6,2005-2010
toyota,tacoma,TACOMA ACCESS P/U EXT CAB S/BOX RWD,2005-2010
toyota,tacoma,TACOMA DOUBLE CAB HYBRID,2024-2026
toyota,tacoma,TACOMA DOUBLE CAB L/BOX 2WD,2024
toyota,tacoma,TACOMA DOUBLE CAB L/BOX 4WD,2020-2026
toyota,tacoma,TACOMA DOUBLE CAB L/BOX 4WD (AUTO),2015-2019
toyota,tacoma,TACOMA DOUBLE CAB S/BOX 2WD,2024
toyota,tacoma,TACOMA DOUBLE CAB S/BOX 4WD,2020-2026
toyota,tacoma,TACOMA DOUBLE CAB S/BOX 4WD (MANUAL),2015-2019
toyota,tacoma,TACOMA DOUBLE P/U EXT CAB L/BOX 4WD (AUTO),2005-2014
toyota,tacoma,TACOMA DOUBLE P/U EXT CAB S/BOX 4WD (MANUAL),2005-2014
toyota,tacoma,TACOMA P/U 2WD DOUBLECAB PRERUNNER 3.4L V6,2001
toyota,tacoma,TACOMA P/U 2WD PRERUNNER DOUBLECAB V6,2003-2004
toyota,tacoma,TACOMA P/U 2WD PRERUNNER Doublecab V6,2002
toyota,tacoma,TACOMA P/U 2WD PRERUNNER V6,2002
toyota,tacoma,TACOMA P/U 2WD PRERUNNER XTRACAB 2.7L,2002-2004
toyota,tacoma,TACOMA P/U 2WD REGULAR CAB 2.4L,2000
toyota,tacoma,TACOMA P/U 2WD XTRACAB 2.4L,2000-2004
toyota,tacoma,TACOMA P/U 2WD XTRACAB PRERUNNER 2.7L,2000-2001
toyota,tacoma,TACOMA P/U 2WD XTRACAB PRERUNNER 3.4L V6,2000-2004
toyota,tacoma,TACOMA P/U 4WD DOUBLECAB 3.4L V6,2001-2004
toyota,tacoma,TACOMA P/U 4WD XTRACAB 2.7L,2000-2004
toyota,tacoma,TACOMA P/U 4WD XTRACAB 3.4L V6,2000-2004
toyota,tacoma,TACOMA P/U ACCESS CAB L/BOX 4WD,2011-2014
toyota,tacoma,TACOMA P/U ACCESS CAB L/BOX 4WD V-6,2011-2014
toyota,tacoma,TACOMA P/U ACCESS CAB L/BOX RWD,2011-2014
toyota,tacoma,TACOMA P/U REGULAR CAB 2WD,1995-1999
toyota,tacoma,TACOMA P/U REGULAR CAB 4WD,1995-1997
toyota,tacoma,TACOMA P/U XTRACAB 2WD,1995-1999
toyota,tacoma,TACOMA P/U XTRACAB 4WD,1995-1999
toyota,tacoma,TACOMA P/U XTRACAB 4WD SR5 V6,1998-1999
toyota,tacoma,TACOMA P/U XTRACAB 4WD V6,1997-1999
toyota,tacoma,TACOMA P/U XTRACAB 4WD V6 SR5,1997
toyota,tacoma,TACOMA P/U XTRACAB SR5 V6 4WD,1995-1996
toyota,tacoma,TACOMA P/U XTRACAB V6 4WD,1995-1996
toyota,tacoma,TACOMA PRERUNNER P/U EXT CAB L/BOX RWD,2005-2009
toyota,tacoma,TACOMA XTRA CAB L/BOX 2WD,2024
toyota,tacoma,TACOMA XTRA CAB L/BOX 4WD,2024-2026
toyota,tercel,TERCEL 2 DR LB STD,1983-1984
toyota,tercel,TERCEL 2 DR SD,1982
toyota,tercel,TERCEL 2DR COUPE CE,1997-1999
toyota,tercel,TERCEL 2DR COUPE S/DX,1994-1995
toyota,tercel,TERCEL 2DR COUPE SD/DX,1996
toyota,tercel,TERCEL 4 DR SD,1982
toyota,tercel,TERCEL 4DR SEDAN CE,1997-1999
toyota,tercel,TERCEL 4DR SEDAN DX,1994-1996
toyota,tercel,TERCEL DELUXE 2DR COUPE,1988-1990
toyota,tercel,TERCEL DELUXE 4 DR HATCHBACK,1987-1988
toyota,tercel,TERCEL DELUXE 4 DR LB,1983-1984
toyota,tercel,TERCEL DELUXE 4 DR LIFTBACK,1989-1990
toyota,tercel,TERCEL DELUXE WAG. 4WD,1983-1984
toyota,tercel,TERCEL DELUXE WAGON,1983-1984
toyota,tercel,TERCEL DELUXE/SR5 WAGON 4WD,1988
toyota,tercel,TERCEL DX/LE 4 DR SEDAN,1991-1993
toyota,tercel,TERCEL LIFTBACK,1981-1982
toyota,tercel,TERCEL LIFTBACK DELUXE 4 DR,1985-1986
toyota,tercel,TERCEL S/DX 2DR COUPE,1992-1993
toyota,tercel,TERCEL S/DX/LE 2DR COUPE,1991
toyota,tercel,TERCEL S/STANDARD/DELUXE 2 DR HATCHBACK,1988
toyota,tercel,TERCEL S/STANDARD/DELUXE 2 DR LIFTBACK,1989-1990
toyota,tercel,TERCEL SD 2 DR,1981
toyota,tercel,TERCEL SD 4 DR,1981
toyota,tercel,TERCEL SPECIAL,1985-1986
toyota,tercel,TERCEL SPECIAL 2 DR LB,1983-1984
toyota,tercel,TERCEL SR5,1985
toyota,tercel,TERCEL SR5 2 DR LB,1983-1984
toyota,tercel,TERCEL SR5 WAG. 4WD,1983-1984
toyota,tercel,TERCEL STANDARD,1985-1986
toyota,tercel,TERCEL STANDARD 2 DR HATCHBACK,1987
toyota,tercel,TERCEL WAGON 4 WD DELUXE,1985-1987
toyota,tercel,TERCEL WAGON 4 WD SR5,1985-1987
toyota,tercel,TERCEL WAGON FWD DELUXE,1985-1987
toyota,tundra,TUNDRA CREW MAX S/BOX 2WD 5.7 LTD,2007-2008
toyota,tundra,TUNDRA CREW MAX S/BOX 2WD 5.7 V8,2007-2008
toyota,tundra,TUNDRA CREW MAX S/BOX 2WD 5.7 V8 /LTD,2009-2011
toyota,tundra,TUNDRA CREW MAX S/BOX 4WD,2020-2021
toyota,tundra,TUNDRA CREW MAX S/BOX 4WD 5.7 V8,2007-2011
toyota,tundra,TUNDRA CREW MAX S/BOX 4WD 5.7 V8 LTD,2007-2011
toyota,tundra,TUNDRA CREW MAX S/BOX 4WD SR5/LIMITED,2012
toyota,tundra,TUNDRA CREW MAX S/BOX 4WD SR5/PLATINUM,2013-2019
toyota,tundra,TUNDRA CREWMAX HYBRID L/BOX,2025-2026
toyota,tundra,TUNDRA CREWMAX HYDRID M/BOX,2025-2026
toyota,tundra,TUNDRA CREWMAX L/BOX 4WD,2022-2026
toyota,tundra,TUNDRA CREWMAX M/BOX 4WD,2022-2026
toyota,tundra,TUNDRA DOUBLE CAB L/BOX 2WD,2020-2026
toyota,tundra,TUNDRA DOUBLE CAB L/BOX 2WD 5.7 V8 6A LONG,2007-2011
toyota,tundra,TUNDRA DOUBLE CAB L/BOX 2WD SR5,2012
toyota,tundra,TUNDRA DOUBLE CAB L/BOX 2WD SR5 5.7L,2013
toyota,tundra,TUNDRA DOUBLE CAB L/BOX 4WD,2012-2026
toyota,tundra,TUNDRA DOUBLE CAB L/BOX 4WD 4.7 V8 5A LONG,2007-2011
toyota,tundra,TUNDRA DOUBLE CAB L/BOX 4WD 5.7 V8 6A LONG,2007-2011
toyota,tundra,TUNDRA DOUBLE CAB M/BOX 2WD,2022-2026
toyota,tundra,TUNDRA DOUBLE CAB M/BOX 2WD 4.7 V8 5A STD,2007-2011
toyota,tundra,TUNDRA DOUBLE CAB M/BOX 2WD SR5,2012
toyota,tundra,TUNDRA DOUBLE CAB M/BOX 2WD SR5 4.6L,2013-2019
toyota,tundra,TUNDRA DOUBLE CAB M/BOX 4WD,2020-2026
toyota,tundra,TUNDRA DOUBLE CAB M/BOX 4WD 4.7 LTD,2007-2011
toyota,tundra,TUNDRA DOUBLE CAB M/BOX 4WD 4.7 V8 5A STD,2007-2011
toyota,tundra,TUNDRA DOUBLE CAB M/BOX 4WD 5.7 V8 6A STD,2007-2011
toyota,tundra,TUNDRA DOUBLE CAB M/BOX 4WD 5.7 V8 LTD,2007-2011
toyota,tundra,TUNDRA DOUBLE CAB M/BOX 4WD BASE/SR5/LIMITED,2012
toyota,tundra,TUNDRA DOUBLE CAB M/BOX 4WD SR5 4.6L/SR5 5.7/,2013-2019
toyota,tundra,TUNDRA P/U 2WD ACCESS CAB 4.7L V8,2000-2005
toyota,tundra,TUNDRA P/U 2WD DOUBLECAB,2004-2006
toyota,tundra,TUNDRA P/U 2WD REGULAR CAB 3.4L V6,2000-2005
toyota,tundra,TUNDRA P/U 2WD REGULAR CAB 4L V6,2006
toyota,tundra,TUNDRA P/U 4WD ACCESS CAB 3.4L V6,2000-2005
toyota,tundra,TUNDRA P/U 4WD ACCESS CAB 4.7L V8,2000
toyota,tundra,TUNDRA P/U 4WD ACCESS CAB 4.7L V8 BASE/LTD,2001-2006
toyota,tundra,TUNDRA P/U 4WD DOUBLECAB,2004-2006
toyota,tundra,TUNDRA P/U 4WD LIMITED DOUBLECAB,2004-2006
toyota,tundra,TUNDRA P/U 4WD REGULAR CAB 3.4L V6,2000
toyota,tundra,TUNDRA P/U 4WD REGULAR CAB 4.7L V8,2001-2006
toyota,tundra,TUNDRA REG CAB L/BOX 2WD,2012-2019
toyota,tundra,TUNDRA REG CAB L/BOX 2WD 4.7 V8,2007-2011
toyota,tundra,TUNDRA REG CAB L/BOX 2WD 5.7 V8,2007-2011
toyota,tundra,TUNDRA REG CAB L/BOX 4WD,2012-2019
toyota,tundra,TUNDRA REG CAB L/BOX 4WD 4.7 V8,2007-2011
toyota,tundra,TUNDRA REG CAB L/BOX 4WD 5.7 V8,2007-2011
toyota,tundra,TUNDRA REG CAB M/BOX 4WD,2012-2013
toyota,van,VAN DELUXE,1987
toyota,van,VAN LE,1984-1987
toyota,van,VAN LE 4X4,1987
toyota,venza,VENZA 4DR SUV,2021-2024
toyota,venza,VENZA 4DR SUV AWD,"2009-2010,2016-2017"
toyota,venza,VENZA 4DR SUV AWD /V6,2013
toyota,venza,VENZA 4DR SUV AWD 2.7/3.5,2011-2012
toyota,venza,VENZA 4DR SUV AWD I4/V6,2014-2015
toyota,venza,VENZA 4DR SUV AWD V6,2016-2017
toyota,venza,VENZA 4DR SUV FWD,"2009-2010,2016-2017"
toyota,venza,VENZA 4DR SUV FWD /V6,2013
toyota,venza,VENZA 4DR SUV FWD 2.7/3.5,2011-2012
toyota,venza,VENZA 4DR SUV FWD I4/V6,2014-2015
toyota,yaris,YARIS 2DR HATCH FWD CE,2010-2011
toyota,yaris,YARIS 2DR HATCH FWD CE RS,2006
toyota,yaris,YARIS 2DR HATCH FWD CE/RS,2007-2009
toyota,yaris,YARIS 3DR HATCHBACK,2016-2019
toyota,yaris,YARIS 3DR HATCHBACK CE,2012-2015
toyota,yaris,YARIS 4DR HATCH FWD LE/RS,2006-2011
toyota,yaris,YARIS 4DR SEDAN,2016-2019
toyota,yaris,YARIS 4DR SEDAN FWD,2007-2010
toyota,yaris,YARIS 4DR SEDAN FWD CE/LE/RS,2011-2012
toyota,yaris,YARIS 5DR HATCHBACK,2020-2024
toyota,yaris,YARIS 5DR HATCHBACK LE,2012-2014
toyota,yaris,YARIS 5DR HATCHBACK LE/SE,2015-2019
toyota,yaris,YARIS 5DR HATCHBACK SE,2012-2014
triumph,tr7,TR7,1981
triumph,tr8,TR8,1981
volvo,c30,C30 2DR HATCH T5,2011
volvo,c30,C30 2DR HATCH T5/R-DESIGN,2012-2013
volvo,c30,C30 4DR HATCH FWD 2.4i/T5,2007-2010
volvo,c40,C40 RECHARGE,2021-2024
volvo,c70,C70 2DR CONV FWD,2006-2007
volvo,c70,C70 2DR CONVERTIBLE,1998-1999
volvo,c70,C70 2DR CONVERTIBLE LPT/HPT,2000-2004
volvo,c70,C70 2DR COUPE,1997-1999
volvo,c70,C70 2DR COUPE HPT,2001-2002
volvo,c70,C70 2DR COUPE LPT/HPT,2000
volvo,c70,C70 T5 2DR CONV FWD,2008-2011
volvo,c70,C70 T5/PREMIER PLUS/PLATINUM 2DR CONV FWD,2012-2013
volvo,ec40,EC40 4DR SUV,2025-2026
volvo,ex30,EX30 4DR SUV SINGLE MOTOR,2024-2026
volvo,ex30,EX30 4DR SUV TWIN MOTOR,2024-2026
volvo,ex40,EX40 4DR SUV SINGLE MOTOR,2025-2026
volvo,ex40,EX40 4DR SUV TWIN MOTOR,2025-2026
volvo,ex60,EX60 4DR SUV SINGLE MOTOR,2026-2027
volvo,ex60,EX60 4DR SUV TWIN MOTOR,2026-2027
volvo,ex90,EX90 4DR SUV,2023
volvo,ex90,EX90 4DR SUV SINGLE MOTOR,2024-2026
volvo,ex90,EX90 4DR SUV TWIN MOTOR,2024-2026
volvo,s40,S40 2.4i 4DR SEDAN FWD,2008-2010
volvo,s40,S40 4DR SEDAN,2001-2004
volvo,s40,S40 4DR SEDAN AWD /T5,2005-2007
volvo,s40,S40 4DR SEDAN FWD /2.4i/T5,2005-2007
volvo,s40,S40 T5 4DR SEDAN FWD,2008-2011
volvo,s60,S60 4 DR SEDAN T5 FWD,2012-2014
volvo,s60,S60 4 DR SEDAN T6 AWD,2011
volvo,s60,S60 4 DR SEDAN T6 AWD/R-DESIGN,2012-2014
volvo,s60,S60 4DR SEDAN,"2001,2019-2020"
volvo,s60,S60 4DR SEDAN 2.4/ 2.4T/ T5,2003-2005
volvo,s60,S60 4DR SEDAN 2.4/2.4T/2.4T AWD/T5,2002
volvo,s60,S60 4DR SEDAN 2.5T/ T5,2006
volvo,s60,S60 4DR SEDAN AWD,"2003-2007,2021-2025"
volvo,s60,S60 4DR SEDAN FWD,2021-2025
volvo,s60,S60 4DR SEDAN FWD 2.5T/ T5,2007
volvo,s60,S60 4DR SEDAN FWD 2.5T/T5,2008-2009
volvo,s60,S60 4DR SEDAN T-5,2001
volvo,s60,S60 4DR SEDAN T5/T6 AWD,2015-2018
volvo,s60,S60 4DR SEDAN T5/T6 FWD,2015-2018
volvo,s60,S60 POLESTAR 4DR SEDAN,2021-2022
volvo,s60,S60 RECHARGE 4DR SEDAN,2021-2025
volvo,s60,S60R 4DR SEDAN AWD,2004-2007
volvo,s60_cross_country,S60 CROSS COUNTRY 4DR SEDAN,2016-2018
volvo,s70,S70 4DR SEDAN AWD,1999-2000
volvo,s70,S70 4DR SEDAN BASE/GLT,1998-2000
volvo,s70,S70 4DR SEDAN T-5,1998-2000
volvo,s80,S80 3.2 4DR SEDAN AWD 3.2L V6,2008-2009
volvo,s80,S80 3.2 4DR SEDAN FWD,2013-2014
volvo,s80,S80 3.2 4DR SEDAN FWD 3.2L I6,2010-2012
volvo,s80,S80 4DR SEDAN,1999-2003
volvo,s80,S80 4DR SEDAN AWD,2005-2006
volvo,s80,S80 4DR SEDAN AWD 3.2 V6,2007
volvo,s80,S80 4DR SEDAN AWD 4.4 V8,2007
volvo,s80,S80 4DR SEDAN FWD /2.9/AWD/T6,2004
volvo,s80,S80 4DR SEDAN FWD /T6,2005
volvo,s80,S80 4DR SEDAN T-6,1999-2003
volvo,s80,S80 4DR SEDAN T5 DRIVE-E FWD,2015-2016
volvo,s80,S80 4DR SEDAN T6 AWD,2015
volvo,s80,S80 T6 4DR SEDAN AWD,2013-2014
volvo,s80,S80 T6 4DR SEDAN AWD 3.0L I6,2010-2012
volvo,s80,S80 V8 4DR SEDAN AWD 4.4L V8,2008-2010
volvo,s90,S90 4DR SEDAN,1998
volvo,s90,S90 4DR SEDAN AWD,2021-2025
volvo,s90,S90 4DR SEDAN T5 AWD,2017-2020
volvo,s90,S90 4DR SEDAN T5 FWD,2017-2020
volvo,s90,S90 4DR SEDAN T6 AWD,2017-2020
volvo,s90,S90 4DR SEDAN T8 eAWD PHEV,2017-2020
volvo,s90,S90 RECHARGE 4DR SEDAN,2021-2025
volvo,v40,V40 4DR WAGON,2001-2004
volvo,v50,V50 4DR WAGON AWD /T5,2005-2007
volvo,v50,V50 4DR WAGON FWD /2.4i/T5,2005-2007
volvo,v50,V50 4DR WAGON FWD 2.4i/T5,2008-2011
volvo,v60,V60 4DR WAGON,2019-2020
volvo,v60,V60 4DR WAGON T5 AWD,2015-2018
volvo,v60,V60 4DR WAGON T5 DRIVE-E FWD,2015-2018
volvo,v60,V60 4DR WAGON T6 AWD,2015-2018
volvo,v60,V60 AWD 4DR WAGON,2023-2025
volvo,v60,V60 CROSS COUNTRY 4DR WAGON,2019-2026
volvo,v60,V60 CROSS COUNTRY 4DR WAGON T5 AWD,2015-2018
volvo,v60,V60 POLESTAR 4DR WAGON,2021-2022
volvo,v60,V60 RECHARGE 4DR WAGON,2021-2025
volvo,v60,V60 T5 4DR WAGON,2021-2022
volvo,v60,V60 T6 AWD 4DR WAGON,2021-2022
volvo,v70,V70 4DR WAGON,2001
volvo,v70,V70 4DR WAGON 2.4 /2.4T /T5,2003
volvo,v70,V70 4DR WAGON 2.4/2.4T/2.4T AWD/T5,2002
volvo,v70,V70 4DR WAGON AWD,2003
volvo,v70,V70 4DR WAGON AWD /2.5T AWD,2005-2007
volvo,v70,V70 4DR WAGON AWD /2.5T AWD/T5,2004
volvo,v70,V70 4DR WAGON AWD BASE/R,1999
volvo,v70,V70 4DR WAGON AWD R,2000
volvo,v70,V70 4DR WAGON AWD XC,1999-2000
volvo,v70,V70 4DR WAGON BASE/GLT,1998-2000
volvo,v70,V70 4DR WAGON BASE/R AWD,1998
volvo,v70,V70 4DR WAGON FWD /2.4 /2.5T /2.5T TITANIUM E,2004
volvo,v70,V70 4DR WAGON FWD /2.4 /2.5T /T5,2005-2007
volvo,v70,V70 4DR WAGON FWD /3.2,2008-2009
volvo,v70,V70 4DR WAGON FWD 3.2 I6,2010
volvo,v70,V70 4DR WAGON T-5,"1998-1999,2001"
volvo,v70,V70 4DR WAGON XC AWD,"1998,2001-2002"
volvo,v70,V70R 4DR WAGON AWD,2004-2007
volvo,v90,V90 4DR WAGON,"1998,2017-2022"
volvo,v90,V90 CROSS COUNTRY 4DR WAGON,2024-2026
volvo,v90,V90 CROSSCOUNTRY 4DR WAGON,2017-2022
volvo,xc40,XC40 4DR SUV,2019-2026
volvo,xc40,XC40 RECHARGE 4DR SUV,2021-2025
volvo,xc60,XC60 4DR 3.2 FWD/AWD SUV,2010-2011
volvo,xc60,XC60 4DR 3.2 FWD/PREMIER/PLATINUM FWD SUV,2012-2014
volvo,xc60,XC60 4DR SUV,2019-2026
volvo,xc60,XC60 4DR SUV T5 AWD,2018
volvo,xc60,XC60 4DR SUV T5 AWD/T6 AWD/T6 R-DESIGN AWD,2015-2017
volvo,xc60,XC60 4DR SUV T5 DRIVE-E/T6 DRIVE-E FWD,2015-2017
volvo,xc60,XC60 4DR SUV T6 AWD,2018
volvo,xc60,XC60 4DR SUV T8 AWD PHEV,2018
volvo,xc60,XC60 4DR T6 AWD SUV,2010-2011
volvo,xc60,XC60 4DR T6 AWD/PREMIER/PLATINUM/R-DESIGN AWD,2012-2014
volvo,xc60,XC60 PHEV 4DR SUV,2026
volvo,xc60,XC60 POLESTAR 4DR SUV,2021-2022
volvo,xc60,XC60 RECHARGE 4DR SUV,2021-2025
volvo,xc70,XC70 4DR WAGON AWD,2003-2009
volvo,xc70,XC70 4DR WAGON AWD 3.2/T6,2010-2011
volvo,xc70,XC70 4DR WAGON AWD 3.2/T6/PREMIER/PLATINUM,2012-2014
volvo,xc70,XC70 4DR WAGON T5 DRIVE-E FWD,2015-2016
volvo,xc70,XC70 4DR WAGON T6 AWD,2015-2016
volvo,xc90,XC 90 2.5T/T6,2003
volvo,xc90,XC 90 4DR SUV AWD /2.5T,2005-2006
volvo,xc90,XC 90 4DR SUV AWD /2.5T/T6,2004
volvo,xc90,XC 90 4DR SUV AWD /T6,2005
volvo,xc90,XC 90 4DR SUV AWD /V8,2005-2006
volvo,xc90,XC90 4DR SUV,2026
volvo,xc90,XC90 4DR SUV AWD,2023-2025
volvo,xc90,XC90 4DR SUV AWD 3.2,2007-2011
volvo,xc90,XC90 4DR SUV AWD 3.2/R-DESIGN/PREMIER/PLATINU,2012-2015
volvo,xc90,XC90 4DR SUV AWD T5,2017-2020
volvo,xc90,XC90 4DR SUV AWD T5 / T6,2021-2022
volvo,xc90,XC90 4DR SUV AWD T6,2016-2020
volvo,xc90,XC90 4DR SUV AWD T8 PHEV,2017-2020
volvo,xc90,XC90 4DR SUV AWD V8,2007-2010
volvo,xc90,XC90 4DR SUV FWD T5,2017-2020
volvo,xc90,XC90 PHEV 4DR SUV,2026
volvo,xc90,XC90 RECHARGE 4DR SUV,2021-2025
